# Converted from FlightGear/ArduPilot Rascal AC3D geometry
mtllib rascal.mtl
o Fuselage
v -0.0698500 -0.1062210 -0.0863600
v -0.0698500 0.1022730 -0.0863600
v -0.0063500 0.0371731 0.8153400
v -0.0063500 -0.0467241 0.8280400
v 0.0000000 -0.0493484 0.8218700
v -0.0040566 0.0427099 0.8153400
v 0.0000000 0.0480533 0.8153400
v 0.0040566 0.0427099 0.8153400
v 0.0063500 0.0371731 0.8153400
v 0.0063500 -0.0467241 0.8280400
v 0.0698500 0.1022730 -0.0863600
v 0.0698500 -0.1062210 -0.0863600
v -0.0490712 -0.1270000 -0.0863600
v 0.0490712 -0.1270000 -0.0863600
v -0.0578231 0.1143000 -0.0863600
v 0.0578231 0.1143000 -0.0863600
v 0.0698500 0.1022730 -0.3911600
v 0.0698500 -0.1189210 -0.3911600
v -0.0578231 0.1143000 -0.3911600
v 0.0578231 0.1143000 -0.3911600
v -0.0698500 -0.1189210 -0.3911600
v -0.0698500 0.1022730 -0.3911600
v 0.0490712 -0.1397000 -0.3911600
v -0.0490712 -0.1397000 -0.3911600
v 0.0698500 0.1213230 -0.4927600
v 0.0698500 -0.0000000 -0.4927600
v 0.0698500 -0.1189210 -0.4927600
v -0.0578231 0.1333500 -0.4927600
v -0.0385487 0.1333500 -0.4927600
v -0.0192744 0.1333500 -0.4927600
v 0.0000000 0.1333500 -0.4927600
v 0.0192744 0.1333500 -0.4927600
v 0.0385487 0.1333500 -0.4927600
v 0.0578231 0.1333500 -0.4927600
v -0.0698500 -0.1189210 -0.4927600
v -0.0698500 0.0000000 -0.4927600
v -0.0698500 0.1213230 -0.4927600
v 0.0490712 -0.1397000 -0.4927600
v -0.0490712 -0.1397000 -0.4927600
v 0.0698500 -0.0000000 -0.5943600
v 0.0698500 -0.1189210 -0.5943600
v 0.0490712 -0.1397000 -0.5943600
v -0.0490712 -0.1397000 -0.5943600
v 0.0490712 -0.1301200 -0.6943450
v 0.0458962 -0.1222370 -0.7340600
v -0.0458962 -0.1222370 -0.7340600
v -0.0490712 -0.1301200 -0.6943450
v -0.0698500 -0.1189210 -0.5943600
v -0.0698500 -0.1093410 -0.6943450
v -0.0698500 0.0000000 -0.6959600
v -0.0698500 0.0000000 -0.5943600
v 0.0698500 -0.0000000 -0.6959600
v 0.0698500 -0.1093410 -0.6943450
v 0.0578343 -0.0000000 -0.8401481
v 0.0576873 -0.0478251 -0.8419129
v 0.0603250 -0.0728837 -0.8102600
v 0.0603250 -0.0000000 -0.8102600
v 0.0591659 0.0114591 -0.8102600
v 0.0567231 0.0112162 -0.8401473
v 0.0534322 0.0220013 -0.8401450
v 0.0557330 0.0224779 -0.8102600
v 0.0501584 0.0326328 -0.8102600
v 0.0480879 0.0319411 -0.8401416
v -0.0685079 0.0123882 -0.6959600
v -0.0666750 0.0000000 -0.7340600
v -0.0653939 0.0120785 -0.7340600
v -0.0685079 0.0123882 -0.5943600
v 0.0645330 0.0243004 -0.5943600
v 0.0580782 0.0352787 -0.5943600
v 0.0580782 0.0352787 -0.6959600
v 0.0645330 0.0243004 -0.6959600
v 0.0493914 0.0449013 -0.5943600
v 0.0493914 0.0449013 -0.6959600
v 0.0388066 0.0527983 -0.5943600
v 0.0388066 0.0527983 -0.6959600
v 0.0685079 0.0123882 -0.5943600
v 0.0685079 0.0123882 -0.6959600
v 0.0267304 0.0586664 -0.5943600
v 0.0267304 0.0586664 -0.6959600
v 0.0136271 0.0622799 -0.5943600
v 0.0136271 0.0622799 -0.6959600
v 0.0000000 0.0635000 -0.5943600
v 0.0000000 0.0635000 -0.6959600
v -0.0136271 0.0622799 -0.5943600
v -0.0136271 0.0622799 -0.6959600
v -0.0267304 0.0586664 -0.5943600
v -0.0267304 0.0586664 -0.6959600
v -0.0388066 0.0527983 -0.5943600
v -0.0388066 0.0527983 -0.6959600
v -0.0493914 0.0449013 -0.5943600
v -0.0493914 0.0449013 -0.6959600
v -0.0580782 0.0352787 -0.5943600
v -0.0580782 0.0352787 -0.6959600
v -0.0645330 0.0243004 -0.5943600
v -0.0645330 0.0243004 -0.6959600
v -0.0615997 0.0236929 -0.7340600
v -0.0554382 0.0343967 -0.7340600
v -0.0471463 0.0437787 -0.7340600
v -0.0370426 0.0514784 -0.7340600
v -0.0255154 0.0571997 -0.7340600
v -0.0130076 0.0607229 -0.7340600
v 0.0000000 0.0619125 -0.7340600
v 0.0130076 0.0607229 -0.7340600
v 0.0255154 0.0571997 -0.7340600
v 0.0370426 0.0514784 -0.7340600
v 0.0471463 0.0437787 -0.7340600
v 0.0554382 0.0343967 -0.7340600
v 0.0685079 0.0123882 -0.5125810
v 0.0645330 0.0243004 -0.5316410
v 0.0580782 0.0352787 -0.5492060
v 0.0493914 0.0449013 -0.5646020
v 0.0388066 0.0527983 -0.5772370
v 0.0267304 0.0586664 -0.5866260
v 0.0136271 0.0622799 -0.5924080
v -0.0136271 0.0622799 -0.5924080
v -0.0267304 0.0586664 -0.5866260
v -0.0388066 0.0527983 -0.5772370
v -0.0493914 0.0449013 -0.5646020
v -0.0580782 0.0352787 -0.5492060
v -0.0645330 0.0243004 -0.5316410
v -0.0685079 0.0123882 -0.5125810
v -0.0666750 -0.1014590 -0.7340600
v -0.0675566 0.1078100 -0.0863600
v -0.0633599 0.1120070 -0.0863600
v 0.0633599 0.1120070 -0.0863600
v 0.0675566 0.1078100 -0.0863600
v 0.0633599 0.1120070 -0.3911600
v 0.0675566 0.1078100 -0.3911600
v -0.0675566 0.1078100 -0.3911600
v -0.0633599 0.1120070 -0.3911600
v 0.0633599 0.1310570 -0.4927600
v 0.0675566 0.1268600 -0.4927600
v -0.0675566 0.1268600 -0.4927600
v -0.0633599 0.1310570 -0.4927600
v -0.0586902 -0.1230160 -0.0863600
v -0.0658657 -0.1158400 -0.0863600
v 0.0658657 -0.1158400 -0.0863600
v 0.0586902 -0.1230160 -0.0863600
v 0.0658657 -0.1285400 -0.3911600
v 0.0586902 -0.1357160 -0.3911600
v -0.0586902 -0.1357160 -0.3911600
v -0.0658657 -0.1285400 -0.3911600
v 0.0658657 -0.1285400 -0.4927600
v 0.0586902 -0.1357160 -0.4927600
v -0.0586902 -0.1357160 -0.4927600
v -0.0658657 -0.1285400 -0.4927600
v 0.0658657 -0.1285400 -0.5943600
v 0.0586902 -0.1357160 -0.5943600
v -0.0586902 -0.1357160 -0.5943600
v -0.0658657 -0.1285400 -0.5943600
v 0.0586902 -0.1261350 -0.6943450
v 0.0658657 -0.1189600 -0.6943450
v 0.0626907 -0.1110780 -0.7340600
v 0.0555152 -0.1182530 -0.7340600
v -0.0465274 -0.0646196 -0.8419129
v -0.0537030 -0.0574441 -0.8419129
v -0.0563407 -0.0825027 -0.8102600
v -0.0491652 -0.0896782 -0.8102600
v -0.0586902 -0.1261350 -0.6943450
v -0.0658657 -0.1189600 -0.6943450
v -0.0369085 -0.0686039 -0.8419129
v -0.0395462 -0.0936625 -0.8102600
v 0.0537030 -0.0574441 -0.8419129
v 0.0563407 -0.0825027 -0.8102600
v -0.0626907 -0.1110780 -0.7340600
v 0.0427212 -0.1111250 -0.7721600
v 0.0395462 -0.0936625 -0.8102600
v -0.0427212 -0.1111250 -0.7721600
v 0.0635000 -0.0903462 -0.7721600
v 0.0666750 -0.1014590 -0.7340600
v 0.0666750 -0.0000000 -0.7340600
v 0.0635000 -0.0000000 -0.7721600
v 0.0653939 0.0120785 -0.7340600
v 0.0622799 0.0117688 -0.7721600
v 0.0586664 0.0230854 -0.7721600
v 0.0615997 0.0236929 -0.7340600
v 0.0527983 0.0335148 -0.7721600
v -0.0635000 0.0000000 -0.7721600
v -0.0603250 0.0000000 -0.8102600
v -0.0591659 0.0114591 -0.8102600
v -0.0622799 0.0117688 -0.7721600
v -0.0557330 0.0224779 -0.8102600
v -0.0586664 0.0230854 -0.7721600
v -0.0501584 0.0326328 -0.8102600
v -0.0527983 0.0335148 -0.7721600
v -0.0426562 0.0415337 -0.8102600
v -0.0449013 0.0426562 -0.7721600
v -0.0335148 0.0488384 -0.8102600
v -0.0352787 0.0501584 -0.7721600
v -0.0230854 0.0542664 -0.8102600
v -0.0243004 0.0557330 -0.7721600
v -0.0117688 0.0576089 -0.8102600
v -0.0123882 0.0591659 -0.7721600
v 0.0000000 0.0587375 -0.8102600
v 0.0000000 0.0603250 -0.7721600
v 0.0117688 0.0576089 -0.8102600
v 0.0123882 0.0591659 -0.7721600
v 0.0230854 0.0542664 -0.8102600
v 0.0243004 0.0557330 -0.7721600
v 0.0335148 0.0488384 -0.8102600
v 0.0352787 0.0501584 -0.7721600
v 0.0426562 0.0415337 -0.8102600
v 0.0449013 0.0426562 -0.7721600
v -0.0635000 -0.0903462 -0.7721600
v -0.0603250 -0.0728837 -0.8102600
v 0.0595157 -0.0999652 -0.7721600
v 0.0491652 -0.0896782 -0.8102600
v 0.0523402 -0.1071410 -0.7721600
v -0.0595157 -0.0999652 -0.7721600
v -0.0555152 -0.1182530 -0.7340600
v -0.0523402 -0.1071410 -0.7721600
v 0.0369085 -0.0686039 -0.8419129
v -0.0578343 0.0000000 -0.8401481
v -0.0567231 0.0112162 -0.8401473
v -0.0534322 0.0220013 -0.8401450
v -0.0480879 0.0319411 -0.8401416
v -0.0408957 0.0406534 -0.8401375
v -0.0321317 0.0478035 -0.8401334
v -0.0221328 0.0531165 -0.8401299
v -0.0112832 0.0563883 -0.8401276
v 0.0000000 0.0574930 -0.8401268
v 0.0112832 0.0563883 -0.8401276
v 0.0221328 0.0531165 -0.8401299
v 0.0321317 0.0478035 -0.8401334
v 0.0408957 0.0406534 -0.8401375
v -0.0576873 -0.0478251 -0.8419129
v 0.0465274 -0.0646196 -0.8419129
v 0.0347321 -0.0552597 -0.8483600
v 0.0413224 -0.0525299 -0.8483600
v 0.0461799 -0.0476724 -0.8483600
v 0.0489097 -0.0410821 -0.8483600
v 0.0489097 -0.0004048 -0.8483600
v 0.0479308 0.0095340 -0.8483600
v 0.0451498 0.0187017 -0.8483600
v 0.0406337 0.0271506 -0.8483600
v 0.0345562 0.0345562 -0.8483600
v 0.0271506 0.0406337 -0.8483600
v 0.0187017 0.0451498 -0.8483600
v 0.0095340 0.0479308 -0.8483600
v 0.0000000 0.0488698 -0.8483600
v -0.0095340 0.0479308 -0.8483600
v -0.0187017 0.0451498 -0.8483600
v -0.0271506 0.0406337 -0.8483600
v -0.0345562 0.0345562 -0.8483600
v -0.0406337 0.0271506 -0.8483600
v -0.0451498 0.0187017 -0.8483600
v -0.0479308 0.0095340 -0.8483600
v -0.0489097 -0.0004048 -0.8483600
v -0.0489097 -0.0410821 -0.8483600
v -0.0461799 -0.0476724 -0.8483600
v -0.0413224 -0.0525299 -0.8483600
v -0.0347321 -0.0552597 -0.8483600
v 0.0559901 -0.0000752 -0.8439182
v 0.0528198 -0.0002190 -0.8468353
v 0.0527067 -0.0427163 -0.8472260
v 0.0559964 -0.0452436 -0.8448097
v 0.0549089 0.0108859 -0.8439160
v 0.0517819 0.0102877 -0.8468369
v 0.0465426 0.0309960 -0.8439208
v 0.0439059 0.0293015 -0.8468278
v 0.0487807 0.0201813 -0.8468333
v 0.0517200 0.0213523 -0.8439179
v -0.0455804 -0.0613656 -0.8446668
v -0.0433988 -0.0562984 -0.8473689
v -0.0493080 -0.0505308 -0.8473162
v -0.0523380 -0.0544665 -0.8447195
v -0.0364342 -0.0652012 -0.8446454
v -0.0355076 -0.0595199 -0.8473903
v 0.0493080 -0.0505308 -0.8473162
v 0.0523380 -0.0544665 -0.8447195
v 0.0364342 -0.0652012 -0.8446454
v 0.0355076 -0.0595199 -0.8473903
v -0.0559901 -0.0000752 -0.8439182
v -0.0528198 -0.0002190 -0.8468353
v -0.0517819 0.0102877 -0.8468369
v -0.0549089 0.0108859 -0.8439160
v -0.0487807 0.0201813 -0.8468333
v -0.0517200 0.0213523 -0.8439179
v -0.0439059 0.0293015 -0.8468278
v -0.0465426 0.0309960 -0.8439208
v -0.0373433 0.0372980 -0.8468214
v -0.0395769 0.0394462 -0.8439243
v -0.0293440 0.0438628 -0.8468148
v -0.0310920 0.0463789 -0.8439279
v -0.0202146 0.0487426 -0.8468092
v -0.0214145 0.0515288 -0.8439310
v -0.0103060 0.0517483 -0.8468055
v -0.0109163 0.0546993 -0.8439331
v 0.0000000 0.0527634 -0.8468041
v 0.0000000 0.0557697 -0.8439338
v 0.0103060 0.0517483 -0.8468055
v 0.0109163 0.0546993 -0.8439331
v 0.0202146 0.0487426 -0.8468092
v 0.0214145 0.0515288 -0.8439310
v 0.0293440 0.0438628 -0.8468148
v 0.0310920 0.0463789 -0.8439279
v 0.0373433 0.0372980 -0.8468214
v 0.0395769 0.0394462 -0.8439243
v -0.0559964 -0.0452436 -0.8448097
v -0.0527067 -0.0427163 -0.8472260
v 0.0433988 -0.0562984 -0.8473689
v 0.0455804 -0.0613656 -0.8446668
vt 0.4623870 0.8344260
vt 0.4623870 0.6341980
vt 0.8977350 0.7107890
vt 0.9038660 0.7772880
vt 0.9008870 0.7707080
vt 0.9038660 0.7772880
vt 0.8977350 0.7107890
vt 0.8977350 0.7057200
vt 0.8977350 0.7008270
vt 0.8977350 0.7057200
vt 0.8977350 0.7107890
vt 0.9038660 0.7772880
vt 0.9038660 0.7772880
vt 0.8977350 0.7107890
vt 0.4623870 0.6341980
vt 0.4623870 0.8344260
vt 0.4618450 0.8504100
vt 0.9008870 0.7707080
vt 0.4618450 0.8504100
vt 0.4622480 0.6284660
vt 0.4622480 0.6284660
vt 0.8977350 0.7008270
vt 0.4623870 0.8344260
vt 0.4623870 0.6341980
vt 0.3152280 0.6341980
vt 0.3152280 0.8460680
vt 0.4622480 0.6284660
vt 0.4622480 0.6284660
vt 0.3152970 0.6244490
vt 0.3152970 0.6244490
vt 0.4623870 0.6341980
vt 0.4623870 0.8344260
vt 0.3152280 0.8460680
vt 0.3152280 0.6341980
vt 0.4618450 0.8504100
vt 0.4618450 0.8504100
vt 0.3152280 0.8572010
vt 0.3152280 0.8572010
vt 0.3152280 0.8460680
vt 0.3152280 0.6341980
vt 0.2661740 0.6159030
vt 0.2661740 0.7324160
vt 0.2661740 0.8460680
vt 0.3152970 0.6244490
vt 0.3152970 0.6244490
vt 0.2661050 0.6080930
vt 0.2661050 0.6080930
vt 0.2661050 0.6080930
vt 0.2661050 0.6080930
vt 0.2661050 0.6080930
vt 0.2661050 0.6080930
vt 0.2661050 0.6080930
vt 0.3152280 0.6341980
vt 0.3152280 0.8460680
vt 0.2661740 0.8460680
vt 0.2661740 0.7324160
vt 0.2661740 0.6159030
vt 0.3152280 0.8572010
vt 0.3152280 0.8572010
vt 0.2661740 0.8572010
vt 0.2661740 0.8572010
vt 0.2661740 0.8460680
vt 0.2661740 0.7324160
vt 0.2171210 0.7324160
vt 0.2171210 0.8460680
vt 0.2661740 0.8572010
vt 0.2661740 0.8572010
vt 0.2171210 0.8572010
vt 0.2171210 0.8572010
vt 0.1688480 0.8479190
vt 0.1496730 0.8416460
vt 0.1496730 0.8416460
vt 0.1688480 0.8479190
vt 0.2171210 0.8460680
vt 0.1688480 0.8313830
vt 0.1680680 0.7324160
vt 0.2171210 0.7324160
vt 0.2171210 0.8572010
vt 0.1688480 0.8479190
vt 0.1688480 0.8479190
vt 0.2171210 0.8572010
vt 0.2661740 0.7324160
vt 0.2661740 0.8460680
vt 0.2171210 0.8460680
vt 0.2171210 0.7324160
vt 0.1680680 0.7324160
vt 0.1688480 0.8313830
vt 0.2171210 0.8460680
vt 0.2171210 0.7324160
vt 0.0984157 0.7335290
vt 0.0980683 0.7725690
vt 0.1128830 0.8023700
vt 0.1128830 0.7324160
vt 0.0984157 0.7335290
vt 0.1128830 0.7324160
vt 0.1128830 0.7214110
vt 0.0984158 0.7243740
vt 0.0984163 0.7155700
vt 0.1128830 0.7108300
vt 0.1128830 0.7010770
vt 0.0984169 0.7074560
vt 0.1680680 0.7205190
vt 0.1680680 0.7324160
vt 0.1496730 0.7324160
vt 0.1496730 0.7208170
vt 0.2171210 0.7205190
vt 0.2171210 0.7324160
vt 0.1680680 0.7324160
vt 0.1680680 0.7205190
vt 0.2171210 0.7090790
vt 0.2171210 0.6985360
vt 0.1680680 0.6985360
vt 0.1680680 0.7090790
vt 0.2171210 0.6985360
vt 0.2171210 0.6892950
vt 0.1680680 0.6892950
vt 0.1680680 0.6985360
vt 0.2171210 0.6892950
vt 0.2171210 0.6817110
vt 0.1680680 0.6817110
vt 0.1680680 0.6892950
vt 0.2171210 0.7205190
vt 0.2171210 0.7090790
vt 0.1680680 0.7090790
vt 0.1680680 0.7205190
vt 0.1680680 0.7324160
vt 0.2171210 0.7324160
vt 0.2171210 0.7205190
vt 0.1680680 0.7205190
vt 0.2171210 0.6817110
vt 0.2171210 0.6760760
vt 0.1680680 0.6760760
vt 0.1680680 0.6817110
vt 0.2171210 0.6760760
vt 0.2171210 0.6726060
vt 0.1680680 0.6726060
vt 0.1680680 0.6760760
vt 0.2171210 0.6726060
vt 0.2177440 0.6725420
vt 0.1680680 0.6728190
vt 0.1680680 0.6726060
vt 0.2177440 0.6725420
vt 0.2171210 0.6726060
vt 0.1680680 0.6726060
vt 0.1680680 0.6728190
vt 0.2171210 0.6726060
vt 0.2171210 0.6760760
vt 0.1680680 0.6760760
vt 0.1680680 0.6726060
vt 0.2171210 0.6760760
vt 0.2171210 0.6817110
vt 0.1680680 0.6817110
vt 0.1680680 0.6760760
vt 0.2171210 0.6817110
vt 0.2171210 0.6892950
vt 0.1680680 0.6892950
vt 0.1680680 0.6817110
vt 0.2171210 0.6892950
vt 0.2171210 0.6985360
vt 0.1680680 0.6985360
vt 0.1680680 0.6892950
vt 0.2171210 0.6985360
vt 0.2171210 0.7090790
vt 0.1680680 0.7090790
vt 0.1680680 0.6985360
vt 0.2171210 0.7090790
vt 0.2171210 0.7205190
vt 0.1680680 0.7205190
vt 0.1680680 0.7090790
vt 0.1680680 0.7090790
vt 0.1680680 0.7205190
vt 0.1496730 0.7208170
vt 0.1496730 0.7096630
vt 0.1680680 0.6985360
vt 0.1680680 0.7090790
vt 0.1496730 0.7096630
vt 0.1496730 0.6993830
vt 0.1680680 0.6892950
vt 0.1680680 0.6985360
vt 0.1496730 0.6993830
vt 0.1496730 0.6903730
vt 0.1680680 0.6817110
vt 0.1680680 0.6892950
vt 0.1496730 0.6903730
vt 0.1496730 0.6829790
vt 0.1680680 0.6760760
vt 0.1680680 0.6817110
vt 0.1496730 0.6829790
vt 0.1496730 0.6774840
vt 0.1680680 0.6726060
vt 0.1680680 0.6760760
vt 0.1496730 0.6774840
vt 0.1496730 0.6758290
vt 0.1680680 0.6728190
vt 0.1680680 0.6726060
vt 0.1496730 0.6758290
vt 0.1496730 0.6749630
vt 0.1680680 0.6726060
vt 0.1680680 0.6728190
vt 0.1496730 0.6749630
vt 0.1496730 0.6758290
vt 0.1680680 0.6760760
vt 0.1680680 0.6726060
vt 0.1496730 0.6758290
vt 0.1496730 0.6774840
vt 0.1680680 0.6817110
vt 0.1680680 0.6760760
vt 0.1496730 0.6774840
vt 0.1496730 0.6829790
vt 0.1680680 0.6892950
vt 0.1680680 0.6817110
vt 0.1496730 0.6829790
vt 0.1496730 0.6903730
vt 0.1680680 0.6985360
vt 0.1680680 0.6892950
vt 0.1496730 0.6903730
vt 0.1496730 0.6993830
vt 0.0984163 0.7155700
vt 0.0984158 0.7243740
vt 0.1128830 0.7214110
vt 0.1128830 0.7108300
vt 0.2171210 0.7324160
vt 0.2661740 0.7324160
vt 0.2566050 0.7205190
vt 0.2171210 0.7205190
vt 0.2566050 0.7205190
vt 0.2474020 0.7090790
vt 0.2171210 0.7090790
vt 0.2171210 0.7205190
vt 0.2474020 0.7090790
vt 0.2389220 0.6985360
vt 0.2171210 0.6985360
vt 0.2171210 0.7090790
vt 0.2389220 0.6985360
vt 0.2314880 0.6892950
vt 0.2171210 0.6892950
vt 0.2171210 0.6985360
vt 0.2314880 0.6892950
vt 0.2253880 0.6817110
vt 0.2171210 0.6817110
vt 0.2171210 0.6892950
vt 0.2253880 0.6817110
vt 0.2208550 0.6760760
vt 0.2171210 0.6760760
vt 0.2171210 0.6817110
vt 0.2208550 0.6760760
vt 0.2180630 0.6726060
vt 0.2171210 0.6726060
vt 0.2171210 0.6760760
vt 0.2180630 0.6726060
vt 0.2177440 0.6725420
vt 0.2171210 0.6726060
vt 0.2177440 0.6725420
vt 0.2180630 0.6726060
vt 0.2171210 0.6726060
vt 0.2180630 0.6726060
vt 0.2208550 0.6760760
vt 0.2171210 0.6760760
vt 0.2171210 0.6726060
vt 0.2208550 0.6760760
vt 0.2253880 0.6817110
vt 0.2171210 0.6817110
vt 0.2171210 0.6760760
vt 0.2253880 0.6817110
vt 0.2314880 0.6892950
vt 0.2171210 0.6892950
vt 0.2171210 0.6817110
vt 0.2314880 0.6892950
vt 0.2389220 0.6985360
vt 0.2171210 0.6985360
vt 0.2171210 0.6892950
vt 0.2389220 0.6985360
vt 0.2474020 0.7090790
vt 0.2171210 0.7090790
vt 0.2171210 0.6985360
vt 0.2474020 0.7090790
vt 0.2566050 0.7205190
vt 0.2171210 0.7205190
vt 0.2171210 0.7090790
vt 0.2566050 0.7205190
vt 0.2661740 0.7324160
vt 0.2171210 0.7324160
vt 0.2171210 0.7205190
vt 0.1688480 0.8313830
vt 0.1496730 0.8251110
vt 0.1496730 0.7324160
vt 0.1680680 0.7324160
vt 0.2661050 0.6080930
vt 0.2661050 0.6080930
vt 0.2180630 0.6726060
vt 0.2177440 0.6725420
vt 0.4622480 0.6346990
vt 0.4622480 0.6306680
vt 0.8977350 0.7008270
vt 0.8977350 0.7057200
vt 0.8977350 0.7057200
vt 0.8977350 0.7008270
vt 0.4622480 0.6306680
vt 0.4622480 0.6346990
vt 0.4622480 0.6346990
vt 0.4622480 0.6306680
vt 0.3152970 0.6266510
vt 0.3152280 0.6288810
vt 0.4622480 0.6306680
vt 0.4622480 0.6346990
vt 0.3152280 0.6288810
vt 0.3152970 0.6266510
vt 0.3152280 0.6288810
vt 0.3152970 0.6266510
vt 0.2661050 0.6102950
vt 0.2661740 0.6105860
vt 0.3152970 0.6266510
vt 0.3152280 0.6288810
vt 0.2661740 0.6105860
vt 0.2661050 0.6102950
vt 0.4623870 0.6341980
vt 0.4622480 0.6346990
vt 0.8977350 0.7057200
vt 0.8977350 0.7107890
vt 0.8977350 0.7107890
vt 0.8977350 0.7057200
vt 0.4622480 0.6346990
vt 0.4623870 0.6341980
vt 0.4622480 0.6284660
vt 0.4622480 0.6306680
vt 0.8977350 0.7008270
vt 0.8977350 0.7008270
vt 0.4622480 0.6306680
vt 0.4622480 0.6284660
vt 0.4623870 0.6341980
vt 0.4622480 0.6346990
vt 0.3152280 0.6288810
vt 0.3152280 0.6341980
vt 0.4622480 0.6284660
vt 0.4622480 0.6306680
vt 0.3152970 0.6266510
vt 0.3152970 0.6244490
vt 0.3152970 0.6244490
vt 0.3152970 0.6266510
vt 0.4622480 0.6306680
vt 0.4622480 0.6284660
vt 0.3152280 0.6341980
vt 0.3152280 0.6288810
vt 0.4622480 0.6346990
vt 0.4623870 0.6341980
vt 0.3152280 0.6341980
vt 0.3152280 0.6288810
vt 0.2661740 0.6105860
vt 0.2661740 0.6159030
vt 0.3152970 0.6244490
vt 0.3152970 0.6266510
vt 0.2661050 0.6102950
vt 0.2661050 0.6080930
vt 0.2661050 0.6080930
vt 0.2661050 0.6102950
vt 0.3152970 0.6266510
vt 0.3152970 0.6244490
vt 0.2661740 0.6159030
vt 0.2661740 0.6105860
vt 0.3152280 0.6288810
vt 0.3152280 0.6341980
vt 0.9008870 0.7707080
vt 0.4618450 0.8458610
vt 0.4623870 0.8436630
vt 0.4623870 0.8436630
vt 0.4618450 0.8458610
vt 0.9008870 0.7707080
vt 0.3152280 0.8512220
vt 0.3152280 0.8550660
vt 0.4618450 0.8458610
vt 0.4623870 0.8436630
vt 0.4623870 0.8436630
vt 0.4618450 0.8458610
vt 0.3152280 0.8550660
vt 0.3152280 0.8512220
vt 0.2661740 0.8512220
vt 0.2661740 0.8550660
vt 0.3152280 0.8550660
vt 0.3152280 0.8512220
vt 0.3152280 0.8512220
vt 0.3152280 0.8550660
vt 0.2661740 0.8550660
vt 0.2661740 0.8512220
vt 0.2171210 0.8512220
vt 0.2171210 0.8550660
vt 0.2661740 0.8550660
vt 0.2661740 0.8512220
vt 0.2171210 0.8550660
vt 0.2171210 0.8512220
vt 0.2661740 0.8512220
vt 0.2661740 0.8550660
vt 0.1688480 0.8447480
vt 0.1688480 0.8390380
vt 0.1496730 0.8327650
vt 0.1496730 0.8384750
vt 0.0980683 0.7862790
vt 0.0980683 0.7804210
vt 0.1128830 0.8100250
vt 0.1128830 0.8157360
vt 0.2171210 0.8512220
vt 0.2171210 0.8550660
vt 0.1688480 0.8447480
vt 0.1688480 0.8390380
vt 0.2171210 0.8550660
vt 0.2171210 0.8512220
vt 0.1688480 0.8390380
vt 0.1688480 0.8447480
vt 0.9038660 0.7772880
vt 0.9008870 0.7707080
vt 0.4623870 0.8436630
vt 0.4623870 0.8344260
vt 0.4623870 0.8344260
vt 0.4623870 0.8436630
vt 0.9008870 0.7707080
vt 0.9038660 0.7772880
vt 0.4618450 0.8504100
vt 0.4618450 0.8458610
vt 0.9008870 0.7707080
vt 0.9008870 0.7707080
vt 0.4618450 0.8458610
vt 0.4618450 0.8504100
vt 0.3152280 0.8460680
vt 0.3152280 0.8512220
vt 0.4623870 0.8436630
vt 0.4623870 0.8344260
vt 0.4623870 0.8344260
vt 0.4623870 0.8436630
vt 0.3152280 0.8512220
vt 0.3152280 0.8460680
vt 0.4618450 0.8504100
vt 0.4618450 0.8458610
vt 0.3152280 0.8550660
vt 0.3152280 0.8572010
vt 0.3152280 0.8572010
vt 0.3152280 0.8550660
vt 0.4618450 0.8458610
vt 0.4618450 0.8504100
vt 0.2661740 0.8460680
vt 0.2661740 0.8512220
vt 0.3152280 0.8512220
vt 0.3152280 0.8460680
vt 0.3152280 0.8460680
vt 0.3152280 0.8512220
vt 0.2661740 0.8512220
vt 0.2661740 0.8460680
vt 0.3152280 0.8572010
vt 0.3152280 0.8550660
vt 0.2661740 0.8550660
vt 0.2661740 0.8572010
vt 0.2661740 0.8572010
vt 0.2661740 0.8550660
vt 0.3152280 0.8550660
vt 0.3152280 0.8572010
vt 0.2171210 0.8460680
vt 0.2171210 0.8512220
vt 0.2661740 0.8512220
vt 0.2661740 0.8460680
vt 0.2661740 0.8572010
vt 0.2661740 0.8550660
vt 0.2171210 0.8550660
vt 0.2171210 0.8572010
vt 0.2171210 0.8572010
vt 0.2171210 0.8550660
vt 0.2661740 0.8550660
vt 0.2661740 0.8572010
vt 0.1688480 0.8479190
vt 0.1688480 0.8447480
vt 0.1496730 0.8384750
vt 0.1496730 0.8416460
vt 0.0980683 0.7895310
vt 0.0980683 0.7862790
vt 0.1128830 0.8157360
vt 0.1128830 0.8189060
vt 0.2171210 0.8460680
vt 0.2171210 0.8512220
vt 0.1688480 0.8390380
vt 0.1688480 0.8313830
vt 0.2171210 0.8572010
vt 0.2171210 0.8550660
vt 0.1688480 0.8447480
vt 0.1688480 0.8479190
vt 0.1688480 0.8479190
vt 0.1688480 0.8447480
vt 0.2171210 0.8550660
vt 0.2171210 0.8572010
vt 0.2661740 0.8460680
vt 0.2661740 0.8512220
vt 0.2171210 0.8512220
vt 0.2171210 0.8460680
vt 0.1688480 0.8313830
vt 0.1688480 0.8390380
vt 0.2171210 0.8512220
vt 0.2171210 0.8460680
vt 0.0980683 0.7725690
vt 0.0980683 0.7804210
vt 0.1128830 0.8100250
vt 0.1128830 0.8023700
vt 0.1688480 0.8313830
vt 0.1688480 0.8390380
vt 0.1496730 0.8327650
vt 0.1496730 0.8251110
vt 0.1312780 0.8328030
vt 0.1128830 0.8189060
vt 0.1128830 0.8189060
vt 0.1312780 0.8328030
vt 0.1312780 0.8162670
vt 0.1496730 0.8251110
vt 0.1496730 0.7324160
vt 0.1312780 0.7324160
vt 0.1312780 0.7324160
vt 0.1496730 0.7324160
vt 0.1496730 0.7208170
vt 0.1312780 0.7211140
vt 0.1312780 0.7102460
vt 0.1496730 0.7096630
vt 0.1496730 0.6993830
vt 0.1312780 0.7002300
vt 0.1312780 0.7324160
vt 0.1128830 0.7324160
vt 0.1128830 0.7214110
vt 0.1312780 0.7211140
vt 0.1312780 0.7211140
vt 0.1128830 0.7214110
vt 0.1128830 0.7108300
vt 0.1312780 0.7102460
vt 0.1312780 0.7102460
vt 0.1128830 0.7108300
vt 0.1128830 0.7010770
vt 0.1312780 0.7002300
vt 0.1312780 0.7002300
vt 0.1128830 0.7010770
vt 0.1128830 0.6925290
vt 0.1312780 0.6914510
vt 0.1312780 0.6914510
vt 0.1128830 0.6925290
vt 0.1128830 0.6855140
vt 0.1312780 0.6842470
vt 0.1312780 0.6842470
vt 0.1128830 0.6855140
vt 0.1128830 0.6803010
vt 0.1312780 0.6788930
vt 0.1312780 0.6788930
vt 0.1128830 0.6803010
vt 0.1126750 0.6799980
vt 0.1312780 0.6769080
vt 0.1312780 0.6769080
vt 0.1126750 0.6799980
vt 0.1126750 0.6790540
vt 0.1312780 0.6775960
vt 0.1312780 0.6775960
vt 0.1126750 0.6790540
vt 0.1126750 0.6799980
vt 0.1312780 0.6769080
vt 0.1312780 0.6769080
vt 0.1126750 0.6799980
vt 0.1128830 0.6803010
vt 0.1312780 0.6788930
vt 0.1312780 0.6788930
vt 0.1128830 0.6803010
vt 0.1128830 0.6855140
vt 0.1312780 0.6842470
vt 0.1312780 0.6842470
vt 0.1128830 0.6855140
vt 0.1128830 0.6925290
vt 0.1312780 0.6914510
vt 0.1312780 0.6914510
vt 0.1128830 0.6925290
vt 0.1128830 0.7010770
vt 0.1312780 0.7002300
vt 0.1312780 0.7211140
vt 0.1496730 0.7208170
vt 0.1496730 0.7096630
vt 0.1312780 0.7102460
vt 0.1312780 0.8162670
vt 0.1128830 0.8023700
vt 0.1128830 0.7324160
vt 0.1312780 0.7324160
vt 0.1312780 0.8239220
vt 0.1128830 0.8100250
vt 0.1128830 0.8157360
vt 0.1312780 0.8296320
vt 0.1312780 0.8239220
vt 0.1496730 0.8327650
vt 0.1496730 0.8384750
vt 0.1312780 0.8296320
vt 0.1312780 0.8296320
vt 0.1128830 0.8157360
vt 0.1128830 0.8189060
vt 0.1312780 0.8328030
vt 0.1312780 0.8296320
vt 0.1496730 0.8384750
vt 0.1496730 0.8416460
vt 0.1312780 0.8328030
vt 0.1312780 0.8239220
vt 0.1496730 0.8327650
vt 0.1496730 0.8251110
vt 0.1312780 0.8162670
vt 0.1312780 0.8239220
vt 0.1128830 0.8100250
vt 0.1128830 0.8023700
vt 0.1312780 0.8162670
vt 0.1128830 0.8023700
vt 0.1312780 0.8162670
vt 0.1312780 0.7324160
vt 0.1128830 0.7324160
vt 0.1128830 0.7324160
vt 0.1312780 0.7324160
vt 0.1312780 0.7211140
vt 0.1128830 0.7214110
vt 0.1128830 0.7108300
vt 0.1312780 0.7102460
vt 0.1312780 0.7002300
vt 0.1128830 0.7010770
vt 0.1128830 0.7214110
vt 0.1312780 0.7211140
vt 0.1312780 0.7102460
vt 0.1128830 0.7108300
vt 0.1128830 0.8100250
vt 0.1312780 0.8239220
vt 0.1312780 0.8296320
vt 0.1128830 0.8157360
vt 0.1128830 0.8157360
vt 0.1312780 0.8296320
vt 0.1312780 0.8328030
vt 0.1128830 0.8189060
vt 0.1128830 0.8100250
vt 0.1312780 0.8239220
vt 0.1312780 0.8162670
vt 0.1128830 0.8023700
vt 0.1128830 0.8189060
vt 0.0980683 0.7895310
vt 0.0980683 0.7895310
vt 0.1128830 0.8189060
vt 0.1128830 0.7324160
vt 0.0984157 0.7335290
vt 0.0984158 0.7243740
vt 0.1128830 0.7214110
vt 0.1128830 0.7214110
vt 0.0984158 0.7243740
vt 0.0984163 0.7155700
vt 0.1128830 0.7108300
vt 0.1128830 0.7108300
vt 0.0984163 0.7155700
vt 0.0984169 0.7074560
vt 0.1128830 0.7010770
vt 0.1128830 0.7010770
vt 0.0984169 0.7074560
vt 0.0984177 0.7003440
vt 0.1128830 0.6925290
vt 0.1128830 0.6925290
vt 0.0984177 0.7003440
vt 0.0984185 0.6945070
vt 0.1128830 0.6855140
vt 0.1128830 0.6855140
vt 0.0984185 0.6945070
vt 0.0984192 0.6901710
vt 0.1128830 0.6803010
vt 0.1128830 0.6803010
vt 0.0984192 0.6901710
vt 0.0984197 0.6875000
vt 0.1126750 0.6799980
vt 0.1126750 0.6799980
vt 0.0984197 0.6875000
vt 0.0984199 0.6865980
vt 0.1126750 0.6790540
vt 0.1126750 0.6790540
vt 0.0984199 0.6865980
vt 0.0984197 0.6875000
vt 0.1126750 0.6799980
vt 0.1126750 0.6799980
vt 0.0984197 0.6875000
vt 0.0984192 0.6901710
vt 0.1128830 0.6803010
vt 0.1128830 0.6803010
vt 0.0984192 0.6901710
vt 0.0984185 0.6945070
vt 0.1128830 0.6855140
vt 0.1128830 0.6855140
vt 0.0984185 0.6945070
vt 0.0984177 0.7003440
vt 0.1128830 0.6925290
vt 0.1128830 0.6925290
vt 0.0984177 0.7003440
vt 0.0984169 0.7074560
vt 0.1128830 0.7010770
vt 0.1128830 0.8023700
vt 0.0980683 0.7725690
vt 0.0984157 0.7335290
vt 0.1128830 0.7324160
vt 0.1128830 0.8100250
vt 0.0980683 0.7804210
vt 0.0980683 0.7862790
vt 0.1128830 0.8157360
vt 0.1128830 0.8157360
vt 0.0980683 0.7862790
vt 0.0980683 0.7895310
vt 0.1128830 0.8189060
vt 0.1128830 0.8100250
vt 0.0980683 0.7804210
vt 0.0980683 0.7725690
vt 0.1128830 0.8023700
vt 0.1496730 0.8416460
vt 0.1312780 0.8328030
vt 0.1312780 0.8328030
vt 0.1496730 0.8416460
vt 0.1496730 0.7324160
vt 0.1312780 0.7324160
vt 0.1312780 0.7211140
vt 0.1496730 0.7208170
vt 0.1496730 0.7208170
vt 0.1312780 0.7211140
vt 0.1312780 0.7102460
vt 0.1496730 0.7096630
vt 0.1496730 0.7096630
vt 0.1312780 0.7102460
vt 0.1312780 0.7002300
vt 0.1496730 0.6993830
vt 0.1496730 0.6993830
vt 0.1312780 0.7002300
vt 0.1312780 0.6914510
vt 0.1496730 0.6903730
vt 0.1496730 0.6903730
vt 0.1312780 0.6914510
vt 0.1312780 0.6842470
vt 0.1496730 0.6829790
vt 0.1496730 0.6829790
vt 0.1312780 0.6842470
vt 0.1312780 0.6788930
vt 0.1496730 0.6774840
vt 0.1496730 0.6774840
vt 0.1312780 0.6788930
vt 0.1312780 0.6769080
vt 0.1496730 0.6758290
vt 0.1496730 0.6758290
vt 0.1312780 0.6769080
vt 0.1312780 0.6775960
vt 0.1496730 0.6749630
vt 0.1496730 0.6749630
vt 0.1312780 0.6775960
vt 0.1312780 0.6769080
vt 0.1496730 0.6758290
vt 0.1496730 0.6758290
vt 0.1312780 0.6769080
vt 0.1312780 0.6788930
vt 0.1496730 0.6774840
vt 0.1496730 0.6774840
vt 0.1312780 0.6788930
vt 0.1312780 0.6842470
vt 0.1496730 0.6829790
vt 0.1496730 0.6829790
vt 0.1312780 0.6842470
vt 0.1312780 0.6914510
vt 0.1496730 0.6903730
vt 0.1496730 0.6903730
vt 0.1312780 0.6914510
vt 0.1312780 0.7002300
vt 0.1496730 0.6993830
vt 0.1496730 0.8251110
vt 0.1312780 0.8162670
vt 0.1312780 0.7324160
vt 0.1496730 0.7324160
vt 0.1496730 0.8327650
vt 0.1312780 0.8239220
vt 0.1312780 0.8296320
vt 0.1496730 0.8384750
vt 0.1496730 0.8384750
vt 0.1312780 0.8296320
vt 0.1312780 0.8328030
vt 0.1496730 0.8416460
vt 0.1496730 0.8327650
vt 0.1312780 0.8239220
vt 0.1312780 0.8162670
vt 0.1496730 0.8251110
vt 0.1496730 0.8251110
vt 0.1688480 0.8313830
vt 0.1680680 0.7324160
vt 0.1496730 0.7324160
vt 0.1496730 0.7324160
vt 0.1680680 0.7324160
vt 0.1680680 0.7205190
vt 0.1496730 0.7208170
vt 0.1496730 0.7096630
vt 0.1680680 0.7090790
vt 0.1680680 0.6985360
vt 0.1496730 0.6993830
vt 0.1496730 0.7208170
vt 0.1680680 0.7205190
vt 0.1680680 0.7090790
vt 0.1496730 0.7096630
vt 0.1496730 0.8327650
vt 0.1688480 0.8390380
vt 0.1688480 0.8447480
vt 0.1496730 0.8384750
vt 0.1496730 0.8384750
vt 0.1688480 0.8447480
vt 0.1688480 0.8479190
vt 0.1496730 0.8416460
vt 0.1496730 0.8327650
vt 0.1688480 0.8390380
vt 0.1688480 0.8313830
vt 0.1496730 0.8251110
vt 0.2661050 0.6080930
vt 0.2661050 0.6080930
vt 0.2177440 0.6725420
vt 0.2180630 0.6726060
vt 0.2661050 0.6080930
vt 0.2208550 0.6760760
vt 0.2253880 0.6817110
vt 0.2661050 0.6080930
vt 0.2661050 0.6080930
vt 0.2208550 0.6760760
vt 0.2180630 0.6726060
vt 0.2661050 0.6080930
vt 0.2661050 0.6080930
vt 0.2661050 0.6080930
vt 0.2180630 0.6726060
vt 0.2208550 0.6760760
vt 0.2661050 0.6080930
vt 0.2661050 0.6080930
vt 0.2253880 0.6817110
vt 0.2208550 0.6760760
vt 0.2661740 0.7324160
vt 0.2661740 0.6159030
vt 0.2566050 0.7205190
vt 0.2661740 0.6159030
vt 0.2474020 0.7090790
vt 0.2389220 0.6985360
vt 0.2661740 0.6105860
vt 0.2661050 0.6102950
vt 0.2661050 0.6080930
vt 0.2253880 0.6817110
vt 0.2314880 0.6892950
vt 0.2661740 0.6105860
vt 0.2661050 0.6102950
vt 0.2314880 0.6892950
vt 0.2389220 0.6985360
vt 0.2661740 0.6159030
vt 0.2661740 0.6105860
vt 0.2389220 0.6985360
vt 0.2474020 0.7090790
vt 0.2661740 0.6159030
vt 0.2474020 0.7090790
vt 0.2566050 0.7205190
vt 0.2314880 0.6892950
vt 0.2253880 0.6817110
vt 0.2661050 0.6080930
vt 0.2661050 0.6102950
vt 0.2389220 0.6985360
vt 0.2314880 0.6892950
vt 0.2661050 0.6102950
vt 0.2661740 0.6105860
vt 0.2661740 0.6159030
vt 0.2566050 0.7205190
vt 0.2474020 0.7090790
vt 0.2661740 0.6159030
vt 0.2661740 0.7324160
vt 0.2566050 0.7205190
vt 0.0967994 0.7786380
vt 0.0967994 0.7764090
vt 0.0967994 0.7724450
vt 0.0967994 0.7670650
vt 0.0967994 0.7338600
vt 0.0967994 0.7257470
vt 0.0967994 0.7182630
vt 0.0967994 0.7113660
vt 0.0967994 0.7053210
vt 0.0967994 0.7003600
vt 0.0967994 0.6966740
vt 0.0967994 0.6944040
vt 0.0967994 0.6936370
vt 0.0967994 0.6944040
vt 0.0967994 0.6966740
vt 0.0967994 0.7003600
vt 0.0967994 0.7053210
vt 0.0967994 0.7113660
vt 0.0967994 0.7182630
vt 0.0967994 0.7257470
vt 0.0967994 0.7338600
vt 0.0967994 0.7670650
vt 0.0967994 0.7724450
vt 0.0967994 0.7764090
vt 0.0967994 0.7786380
vt 0.0976736 0.7335900
vt 0.0970995 0.7337090
vt 0.0970226 0.7683990
vt 0.0974981 0.7704620
vt 0.0976740 0.7246430
vt 0.0970992 0.7251310
vt 0.0970995 0.7337090
vt 0.0976736 0.7335900
vt 0.0976731 0.7082270
vt 0.0971010 0.7096110
vt 0.0970999 0.7170550
vt 0.0976737 0.7160990
vt 0.0976737 0.7160990
vt 0.0970999 0.7170550
vt 0.0970992 0.7251310
vt 0.0976740 0.7246430
vt 0.0975263 0.7836220
vt 0.0969944 0.7794860
vt 0.0970048 0.7747780
vt 0.0975159 0.7779900
vt 0.0975305 0.7867530
vt 0.0969902 0.7821150
vt 0.0969944 0.7794860
vt 0.0975263 0.7836220
vt 0.0974981 0.7704620
vt 0.0970226 0.7683990
vt 0.0970048 0.7747780
vt 0.0975159 0.7779900
vt 0.0975305 0.7867530
vt 0.0969902 0.7821150
vt 0.0969902 0.7821150
vt 0.0975305 0.7867530
vt 0.0976736 0.7335900
vt 0.0970995 0.7337090
vt 0.0970992 0.7251310
vt 0.0976740 0.7246430
vt 0.0976740 0.7246430
vt 0.0970992 0.7251310
vt 0.0970999 0.7170550
vt 0.0976737 0.7160990
vt 0.0976737 0.7160990
vt 0.0970999 0.7170550
vt 0.0971010 0.7096110
vt 0.0976731 0.7082270
vt 0.0976731 0.7082270
vt 0.0971010 0.7096110
vt 0.0971022 0.7030830
vt 0.0976724 0.7013290
vt 0.0976724 0.7013290
vt 0.0971022 0.7030830
vt 0.0971035 0.6977250
vt 0.0976717 0.6956700
vt 0.0976717 0.6956700
vt 0.0971035 0.6977250
vt 0.0971046 0.6937410
vt 0.0976711 0.6914660
vt 0.0976711 0.6914660
vt 0.0971046 0.6937410
vt 0.0971053 0.6912880
vt 0.0976707 0.6888790
vt 0.0976707 0.6888790
vt 0.0971053 0.6912880
vt 0.0971056 0.6904590
vt 0.0976705 0.6880050
vt 0.0976705 0.6880050
vt 0.0971056 0.6904590
vt 0.0971053 0.6912880
vt 0.0976707 0.6888790
vt 0.0976707 0.6888790
vt 0.0971053 0.6912880
vt 0.0971046 0.6937410
vt 0.0976711 0.6914660
vt 0.0976711 0.6914660
vt 0.0971046 0.6937410
vt 0.0971035 0.6977250
vt 0.0976717 0.6956700
vt 0.0976717 0.6956700
vt 0.0971035 0.6977250
vt 0.0971022 0.7030830
vt 0.0976724 0.7013290
vt 0.0976724 0.7013290
vt 0.0971022 0.7030830
vt 0.0971010 0.7096110
vt 0.0976731 0.7082270
vt 0.0974981 0.7704620
vt 0.0970226 0.7683990
vt 0.0970995 0.7337090
vt 0.0976736 0.7335900
vt 0.0975159 0.7779900
vt 0.0970048 0.7747780
vt 0.0969944 0.7794860
vt 0.0975263 0.7836220
vt 0.0975263 0.7836220
vt 0.0969944 0.7794860
vt 0.0969902 0.7821150
vt 0.0975305 0.7867530
vt 0.0975159 0.7779900
vt 0.0970048 0.7747780
vt 0.0970226 0.7683990
vt 0.0974981 0.7704620
vt 0.0984157 0.7335290
vt 0.0976736 0.7335900
vt 0.0974981 0.7704620
vt 0.0980683 0.7725690
vt 0.0984158 0.7243740
vt 0.0976740 0.7246430
vt 0.0976736 0.7335900
vt 0.0984157 0.7335290
vt 0.0984169 0.7074560
vt 0.0976731 0.7082270
vt 0.0976737 0.7160990
vt 0.0984163 0.7155700
vt 0.0984163 0.7155700
vt 0.0976737 0.7160990
vt 0.0976740 0.7246430
vt 0.0984158 0.7243740
vt 0.0980683 0.7862790
vt 0.0975263 0.7836220
vt 0.0975159 0.7779900
vt 0.0980683 0.7804210
vt 0.0980683 0.7895310
vt 0.0975305 0.7867530
vt 0.0975263 0.7836220
vt 0.0980683 0.7862790
vt 0.0980683 0.7725690
vt 0.0974981 0.7704620
vt 0.0975159 0.7779900
vt 0.0980683 0.7804210
vt 0.0980683 0.7895310
vt 0.0975305 0.7867530
vt 0.0975305 0.7867530
vt 0.0980683 0.7895310
vt 0.0984157 0.7335290
vt 0.0976736 0.7335900
vt 0.0976740 0.7246430
vt 0.0984158 0.7243740
vt 0.0984158 0.7243740
vt 0.0976740 0.7246430
vt 0.0976737 0.7160990
vt 0.0984163 0.7155700
vt 0.0984163 0.7155700
vt 0.0976737 0.7160990
vt 0.0976731 0.7082270
vt 0.0984169 0.7074560
vt 0.0984169 0.7074560
vt 0.0976731 0.7082270
vt 0.0976724 0.7013290
vt 0.0984177 0.7003440
vt 0.0984177 0.7003440
vt 0.0976724 0.7013290
vt 0.0976717 0.6956700
vt 0.0984185 0.6945070
vt 0.0984185 0.6945070
vt 0.0976717 0.6956700
vt 0.0976711 0.6914660
vt 0.0984192 0.6901710
vt 0.0984192 0.6901710
vt 0.0976711 0.6914660
vt 0.0976707 0.6888790
vt 0.0984197 0.6875000
vt 0.0984197 0.6875000
vt 0.0976707 0.6888790
vt 0.0976705 0.6880050
vt 0.0984199 0.6865980
vt 0.0984199 0.6865980
vt 0.0976705 0.6880050
vt 0.0976707 0.6888790
vt 0.0984197 0.6875000
vt 0.0984197 0.6875000
vt 0.0976707 0.6888790
vt 0.0976711 0.6914660
vt 0.0984192 0.6901710
vt 0.0984192 0.6901710
vt 0.0976711 0.6914660
vt 0.0976717 0.6956700
vt 0.0984185 0.6945070
vt 0.0984185 0.6945070
vt 0.0976717 0.6956700
vt 0.0976724 0.7013290
vt 0.0984177 0.7003440
vt 0.0984177 0.7003440
vt 0.0976724 0.7013290
vt 0.0976731 0.7082270
vt 0.0984169 0.7074560
vt 0.0980683 0.7725690
vt 0.0974981 0.7704620
vt 0.0976736 0.7335900
vt 0.0984157 0.7335290
vt 0.0980683 0.7804210
vt 0.0975159 0.7779900
vt 0.0975263 0.7836220
vt 0.0980683 0.7862790
vt 0.0980683 0.7862790
vt 0.0975263 0.7836220
vt 0.0975305 0.7867530
vt 0.0980683 0.7895310
vt 0.0980683 0.7804210
vt 0.0975159 0.7779900
vt 0.0974981 0.7704620
vt 0.0980683 0.7725690
vt 0.0967994 0.7786380
vt 0.0969902 0.7821150
vt 0.0969944 0.7794860
vt 0.0967994 0.7764090
vt 0.0967994 0.7764090
vt 0.0969944 0.7794860
vt 0.0970048 0.7747780
vt 0.0967994 0.7724450
vt 0.0967994 0.7724450
vt 0.0970048 0.7747780
vt 0.0970226 0.7683990
vt 0.0967994 0.7670650
vt 0.0967994 0.7670650
vt 0.0970226 0.7683990
vt 0.0970995 0.7337090
vt 0.0967994 0.7338600
vt 0.0967994 0.7338600
vt 0.0970995 0.7337090
vt 0.0970992 0.7251310
vt 0.0967994 0.7257470
vt 0.0967994 0.7257470
vt 0.0970992 0.7251310
vt 0.0970999 0.7170550
vt 0.0967994 0.7182630
vt 0.0967994 0.7182630
vt 0.0970999 0.7170550
vt 0.0971010 0.7096110
vt 0.0967994 0.7113660
vt 0.0967994 0.7113660
vt 0.0971010 0.7096110
vt 0.0971022 0.7030830
vt 0.0967994 0.7053210
vt 0.0967994 0.7053210
vt 0.0971022 0.7030830
vt 0.0971035 0.6977250
vt 0.0967994 0.7003600
vt 0.0967994 0.7003600
vt 0.0971035 0.6977250
vt 0.0971046 0.6937410
vt 0.0967994 0.6966740
vt 0.0967994 0.6966740
vt 0.0971046 0.6937410
vt 0.0971053 0.6912880
vt 0.0967994 0.6944040
vt 0.0967994 0.6944040
vt 0.0971053 0.6912880
vt 0.0971056 0.6904590
vt 0.0967994 0.6936370
vt 0.0967994 0.6936370
vt 0.0971056 0.6904590
vt 0.0971053 0.6912880
vt 0.0967994 0.6944040
vt 0.0967994 0.6944040
vt 0.0971053 0.6912880
vt 0.0971046 0.6937410
vt 0.0967994 0.6966740
vt 0.0967994 0.6966740
vt 0.0971046 0.6937410
vt 0.0971035 0.6977250
vt 0.0967994 0.7003600
vt 0.0967994 0.7003600
vt 0.0971035 0.6977250
vt 0.0971022 0.7030830
vt 0.0967994 0.7053210
vt 0.0967994 0.7053210
vt 0.0971022 0.7030830
vt 0.0971010 0.7096110
vt 0.0967994 0.7113660
vt 0.0967994 0.7113660
vt 0.0971010 0.7096110
vt 0.0970999 0.7170550
vt 0.0967994 0.7182630
vt 0.0967994 0.7182630
vt 0.0970999 0.7170550
vt 0.0970992 0.7251310
vt 0.0967994 0.7257470
vt 0.0967994 0.7257470
vt 0.0970992 0.7251310
vt 0.0970995 0.7337090
vt 0.0967994 0.7338600
vt 0.0967994 0.7338600
vt 0.0970995 0.7337090
vt 0.0970226 0.7683990
vt 0.0967994 0.7670650
vt 0.0967994 0.7670650
vt 0.0970226 0.7683990
vt 0.0970048 0.7747780
vt 0.0967994 0.7724450
vt 0.0967994 0.7724450
vt 0.0970048 0.7747780
vt 0.0969944 0.7794860
vt 0.0967994 0.7764090
vt 0.0967994 0.7764090
vt 0.0969944 0.7794860
vt 0.0969902 0.7821150
vt 0.0967994 0.7786380
vt 0.0967994 0.7786380
vt 0.0969902 0.7821150
vt 0.0969902 0.7821150
vt 0.0967994 0.7786380
usemtl tex_mat1
f 1/1 2/2 3/3 4/4
f 5/5 4/6 3/7 6/8 7/9 8/10 9/11 10/12
f 10/13 9/14 11/15 12/16
f 13/17 5/18 14/19
f 15/20 16/21 7/22
f 12/23 11/24 17/25 18/26
f 16/27 15/28 19/29 20/30
f 2/31 1/32 21/33 22/34
f 13/35 14/36 23/37 24/38
f 18/39 17/40 25/41 26/42 27/43
f 20/44 19/45 28/46 29/47 30/48 31/49 32/50 33/51 34/52
f 22/53 21/54 35/55 36/56 37/57
f 24/58 23/59 38/60 39/61
f 27/62 26/63 40/64 41/65
f 39/66 38/67 42/68 43/69
f 44/70 45/71 46/72 47/73
f 48/74 49/75 50/76 51/77
f 42/78 44/79 47/80 43/81
f 36/82 35/83 48/84 51/85
f 52/86 53/87 41/88 40/89
f 54/90 55/91 56/92 57/93
f 54/94 57/95 58/96 59/97
f 60/98 61/99 62/100 63/101
f 64/102 50/103 65/104 66/105
f 67/106 51/107 50/108 64/109
f 68/110 69/111 70/112 71/113
f 69/114 72/115 73/116 70/117
f 72/118 74/119 75/120 73/121
f 76/122 68/123 71/124 77/125
f 52/126 40/127 76/128 77/129
f 74/130 78/131 79/132 75/133
f 78/134 80/135 81/136 79/137
f 80/138 82/139 83/140 81/141
f 82/142 84/143 85/144 83/145
f 84/146 86/147 87/148 85/149
f 86/150 88/151 89/152 87/153
f 88/154 90/155 91/156 89/157
f 90/158 92/159 93/160 91/161
f 92/162 94/163 95/164 93/165
f 94/166 67/167 64/168 95/169
f 95/170 64/171 66/172 96/173
f 93/174 95/175 96/176 97/177
f 91/178 93/179 97/180 98/181
f 89/182 91/183 98/184 99/185
f 87/186 89/187 99/188 100/189
f 85/190 87/191 100/192 101/193
f 83/194 85/195 101/196 102/197
f 81/198 83/199 102/200 103/201
f 79/202 81/203 103/204 104/205
f 75/206 79/207 104/208 105/209
f 73/210 75/211 105/212 106/213
f 70/214 73/215 106/216 107/217
f 60/218 59/219 58/220 61/221
f 40/222 26/223 108/224 76/225
f 108/226 109/227 68/228 76/229
f 109/230 110/231 69/232 68/233
f 110/234 111/235 72/236 69/237
f 111/238 112/239 74/240 72/241
f 112/242 113/243 78/244 74/245
f 113/246 114/247 80/248 78/249
f 114/250 82/251 80/252
f 82/253 115/254 84/255
f 115/256 116/257 86/258 84/259
f 116/260 117/261 88/262 86/263
f 117/264 118/265 90/266 88/267
f 118/268 119/269 92/270 90/271
f 119/272 120/273 94/274 92/275
f 120/276 121/277 67/278 94/279
f 121/280 36/281 51/282 67/283
f 49/284 122/285 65/286 50/287
f 31/288 30/289 115/290 82/291
f 123/292 124/293 7/294 6/295
f 8/296 7/297 125/298 126/299
f 126/300 125/301 127/302 128/303
f 124/304 123/305 129/306 130/307
f 128/308 127/309 131/310 132/311
f 130/312 129/313 133/314 134/315
f 2/316 123/317 6/318 3/319
f 9/320 8/321 126/322 11/323
f 16/324 125/325 7/326
f 7/327 124/328 15/329
f 11/330 126/331 128/332 17/333
f 15/334 124/335 130/336 19/337
f 20/338 127/339 125/340 16/341
f 22/342 129/343 123/344 2/345
f 17/346 128/347 132/348 25/349
f 19/350 130/351 134/352 28/353
f 34/354 131/355 127/356 20/357
f 37/358 133/359 129/360 22/361
f 5/362 135/363 136/364
f 137/365 138/366 5/367
f 139/368 140/369 138/370 137/371
f 136/372 135/373 141/374 142/375
f 143/376 144/377 140/378 139/379
f 142/380 141/381 145/382 146/383
f 147/384 148/385 144/386 143/387
f 149/388 150/389 146/390 145/391
f 151/392 152/393 153/394 154/395
f 155/396 156/397 157/398 158/399
f 150/400 149/401 159/402 160/403
f 148/404 147/405 152/406 151/407
f 4/408 5/409 136/410 1/411
f 12/412 137/413 5/414 10/415
f 13/416 135/417 5/418
f 5/419 138/420 14/421
f 18/422 139/423 137/424 12/425
f 1/426 136/427 142/428 21/429
f 14/430 138/431 140/432 23/433
f 24/434 141/435 135/436 13/437
f 27/438 143/439 139/440 18/441
f 21/442 142/443 146/444 35/445
f 23/446 140/447 144/448 38/449
f 39/450 145/451 141/452 24/453
f 41/454 147/455 143/456 27/457
f 38/458 144/459 148/460 42/461
f 43/462 149/463 145/464 39/465
f 44/466 151/467 154/468 45/469
f 161/470 155/471 158/472 162/473
f 48/474 150/475 160/476 49/477
f 42/478 148/479 151/480 44/481
f 47/482 159/483 149/484 43/485
f 35/486 146/487 150/488 48/489
f 53/490 152/491 147/492 41/493
f 55/494 163/495 164/496 56/497
f 49/498 160/499 165/500 122/501
f 166/502 167/503 162/504 168/505
f 169/506 170/507 171/508 172/509
f 172/510 171/511 173/512 174/513
f 175/514 176/515 107/516 177/517
f 178/518 179/519 180/520 181/521
f 181/522 180/523 182/524 183/525
f 183/526 182/527 184/528 185/529
f 185/530 184/531 186/532 187/533
f 187/534 186/535 188/536 189/537
f 189/538 188/539 190/540 191/541
f 191/542 190/543 192/544 193/545
f 193/546 192/547 194/548 195/549
f 195/550 194/551 196/552 197/553
f 197/554 196/555 198/556 199/557
f 199/558 198/559 200/560 201/561
f 201/562 200/563 202/564 203/565
f 203/566 202/567 62/568 177/569
f 174/570 173/571 176/572 175/573
f 204/574 205/575 179/576 178/577
f 206/578 164/579 207/580 208/581
f 209/582 165/583 210/584 211/585
f 208/586 207/587 167/588 166/589
f 211/590 210/591 46/592 168/593
f 206/594 153/595 170/596 169/597
f 209/598 157/599 205/600 204/601
f 56/602 169/603 172/604 57/605
f 57/606 172/607 174/608 58/609
f 61/610 175/611 177/612 62/613
f 58/614 174/615 175/616 61/617
f 157/618 209/619 211/620 158/621
f 158/622 211/623 168/624 162/625
f 164/626 206/627 169/628 56/629
f 167/630 212/631 161/632 162/633
f 179/634 213/635 214/636 180/637
f 180/638 214/639 215/640 182/641
f 182/642 215/643 216/644 184/645
f 184/646 216/647 217/648 186/649
f 186/650 217/651 218/652 188/653
f 188/654 218/655 219/656 190/657
f 190/658 219/659 220/660 192/661
f 192/662 220/663 221/664 194/665
f 194/666 221/667 222/668 196/669
f 196/670 222/671 223/672 198/673
f 198/674 223/675 224/676 200/677
f 200/678 224/679 225/680 202/681
f 202/682 225/683 63/684 62/685
f 205/686 226/687 213/688 179/689
f 164/690 163/691 227/692 207/693
f 207/694 227/695 212/696 167/697
f 157/698 156/699 226/700 205/701
f 45/702 166/703 168/704 46/705
f 65/706 178/707 181/708 66/709
f 66/710 181/711 183/712 96/713
f 96/714 183/715 185/716 97/717
f 97/718 185/719 187/720 98/721
f 98/722 187/723 189/724 99/725
f 99/726 189/727 191/728 100/729
f 100/730 191/731 193/732 101/733
f 101/734 193/735 195/736 102/737
f 102/738 195/739 197/740 103/741
f 103/742 197/743 199/744 104/745
f 104/746 199/747 201/748 105/749
f 105/750 201/751 203/752 106/753
f 106/754 203/755 177/756 107/757
f 122/758 204/759 178/760 65/761
f 153/762 206/763 208/764 154/765
f 154/766 208/767 166/768 45/769
f 165/770 209/771 204/772 122/773
f 170/774 53/775 52/776 171/777
f 171/778 52/779 77/780 173/781
f 176/782 71/783 70/784 107/785
f 173/786 77/787 71/788 176/789
f 165/790 160/791 159/792 210/793
f 210/794 159/795 47/796 46/797
f 153/798 152/799 53/800 170/801
f 32/802 31/803 82/804 114/805
f 33/806 113/807 112/808 34/809
f 29/810 116/811 115/812 30/813
f 33/814 32/815 114/816 113/817
f 29/818 28/819 117/820 116/821
f 26/822 25/823 108/824
f 37/825 120/826 119/827 133/828
f 131/829 34/830 112/831 111/832
f 132/833 131/834 111/835 110/836
f 25/837 132/838 110/839 109/840
f 25/841 109/842 108/843
f 118/844 117/845 28/846 134/847
f 119/848 118/849 134/850 133/851
f 37/852 121/853 120/854
f 37/855 36/856 121/857
f 228/858 229/859 230/860 231/861 232/862 233/863 234/864 235/865 236/866 237/867 238/868 239/869 240/870 241/871 242/872 243/873 244/874 245/875 246/876 247/877 248/878 249/879 250/880 251/881 252/882
f 253/883 254/884 255/885 256/886
f 257/887 258/888 254/889 253/890
f 259/891 260/892 261/893 262/894
f 262/895 261/896 258/897 257/898
f 263/899 264/900 265/901 266/902
f 267/903 268/904 264/905 263/906
f 256/907 255/908 269/909 270/910
f 271/911 272/912 268/913 267/914
f 273/915 274/916 275/917 276/918
f 276/919 275/920 277/921 278/922
f 278/923 277/924 279/925 280/926
f 280/927 279/928 281/929 282/930
f 282/931 281/932 283/933 284/934
f 284/935 283/936 285/937 286/938
f 286/939 285/940 287/941 288/942
f 288/943 287/944 289/945 290/946
f 290/947 289/948 291/949 292/950
f 292/951 291/952 293/953 294/954
f 294/955 293/956 295/957 296/958
f 296/959 295/960 297/961 298/962
f 298/963 297/964 260/965 259/966
f 299/967 300/968 274/969 273/970
f 270/971 269/972 301/973 302/974
f 302/975 301/976 272/977 271/978
f 266/979 265/980 300/981 299/982
f 54/983 253/984 256/985 55/986
f 59/987 257/988 253/989 54/990
f 63/991 259/992 262/993 60/994
f 60/995 262/996 257/997 59/998
f 155/999 263/1000 266/1001 156/1002
f 161/1003 267/1004 263/1005 155/1006
f 55/1007 256/1008 270/1009 163/1010
f 212/1011 271/1012 267/1013 161/1014
f 213/1015 273/1016 276/1017 214/1018
f 214/1019 276/1020 278/1021 215/1022
f 215/1023 278/1024 280/1025 216/1026
f 216/1027 280/1028 282/1029 217/1030
f 217/1031 282/1032 284/1033 218/1034
f 218/1035 284/1036 286/1037 219/1038
f 219/1039 286/1040 288/1041 220/1042
f 220/1043 288/1044 290/1045 221/1046
f 221/1047 290/1048 292/1049 222/1050
f 222/1051 292/1052 294/1053 223/1054
f 223/1055 294/1056 296/1057 224/1058
f 224/1059 296/1060 298/1061 225/1062
f 225/1063 298/1064 259/1065 63/1066
f 226/1067 299/1068 273/1069 213/1070
f 163/1071 270/1072 302/1073 227/1074
f 227/1075 302/1076 271/1077 212/1078
f 156/1079 266/1080 299/1081 226/1082
f 228/1083 272/1084 301/1085 229/1086
f 229/1087 301/1088 269/1089 230/1090
f 230/1091 269/1092 255/1093 231/1094
f 231/1095 255/1096 254/1097 232/1098
f 232/1099 254/1100 258/1101 233/1102
f 233/1103 258/1104 261/1105 234/1106
f 234/1107 261/1108 260/1109 235/1110
f 235/1111 260/1112 297/1113 236/1114
f 236/1115 297/1116 295/1117 237/1118
f 237/1119 295/1120 293/1121 238/1122
f 238/1123 293/1124 291/1125 239/1126
f 239/1127 291/1128 289/1129 240/1130
f 240/1131 289/1132 287/1133 241/1134
f 241/1135 287/1136 285/1137 242/1138
f 242/1139 285/1140 283/1141 243/1142
f 243/1143 283/1144 281/1145 244/1146
f 244/1147 281/1148 279/1149 245/1150
f 245/1151 279/1152 277/1153 246/1154
f 246/1155 277/1156 275/1157 247/1158
f 247/1159 275/1160 274/1161 248/1162
f 248/1163 274/1164 300/1165 249/1166
f 249/1167 300/1168 265/1169 250/1170
f 250/1171 265/1172 264/1173 251/1174
f 251/1175 264/1176 268/1177 252/1178
f 252/1179 268/1180 272/1181 228/1182
o Spinner
v 0.0099106 0.0498239 -0.8483600
v 0.0194403 0.0469331 -0.8483600
v 0.0282230 0.0422387 -0.8483600
v 0.0359210 0.0359210 -0.8483600
v 0.0422387 0.0282230 -0.8483600
v 0.0469331 0.0194403 -0.8483600
v 0.0498239 0.0099106 -0.8483600
v 0.0508000 -0.0000000 -0.8483600
v 0.0498239 -0.0099106 -0.8483600
v 0.0469331 -0.0194403 -0.8483600
v 0.0422387 -0.0282230 -0.8483600
v 0.0359210 -0.0359210 -0.8483600
v 0.0282230 -0.0422387 -0.8483600
v 0.0194403 -0.0469331 -0.8483600
v 0.0099106 -0.0498239 -0.8483600
v 0.0000000 -0.0508000 -0.8483600
v -0.0099106 -0.0498239 -0.8483600
v -0.0194403 -0.0469331 -0.8483600
v -0.0282230 -0.0422387 -0.8483600
v -0.0359210 -0.0359210 -0.8483600
v -0.0422387 -0.0282230 -0.8483600
v -0.0469331 -0.0194403 -0.8483600
v -0.0498239 -0.0099106 -0.8483600
v -0.0508000 0.0000000 -0.8483600
v -0.0498239 0.0099106 -0.8483600
v -0.0469331 0.0194403 -0.8483600
v -0.0422387 0.0282230 -0.8483600
v -0.0359210 0.0359210 -0.8483600
v -0.0282230 0.0422387 -0.8483600
v -0.0194403 0.0469331 -0.8483600
v -0.0099106 0.0498239 -0.8483600
v 0.0000000 0.0508000 -0.8483600
v 0.0000000 0.0397968 -0.8795176
v -0.0077640 0.0390321 -0.8795176
v -0.0057334 0.0288237 -0.8985676
v 0.0000000 0.0293884 -0.8985676
v -0.0152296 0.0367675 -0.8795176
v -0.0112465 0.0271514 -0.8985676
v -0.0221099 0.0330899 -0.8795176
v -0.0163273 0.0244356 -0.8985676
v -0.0281406 0.0281406 -0.8795176
v -0.0207808 0.0207808 -0.8985676
v -0.0330899 0.0221099 -0.8795176
v -0.0244356 0.0163273 -0.8985676
v -0.0367675 0.0152296 -0.8795176
v -0.0271514 0.0112465 -0.8985676
v -0.0390321 0.0077640 -0.8795176
v -0.0288237 0.0057334 -0.8985676
v -0.0397968 0.0000000 -0.8795176
v -0.0293884 0.0000000 -0.8985676
v -0.0390321 -0.0077640 -0.8795176
v -0.0288237 -0.0057334 -0.8985676
v -0.0367675 -0.0152296 -0.8795176
v -0.0271514 -0.0112465 -0.8985676
v -0.0330899 -0.0221099 -0.8795176
v -0.0244356 -0.0163273 -0.8985676
v -0.0281406 -0.0281406 -0.8795176
v -0.0207808 -0.0207808 -0.8985676
v -0.0221099 -0.0330899 -0.8795176
v -0.0163273 -0.0244356 -0.8985676
v -0.0152296 -0.0367675 -0.8795176
v -0.0112465 -0.0271514 -0.8985676
v -0.0077640 -0.0390321 -0.8795176
v -0.0057334 -0.0288237 -0.8985676
v 0.0000000 -0.0397968 -0.8795176
v 0.0000000 -0.0293884 -0.8985676
v 0.0077640 -0.0390321 -0.8795176
v 0.0057334 -0.0288237 -0.8985676
v 0.0152296 -0.0367675 -0.8795176
v 0.0112465 -0.0271514 -0.8985676
v 0.0221099 -0.0330899 -0.8795176
v 0.0163273 -0.0244356 -0.8985676
v 0.0281406 -0.0281406 -0.8795176
v 0.0207808 -0.0207808 -0.8985676
v 0.0330899 -0.0221099 -0.8795176
v 0.0244356 -0.0163273 -0.8985676
v 0.0367675 -0.0152296 -0.8795176
v 0.0271514 -0.0112465 -0.8985676
v 0.0390321 -0.0077640 -0.8795176
v 0.0288237 -0.0057334 -0.8985676
v 0.0397968 -0.0000000 -0.8795176
v 0.0293884 -0.0000000 -0.8985676
v 0.0390321 0.0077640 -0.8795176
v 0.0288237 0.0057334 -0.8985676
v 0.0367675 0.0152296 -0.8795176
v 0.0271514 0.0112465 -0.8985676
v 0.0330899 0.0221099 -0.8795176
v 0.0244356 0.0163273 -0.8985676
v 0.0281406 0.0281406 -0.8795176
v 0.0207808 0.0207808 -0.8985676
v 0.0221099 0.0330899 -0.8795176
v 0.0163273 0.0244356 -0.8985676
v 0.0152296 0.0367675 -0.8795176
v 0.0112465 0.0271514 -0.8985676
v 0.0077640 0.0390321 -0.8795176
v 0.0057334 0.0288237 -0.8985676
v -0.0043000 0.0216178 -0.9112676
v 0.0000000 0.0220413 -0.9112676
v -0.0084349 0.0203635 -0.9112676
v -0.0122455 0.0183267 -0.9112676
v -0.0155856 0.0155856 -0.9112676
v -0.0183267 0.0122455 -0.9112676
v -0.0203635 0.0084349 -0.9112676
v -0.0216178 0.0043000 -0.9112676
v -0.0220413 0.0000000 -0.9112676
v -0.0216178 -0.0043000 -0.9112676
v -0.0203635 -0.0084349 -0.9112676
v -0.0183267 -0.0122455 -0.9112676
v -0.0155856 -0.0155856 -0.9112676
v -0.0122455 -0.0183267 -0.9112676
v -0.0084349 -0.0203635 -0.9112676
v -0.0043000 -0.0216178 -0.9112676
v -0.0000000 -0.0220413 -0.9112676
v 0.0043000 -0.0216178 -0.9112676
v 0.0084349 -0.0203635 -0.9112676
v 0.0122455 -0.0183267 -0.9112676
v 0.0155856 -0.0155856 -0.9112676
v 0.0183267 -0.0122455 -0.9112676
v 0.0203635 -0.0084349 -0.9112676
v 0.0216178 -0.0043000 -0.9112676
v 0.0220413 -0.0000000 -0.9112676
v 0.0216178 0.0043000 -0.9112676
v 0.0203635 0.0084349 -0.9112676
v 0.0183267 0.0122455 -0.9112676
v 0.0155856 0.0155856 -0.9112676
v 0.0122455 0.0183267 -0.9112676
v 0.0084349 0.0203635 -0.9112676
v 0.0043000 0.0216178 -0.9112676
v -0.0021184 0.0106499 -0.9213850
v 0.0000000 0.0108585 -0.9213850
v -0.0041554 0.0100320 -0.9213850
v -0.0060327 0.0090285 -0.9213850
v -0.0076781 0.0076781 -0.9213850
v -0.0090285 0.0060327 -0.9213850
v -0.0100320 0.0041554 -0.9213850
v -0.0106499 0.0021184 -0.9213850
v -0.0108585 0.0000000 -0.9213850
v -0.0106499 -0.0021184 -0.9213850
v -0.0100320 -0.0041554 -0.9213850
v -0.0090285 -0.0060327 -0.9213850
v -0.0076781 -0.0076781 -0.9213850
v -0.0060327 -0.0090285 -0.9213850
v -0.0041554 -0.0100320 -0.9213850
v -0.0021184 -0.0106499 -0.9213850
v 0.0000000 -0.0108585 -0.9213850
v 0.0021184 -0.0106499 -0.9213850
v 0.0041554 -0.0100320 -0.9213850
v 0.0060327 -0.0090285 -0.9213850
v 0.0076781 -0.0076781 -0.9213850
v 0.0090285 -0.0060327 -0.9213850
v 0.0100320 -0.0041554 -0.9213850
v 0.0106499 -0.0021184 -0.9213850
v 0.0108585 -0.0000000 -0.9213850
v 0.0106499 0.0021184 -0.9213850
v 0.0100320 0.0041554 -0.9213850
v 0.0090285 0.0060327 -0.9213850
v 0.0076781 0.0076781 -0.9213850
v 0.0060327 0.0090285 -0.9213850
v 0.0041554 0.0100320 -0.9213850
v 0.0021184 0.0106499 -0.9213850
v 0.0000000 0.0000000 -0.9245600
vt 0.0000000 1.0000000
vt 0.0000000 1.0000000
vt 0.0000000 1.0000000
vt 0.0000000 1.0000000
vt 0.0000000 1.0000000
vt 0.0000000 1.0000000
vt 0.0000000 1.0000000
vt 0.0000000 1.0000000
vt 0.0000000 1.0000000
vt 0.0000000 1.0000000
vt 0.0000000 1.0000000
vt 0.0000000 1.0000000
vt 0.0000000 1.0000000
vt 0.0000000 1.0000000
vt 0.0000000 1.0000000
vt 0.0000000 1.0000000
vt 0.0000000 1.0000000
vt 0.0000000 1.0000000
vt 0.0000000 1.0000000
vt 0.0000000 1.0000000
vt 0.0000000 1.0000000
vt 0.0000000 1.0000000
vt 0.0000000 1.0000000
vt 0.0000000 1.0000000
vt 0.0000000 1.0000000
vt 0.0000000 1.0000000
vt 0.0000000 1.0000000
vt 0.0000000 1.0000000
vt 0.0000000 1.0000000
vt 0.0000000 1.0000000
vt 0.0000000 1.0000000
vt 0.0000000 1.0000000
vt 0.0000000 1.0000000
vt 0.0000000 1.0000000
vt 0.0000000 1.0000000
vt 0.0000000 1.0000000
vt 0.0000000 1.0000000
vt 0.0000000 1.0000000
vt 0.0000000 1.0000000
vt 0.0000000 1.0000000
vt 0.0000000 1.0000000
vt 0.0000000 1.0000000
vt 0.0000000 1.0000000
vt 0.0000000 1.0000000
vt 0.0000000 1.0000000
vt 0.0000000 1.0000000
vt 0.0000000 1.0000000
vt 0.0000000 1.0000000
vt 0.0000000 1.0000000
vt 0.0000000 1.0000000
vt 0.0000000 1.0000000
vt 0.0000000 1.0000000
vt 0.0000000 1.0000000
vt 0.0000000 1.0000000
vt 0.0000000 1.0000000
vt 0.0000000 1.0000000
vt 0.0000000 1.0000000
vt 0.0000000 1.0000000
vt 0.0000000 1.0000000
vt 0.0000000 1.0000000
vt 0.0000000 1.0000000
vt 0.0000000 1.0000000
vt 0.0000000 1.0000000
vt 0.0000000 1.0000000
vt 0.0000000 1.0000000
vt 0.0000000 1.0000000
vt 0.0000000 1.0000000
vt 0.0000000 1.0000000
vt 0.0000000 1.0000000
vt 0.0000000 1.0000000
vt 0.0000000 1.0000000
vt 0.0000000 1.0000000
vt 0.0000000 1.0000000
vt 0.0000000 1.0000000
vt 0.0000000 1.0000000
vt 0.0000000 1.0000000
vt 0.0000000 1.0000000
vt 0.0000000 1.0000000
vt 0.0000000 1.0000000
vt 0.0000000 1.0000000
vt 0.0000000 1.0000000
vt 0.0000000 1.0000000
vt 0.0000000 1.0000000
vt 0.0000000 1.0000000
vt 0.0000000 1.0000000
vt 0.0000000 1.0000000
vt 0.0000000 1.0000000
vt 0.0000000 1.0000000
vt 0.0000000 1.0000000
vt 0.0000000 1.0000000
vt 0.0000000 1.0000000
vt 0.0000000 1.0000000
vt 0.0000000 1.0000000
vt 0.0000000 1.0000000
vt 0.0000000 1.0000000
vt 0.0000000 1.0000000
vt 0.0000000 1.0000000
vt 0.0000000 1.0000000
vt 0.0000000 1.0000000
vt 0.0000000 1.0000000
vt 0.0000000 1.0000000
vt 0.0000000 1.0000000
vt 0.0000000 1.0000000
vt 0.0000000 1.0000000
vt 0.0000000 1.0000000
vt 0.0000000 1.0000000
vt 0.0000000 1.0000000
vt 0.0000000 1.0000000
vt 0.0000000 1.0000000
vt 0.0000000 1.0000000
vt 0.0000000 1.0000000
vt 0.0000000 1.0000000
vt 0.0000000 1.0000000
vt 0.0000000 1.0000000
vt 0.0000000 1.0000000
vt 0.0000000 1.0000000
vt 0.0000000 1.0000000
vt 0.0000000 1.0000000
vt 0.0000000 1.0000000
vt 0.0000000 1.0000000
vt 0.0000000 1.0000000
vt 0.0000000 1.0000000
vt 0.0000000 1.0000000
vt 0.0000000 1.0000000
vt 0.0000000 1.0000000
vt 0.0000000 1.0000000
vt 0.0000000 1.0000000
vt 0.0000000 1.0000000
vt 0.0000000 1.0000000
vt 0.0000000 1.0000000
vt 0.0000000 1.0000000
vt 0.0000000 1.0000000
vt 0.0000000 1.0000000
vt 0.0000000 1.0000000
vt 0.0000000 1.0000000
vt 0.0000000 1.0000000
vt 0.0000000 1.0000000
vt 0.0000000 1.0000000
vt 0.0000000 1.0000000
vt 0.0000000 1.0000000
vt 0.0000000 1.0000000
vt 0.0000000 1.0000000
vt 0.0000000 1.0000000
vt 0.0000000 1.0000000
vt 0.0000000 1.0000000
vt 0.0000000 1.0000000
vt 0.0000000 1.0000000
vt 0.0000000 1.0000000
vt 0.0000000 1.0000000
vt 0.0000000 1.0000000
vt 0.0000000 1.0000000
vt 0.0000000 1.0000000
vt 0.0000000 1.0000000
vt 0.0000000 1.0000000
vt 0.0000000 1.0000000
vt 0.0000000 1.0000000
vt 0.0000000 1.0000000
vt 0.0000000 1.0000000
vt 0.0000000 1.0000000
vt 0.0000000 1.0000000
vt 0.0000000 1.0000000
vt 0.0000000 1.0000000
vt 0.0000000 1.0000000
vt 0.0000000 1.0000000
vt 0.0000000 1.0000000
vt 0.0000000 1.0000000
vt 0.0000000 1.0000000
vt 0.0000000 1.0000000
vt 0.0000000 1.0000000
vt 0.0000000 1.0000000
vt 0.0000000 1.0000000
vt 0.0000000 1.0000000
vt 0.0000000 1.0000000
vt 0.0000000 1.0000000
vt 0.0000000 1.0000000
vt 0.0000000 1.0000000
vt 0.0000000 1.0000000
vt 0.0000000 1.0000000
vt 0.0000000 1.0000000
vt 0.0000000 1.0000000
vt 0.0000000 1.0000000
vt 0.0000000 1.0000000
vt 0.0000000 1.0000000
vt 0.0000000 1.0000000
vt 0.0000000 1.0000000
vt 0.0000000 1.0000000
vt 0.0000000 1.0000000
vt 0.0000000 1.0000000
vt 0.0000000 1.0000000
vt 0.0000000 1.0000000
vt 0.0000000 1.0000000
vt 0.0000000 1.0000000
vt 0.0000000 1.0000000
vt 0.0000000 1.0000000
vt 0.0000000 1.0000000
vt 0.0000000 1.0000000
vt 0.0000000 1.0000000
vt 0.0000000 1.0000000
vt 0.0000000 1.0000000
vt 0.0000000 1.0000000
vt 0.0000000 1.0000000
vt 0.0000000 1.0000000
vt 0.0000000 1.0000000
vt 0.0000000 1.0000000
vt 0.0000000 1.0000000
vt 0.0000000 1.0000000
vt 0.0000000 1.0000000
vt 0.0000000 1.0000000
vt 0.0000000 1.0000000
vt 0.0000000 1.0000000
vt 0.0000000 1.0000000
vt 0.0000000 1.0000000
vt 0.0000000 1.0000000
vt 0.0000000 1.0000000
vt 0.0000000 1.0000000
vt 0.0000000 1.0000000
vt 0.0000000 1.0000000
vt 0.0000000 1.0000000
vt 0.0000000 1.0000000
vt 0.0000000 1.0000000
vt 0.0000000 1.0000000
vt 0.0000000 1.0000000
vt 0.0000000 1.0000000
vt 0.0000000 1.0000000
vt 0.0000000 1.0000000
vt 0.0000000 1.0000000
vt 0.0000000 1.0000000
vt 0.0000000 1.0000000
vt 0.0000000 1.0000000
vt 0.0000000 1.0000000
vt 0.0000000 1.0000000
vt 0.0000000 1.0000000
vt 0.0000000 1.0000000
vt 0.0000000 1.0000000
vt 0.0000000 1.0000000
vt 0.0000000 1.0000000
vt 0.0000000 1.0000000
vt 0.0000000 1.0000000
vt 0.0000000 1.0000000
vt 0.0000000 1.0000000
vt 0.0000000 1.0000000
vt 0.0000000 1.0000000
vt 0.0000000 1.0000000
vt 0.0000000 1.0000000
vt 0.0000000 1.0000000
vt 0.0000000 1.0000000
vt 0.0000000 1.0000000
vt 0.0000000 1.0000000
vt 0.0000000 1.0000000
vt 0.0000000 1.0000000
vt 0.0000000 1.0000000
vt 0.0000000 1.0000000
vt 0.0000000 1.0000000
vt 0.0000000 1.0000000
vt 0.0000000 1.0000000
vt 0.0000000 1.0000000
vt 0.0000000 1.0000000
vt 0.0000000 1.0000000
vt 0.0000000 1.0000000
vt 0.0000000 1.0000000
vt 0.0000000 1.0000000
vt 0.0000000 1.0000000
vt 0.0000000 1.0000000
vt 0.0000000 1.0000000
vt 0.0000000 1.0000000
vt 0.0000000 1.0000000
vt 0.0000000 1.0000000
vt 0.0000000 1.0000000
vt 0.0000000 1.0000000
vt 0.0000000 1.0000000
vt 0.0000000 1.0000000
vt 0.0000000 1.0000000
vt 0.0000000 1.0000000
vt 0.0000000 1.0000000
vt 0.0000000 1.0000000
vt 0.0000000 1.0000000
vt 0.0000000 1.0000000
vt 0.0000000 1.0000000
vt 0.0000000 1.0000000
vt 0.0000000 1.0000000
vt 0.0000000 1.0000000
vt 0.0000000 1.0000000
vt 0.0000000 1.0000000
vt 0.0000000 1.0000000
vt 0.0000000 1.0000000
vt 0.0000000 1.0000000
vt 0.0000000 1.0000000
vt 0.0000000 1.0000000
vt 0.0000000 1.0000000
vt 0.0000000 1.0000000
vt 0.0000000 1.0000000
vt 0.0000000 1.0000000
vt 0.0000000 1.0000000
vt 0.0000000 1.0000000
vt 0.0000000 1.0000000
vt 0.0000000 1.0000000
vt 0.0000000 1.0000000
vt 0.0000000 1.0000000
vt 0.0000000 1.0000000
vt 0.0000000 1.0000000
vt 0.0000000 1.0000000
vt 0.0000000 1.0000000
vt 0.0000000 1.0000000
vt 0.0000000 1.0000000
vt 0.0000000 1.0000000
vt 0.0000000 1.0000000
vt 0.0000000 1.0000000
vt 0.0000000 1.0000000
vt 0.0000000 1.0000000
vt 0.0000000 1.0000000
vt 0.0000000 1.0000000
vt 0.0000000 1.0000000
vt 0.0000000 1.0000000
vt 0.0000000 1.0000000
vt 0.0000000 1.0000000
vt 0.0000000 1.0000000
vt 0.0000000 1.0000000
vt 0.0000000 1.0000000
vt 0.0000000 1.0000000
vt 0.0000000 1.0000000
vt 0.0000000 1.0000000
vt 0.0000000 1.0000000
vt 0.0000000 1.0000000
vt 0.0000000 1.0000000
vt 0.0000000 1.0000000
vt 0.0000000 1.0000000
vt 0.0000000 1.0000000
vt 0.0000000 1.0000000
vt 0.0000000 1.0000000
vt 0.0000000 1.0000000
vt 0.0000000 1.0000000
vt 0.0000000 1.0000000
vt 0.0000000 1.0000000
vt 0.0000000 1.0000000
vt 0.0000000 1.0000000
vt 0.0000000 1.0000000
vt 0.0000000 1.0000000
vt 0.0000000 1.0000000
vt 0.0000000 1.0000000
vt 0.0000000 1.0000000
vt 0.0000000 1.0000000
vt 0.0000000 1.0000000
vt 0.0000000 1.0000000
vt 0.0000000 1.0000000
vt 0.0000000 1.0000000
vt 0.0000000 1.0000000
vt 0.0000000 1.0000000
vt 0.0000000 1.0000000
vt 0.0000000 1.0000000
vt 0.0000000 1.0000000
vt 0.0000000 1.0000000
vt 0.0000000 1.0000000
vt 0.0000000 1.0000000
vt 0.0000000 1.0000000
vt 0.0000000 1.0000000
vt 0.0000000 1.0000000
vt 0.0000000 1.0000000
vt 0.0000000 1.0000000
vt 0.0000000 1.0000000
vt 0.0000000 1.0000000
vt 0.0000000 1.0000000
vt 0.0000000 1.0000000
vt 0.0000000 1.0000000
vt 0.0000000 1.0000000
vt 0.0000000 1.0000000
vt 0.0000000 1.0000000
vt 0.0000000 1.0000000
vt 0.0000000 1.0000000
vt 0.0000000 1.0000000
vt 0.0000000 1.0000000
vt 0.0000000 1.0000000
vt 0.0000000 1.0000000
vt 0.0000000 1.0000000
vt 0.0000000 1.0000000
vt 0.0000000 1.0000000
vt 0.0000000 1.0000000
vt 0.0000000 1.0000000
vt 0.0000000 1.0000000
vt 0.0000000 1.0000000
vt 0.0000000 1.0000000
vt 0.0000000 1.0000000
vt 0.0000000 1.0000000
vt 0.0000000 1.0000000
vt 0.0000000 1.0000000
vt 0.0000000 1.0000000
vt 0.0000000 1.0000000
vt 0.0000000 1.0000000
vt 0.0000000 1.0000000
vt 0.0000000 1.0000000
vt 0.0000000 1.0000000
vt 0.0000000 1.0000000
vt 0.0000000 1.0000000
vt 0.0000000 1.0000000
vt 0.0000000 1.0000000
vt 0.0000000 1.0000000
vt 0.0000000 1.0000000
vt 0.0000000 1.0000000
vt 0.0000000 1.0000000
vt 0.0000000 1.0000000
vt 0.0000000 1.0000000
vt 0.0000000 1.0000000
vt 0.0000000 1.0000000
vt 0.0000000 1.0000000
vt 0.0000000 1.0000000
vt 0.0000000 1.0000000
vt 0.0000000 1.0000000
vt 0.0000000 1.0000000
vt 0.0000000 1.0000000
vt 0.0000000 1.0000000
vt 0.0000000 1.0000000
vt 0.0000000 1.0000000
vt 0.0000000 1.0000000
vt 0.0000000 1.0000000
vt 0.0000000 1.0000000
vt 0.0000000 1.0000000
vt 0.0000000 1.0000000
vt 0.0000000 1.0000000
vt 0.0000000 1.0000000
vt 0.0000000 1.0000000
vt 0.0000000 1.0000000
vt 0.0000000 1.0000000
vt 0.0000000 1.0000000
vt 0.0000000 1.0000000
vt 0.0000000 1.0000000
vt 0.0000000 1.0000000
vt 0.0000000 1.0000000
vt 0.0000000 1.0000000
vt 0.0000000 1.0000000
vt 0.0000000 1.0000000
vt 0.0000000 1.0000000
vt 0.0000000 1.0000000
vt 0.0000000 1.0000000
vt 0.0000000 1.0000000
vt 0.0000000 1.0000000
vt 0.0000000 1.0000000
vt 0.0000000 1.0000000
vt 0.0000000 1.0000000
vt 0.0000000 1.0000000
vt 0.0000000 1.0000000
vt 0.0000000 1.0000000
vt 0.0000000 1.0000000
vt 0.0000000 1.0000000
vt 0.0000000 1.0000000
vt 0.0000000 1.0000000
vt 0.0000000 1.0000000
vt 0.0000000 1.0000000
vt 0.0000000 1.0000000
vt 0.0000000 1.0000000
vt 0.0000000 1.0000000
vt 0.0000000 1.0000000
vt 0.0000000 1.0000000
vt 0.0000000 1.0000000
vt 0.0000000 1.0000000
vt 0.0000000 1.0000000
vt 0.0000000 1.0000000
vt 0.0000000 1.0000000
vt 0.0000000 1.0000000
vt 0.0000000 1.0000000
vt 0.0000000 1.0000000
vt 0.0000000 1.0000000
vt 0.0000000 1.0000000
vt 0.0000000 1.0000000
vt 0.0000000 1.0000000
vt 0.0000000 1.0000000
vt 0.0000000 1.0000000
vt 0.0000000 1.0000000
vt 0.0000000 1.0000000
vt 0.0000000 1.0000000
vt 0.0000000 1.0000000
vt 0.0000000 1.0000000
vt 0.0000000 1.0000000
vt 0.0000000 1.0000000
vt 0.0000000 1.0000000
vt 0.0000000 1.0000000
vt 0.0000000 1.0000000
vt 0.0000000 1.0000000
vt 0.0000000 1.0000000
vt 0.0000000 1.0000000
vt 0.0000000 1.0000000
vt 0.0000000 1.0000000
vt 0.0000000 1.0000000
vt 0.0000000 1.0000000
vt 0.0000000 1.0000000
vt 0.0000000 1.0000000
vt 0.0000000 1.0000000
vt 0.0000000 1.0000000
vt 0.0000000 1.0000000
vt 0.0000000 1.0000000
vt 0.0000000 1.0000000
vt 0.0000000 1.0000000
vt 0.0000000 1.0000000
vt 0.0000000 1.0000000
vt 0.0000000 1.0000000
vt 0.0000000 1.0000000
vt 0.0000000 1.0000000
vt 0.0000000 1.0000000
vt 0.0000000 1.0000000
vt 0.0000000 1.0000000
vt 0.0000000 1.0000000
vt 0.0000000 1.0000000
vt 0.0000000 1.0000000
vt 0.0000000 1.0000000
vt 0.0000000 1.0000000
vt 0.0000000 1.0000000
vt 0.0000000 1.0000000
vt 0.0000000 1.0000000
vt 0.0000000 1.0000000
vt 0.0000000 1.0000000
vt 0.0000000 1.0000000
vt 0.0000000 1.0000000
vt 0.0000000 1.0000000
vt 0.0000000 1.0000000
vt 0.0000000 1.0000000
vt 0.0000000 1.0000000
vt 0.0000000 1.0000000
vt 0.0000000 1.0000000
vt 0.0000000 1.0000000
vt 0.0000000 1.0000000
vt 0.0000000 1.0000000
vt 0.0000000 1.0000000
vt 0.0000000 1.0000000
vt 0.0000000 1.0000000
vt 0.0000000 1.0000000
vt 0.0000000 1.0000000
vt 0.0000000 1.0000000
vt 0.0000000 1.0000000
vt 0.0000000 1.0000000
vt 0.0000000 1.0000000
vt 0.0000000 1.0000000
vt 0.0000000 1.0000000
vt 0.0000000 1.0000000
vt 0.0000000 1.0000000
vt 0.0000000 1.0000000
vt 0.0000000 1.0000000
vt 0.0000000 1.0000000
vt 0.0000000 1.0000000
vt 0.0000000 1.0000000
vt 0.0000000 1.0000000
vt 0.0000000 1.0000000
vt 0.0000000 1.0000000
vt 0.0000000 1.0000000
vt 0.0000000 1.0000000
vt 0.0000000 1.0000000
vt 0.0000000 1.0000000
vt 0.0000000 1.0000000
vt 0.0000000 1.0000000
vt 0.0000000 1.0000000
vt 0.0000000 1.0000000
vt 0.0000000 1.0000000
vt 0.0000000 1.0000000
vt 0.0000000 1.0000000
vt 0.0000000 1.0000000
vt 0.0000000 1.0000000
vt 0.0000000 1.0000000
vt 0.0000000 1.0000000
vt 0.0000000 1.0000000
vt 0.0000000 1.0000000
vt 0.0000000 1.0000000
vt 0.0000000 1.0000000
vt 0.0000000 1.0000000
vt 0.0000000 1.0000000
vt 0.0000000 1.0000000
vt 0.0000000 1.0000000
vt 0.0000000 1.0000000
vt 0.0000000 1.0000000
vt 0.0000000 1.0000000
vt 0.0000000 1.0000000
vt 0.0000000 1.0000000
vt 0.0000000 1.0000000
vt 0.0000000 1.0000000
vt 0.0000000 1.0000000
vt 0.0000000 1.0000000
vt 0.0000000 1.0000000
vt 0.0000000 1.0000000
vt 0.0000000 1.0000000
vt 0.0000000 1.0000000
vt 0.0000000 1.0000000
vt 0.0000000 1.0000000
vt 0.0000000 1.0000000
vt 0.0000000 1.0000000
vt 0.0000000 1.0000000
vt 0.0000000 1.0000000
vt 0.0000000 1.0000000
vt 0.0000000 1.0000000
vt 0.0000000 1.0000000
vt 0.0000000 1.0000000
vt 0.0000000 1.0000000
vt 0.0000000 1.0000000
vt 0.0000000 1.0000000
vt 0.0000000 1.0000000
vt 0.0000000 1.0000000
vt 0.0000000 1.0000000
vt 0.0000000 1.0000000
vt 0.0000000 1.0000000
vt 0.0000000 1.0000000
vt 0.0000000 1.0000000
vt 0.0000000 1.0000000
vt 0.0000000 1.0000000
vt 0.0000000 1.0000000
vt 0.0000000 1.0000000
vt 0.0000000 1.0000000
vt 0.0000000 1.0000000
vt 0.0000000 1.0000000
vt 0.0000000 1.0000000
vt 0.0000000 1.0000000
vt 0.0000000 1.0000000
vt 0.0000000 1.0000000
vt 0.0000000 1.0000000
vt 0.0000000 1.0000000
vt 0.0000000 1.0000000
vt 0.0000000 1.0000000
vt 0.0000000 1.0000000
vt 0.0000000 1.0000000
vt 0.0000000 1.0000000
vt 0.0000000 1.0000000
vt 0.0000000 1.0000000
vt 0.0000000 1.0000000
vt 0.0000000 1.0000000
vt 0.0000000 1.0000000
vt 0.0000000 1.0000000
vt 0.0000000 1.0000000
vt 0.0000000 1.0000000
vt 0.0000000 1.0000000
vt 0.0000000 1.0000000
vt 0.0000000 1.0000000
vt 0.0000000 1.0000000
vt 0.0000000 1.0000000
vt 0.0000000 1.0000000
vt 0.0000000 1.0000000
vt 0.0000000 1.0000000
vt 0.0000000 1.0000000
vt 0.0000000 1.0000000
vt 0.0000000 1.0000000
vt 0.0000000 1.0000000
vt 0.0000000 1.0000000
vt 0.0000000 1.0000000
vt 0.0000000 1.0000000
vt 0.0000000 1.0000000
vt 0.0000000 1.0000000
vt 0.0000000 1.0000000
usemtl mat4
f 303/1183 304/1184 305/1185 306/1186 307/1187 308/1188 309/1189 310/1190 311/1191 312/1192 313/1193 314/1194 315/1195 316/1196 317/1197 318/1198 319/1199 320/1200 321/1201 322/1202 323/1203 324/1204 325/1205 326/1206 327/1207 328/1208 329/1209 330/1210 331/1211 332/1212 333/1213 334/1214
f 335/1215 336/1216 337/1217 338/1218
f 336/1219 339/1220 340/1221 337/1222
f 339/1223 341/1224 342/1225 340/1226
f 341/1227 343/1228 344/1229 342/1230
f 343/1231 345/1232 346/1233 344/1234
f 345/1235 347/1236 348/1237 346/1238
f 347/1239 349/1240 350/1241 348/1242
f 349/1243 351/1244 352/1245 350/1246
f 351/1247 353/1248 354/1249 352/1250
f 353/1251 355/1252 356/1253 354/1254
f 355/1255 357/1256 358/1257 356/1258
f 357/1259 359/1260 360/1261 358/1262
f 359/1263 361/1264 362/1265 360/1266
f 361/1267 363/1268 364/1269 362/1270
f 363/1271 365/1272 366/1273 364/1274
f 365/1275 367/1276 368/1277 366/1278
f 367/1279 369/1280 370/1281 368/1282
f 369/1283 371/1284 372/1285 370/1286
f 371/1287 373/1288 374/1289 372/1290
f 373/1291 375/1292 376/1293 374/1294
f 375/1295 377/1296 378/1297 376/1298
f 377/1299 379/1300 380/1301 378/1302
f 379/1303 381/1304 382/1305 380/1306
f 381/1307 383/1308 384/1309 382/1310
f 383/1311 385/1312 386/1313 384/1314
f 385/1315 387/1316 388/1317 386/1318
f 387/1319 389/1320 390/1321 388/1322
f 389/1323 391/1324 392/1325 390/1326
f 391/1327 393/1328 394/1329 392/1330
f 393/1331 395/1332 396/1333 394/1334
f 395/1335 397/1336 398/1337 396/1338
f 397/1339 335/1340 338/1341 398/1342
f 338/1343 337/1344 399/1345 400/1346
f 337/1347 340/1348 401/1349 399/1350
f 340/1351 342/1352 402/1353 401/1354
f 342/1355 344/1356 403/1357 402/1358
f 344/1359 346/1360 404/1361 403/1362
f 346/1363 348/1364 405/1365 404/1366
f 348/1367 350/1368 406/1369 405/1370
f 350/1371 352/1372 407/1373 406/1374
f 352/1375 354/1376 408/1377 407/1378
f 354/1379 356/1380 409/1381 408/1382
f 356/1383 358/1384 410/1385 409/1386
f 358/1387 360/1388 411/1389 410/1390
f 360/1391 362/1392 412/1393 411/1394
f 362/1395 364/1396 413/1397 412/1398
f 364/1399 366/1400 414/1401 413/1402
f 366/1403 368/1404 415/1405 414/1406
f 368/1407 370/1408 416/1409 415/1410
f 370/1411 372/1412 417/1413 416/1414
f 372/1415 374/1416 418/1417 417/1418
f 374/1419 376/1420 419/1421 418/1422
f 376/1423 378/1424 420/1425 419/1426
f 378/1427 380/1428 421/1429 420/1430
f 380/1431 382/1432 422/1433 421/1434
f 382/1435 384/1436 423/1437 422/1438
f 384/1439 386/1440 424/1441 423/1442
f 386/1443 388/1444 425/1445 424/1446
f 388/1447 390/1448 426/1449 425/1450
f 390/1451 392/1452 427/1453 426/1454
f 392/1455 394/1456 428/1457 427/1458
f 394/1459 396/1460 429/1461 428/1462
f 396/1463 398/1464 430/1465 429/1466
f 398/1467 338/1468 400/1469 430/1470
f 400/1471 399/1472 431/1473 432/1474
f 399/1475 401/1476 433/1477 431/1478
f 401/1479 402/1480 434/1481 433/1482
f 402/1483 403/1484 435/1485 434/1486
f 403/1487 404/1488 436/1489 435/1490
f 404/1491 405/1492 437/1493 436/1494
f 405/1495 406/1496 438/1497 437/1498
f 406/1499 407/1500 439/1501 438/1502
f 407/1503 408/1504 440/1505 439/1506
f 408/1507 409/1508 441/1509 440/1510
f 409/1511 410/1512 442/1513 441/1514
f 410/1515 411/1516 443/1517 442/1518
f 411/1519 412/1520 444/1521 443/1522
f 412/1523 413/1524 445/1525 444/1526
f 413/1527 414/1528 446/1529 445/1530
f 414/1531 415/1532 447/1533 446/1534
f 415/1535 416/1536 448/1537 447/1538
f 416/1539 417/1540 449/1541 448/1542
f 417/1543 418/1544 450/1545 449/1546
f 418/1547 419/1548 451/1549 450/1550
f 419/1551 420/1552 452/1553 451/1554
f 420/1555 421/1556 453/1557 452/1558
f 421/1559 422/1560 454/1561 453/1562
f 422/1563 423/1564 455/1565 454/1566
f 423/1567 424/1568 456/1569 455/1570
f 424/1571 425/1572 457/1573 456/1574
f 425/1575 426/1576 458/1577 457/1578
f 426/1579 427/1580 459/1581 458/1582
f 427/1583 428/1584 460/1585 459/1586
f 428/1587 429/1588 461/1589 460/1590
f 429/1591 430/1592 462/1593 461/1594
f 430/1595 400/1596 432/1597 462/1598
f 431/1599 463/1600 432/1601
f 433/1602 463/1603 431/1604
f 434/1605 463/1606 433/1607
f 435/1608 463/1609 434/1610
f 436/1611 463/1612 435/1613
f 437/1614 463/1615 436/1616
f 438/1617 463/1618 437/1619
f 439/1620 463/1621 438/1622
f 440/1623 463/1624 439/1625
f 441/1626 463/1627 440/1628
f 442/1629 463/1630 441/1631
f 443/1632 463/1633 442/1634
f 444/1635 463/1636 443/1637
f 445/1638 463/1639 444/1640
f 446/1641 463/1642 445/1643
f 447/1644 463/1645 446/1646
f 448/1647 463/1648 447/1649
f 449/1650 463/1651 448/1652
f 450/1653 463/1654 449/1655
f 451/1656 463/1657 450/1658
f 452/1659 463/1660 451/1661
f 453/1662 463/1663 452/1664
f 454/1665 463/1666 453/1667
f 455/1668 463/1669 454/1670
f 456/1671 463/1672 455/1673
f 457/1674 463/1675 456/1676
f 458/1677 463/1678 457/1679
f 459/1680 463/1681 458/1682
f 460/1683 463/1684 459/1685
f 461/1686 463/1687 460/1688
f 462/1689 463/1690 461/1691
f 432/1692 463/1693 462/1694
f 334/1695 333/1696 336/1697 335/1698
f 333/1699 332/1700 339/1701 336/1702
f 332/1703 331/1704 341/1705 339/1706
f 331/1707 330/1708 343/1709 341/1710
f 330/1711 329/1712 345/1713 343/1714
f 329/1715 328/1716 347/1717 345/1718
f 328/1719 327/1720 349/1721 347/1722
f 327/1723 326/1724 351/1725 349/1726
f 326/1727 325/1728 353/1729 351/1730
f 325/1731 324/1732 355/1733 353/1734
f 324/1735 323/1736 357/1737 355/1738
f 323/1739 322/1740 359/1741 357/1742
f 322/1743 321/1744 361/1745 359/1746
f 321/1747 320/1748 363/1749 361/1750
f 320/1751 319/1752 365/1753 363/1754
f 319/1755 318/1756 367/1757 365/1758
f 318/1759 317/1760 369/1761 367/1762
f 317/1763 316/1764 371/1765 369/1766
f 316/1767 315/1768 373/1769 371/1770
f 315/1771 314/1772 375/1773 373/1774
f 314/1775 313/1776 377/1777 375/1778
f 313/1779 312/1780 379/1781 377/1782
f 312/1783 311/1784 381/1785 379/1786
f 311/1787 310/1788 383/1789 381/1790
f 310/1791 309/1792 385/1793 383/1794
f 309/1795 308/1796 387/1797 385/1798
f 308/1799 307/1800 389/1801 387/1802
f 307/1803 306/1804 391/1805 389/1806
f 306/1807 305/1808 393/1809 391/1810
f 305/1811 304/1812 395/1813 393/1814
f 304/1815 303/1816 397/1817 395/1818
f 334/1819 335/1820 397/1821 303/1822
o UC_Main_Center
v 0.0494553 -0.1397000 -0.4526830
v 0.0494553 -0.1410180 -0.4546600
v 0.0529619 -0.1424410 -0.4546600
v 0.0538806 -0.1414960 -0.4526830
v 0.0494553 -0.1447320 -0.4546600
v 0.0503741 -0.1451050 -0.4546600
v 0.0494553 -0.1460500 -0.4526830
v 0.0494553 -0.1460500 -0.3804370
v 0.0494553 -0.1447320 -0.3784600
v 0.0503741 -0.1451050 -0.3784600
v 0.0494553 -0.1410180 -0.3784600
v 0.0529619 -0.1424410 -0.3784600
v 0.0494553 -0.1397000 -0.3804370
v 0.0538806 -0.1414960 -0.3804370
v -0.0538806 -0.1414960 -0.4526830
v -0.0529619 -0.1424410 -0.4546600
v -0.0494553 -0.1410180 -0.4546600
v -0.0494553 -0.1397000 -0.4526830
v -0.0503741 -0.1451050 -0.4546600
v -0.0494553 -0.1447320 -0.4546600
v -0.0494553 -0.1460500 -0.4526830
v -0.0503741 -0.1451050 -0.3784600
v -0.0494553 -0.1447320 -0.3784600
v -0.0494553 -0.1460500 -0.3804370
v -0.0529619 -0.1424410 -0.3784600
v -0.0494553 -0.1410180 -0.3784600
v -0.0538806 -0.1414960 -0.3804370
v -0.0494553 -0.1397000 -0.3804370
vt 0.0000000 1.0000000
vt 0.0000000 1.0000000
vt 0.0000000 1.0000000
vt 0.0000000 1.0000000
vt 0.0000000 1.0000000
vt 0.0000000 1.0000000
vt 0.0000000 1.0000000
vt 0.0000000 1.0000000
vt 0.0000000 1.0000000
vt 0.0000000 1.0000000
vt 0.0000000 1.0000000
vt 0.0000000 1.0000000
vt 0.0000000 1.0000000
vt 0.0000000 1.0000000
vt 0.0000000 1.0000000
vt 0.0000000 1.0000000
vt 0.0000000 1.0000000
vt 0.0000000 1.0000000
vt 0.0000000 1.0000000
vt 0.0000000 1.0000000
vt 0.0000000 1.0000000
vt 0.0000000 1.0000000
vt 0.0000000 1.0000000
vt 0.0000000 1.0000000
vt 0.0000000 1.0000000
vt 0.0000000 1.0000000
vt 0.0000000 1.0000000
vt 0.0000000 1.0000000
vt 0.0000000 1.0000000
vt 0.0000000 1.0000000
vt 0.0000000 1.0000000
vt 0.0000000 1.0000000
vt 0.0000000 1.0000000
vt 0.0000000 1.0000000
vt 0.0000000 1.0000000
vt 0.0000000 1.0000000
vt 0.0000000 1.0000000
vt 0.0000000 1.0000000
vt 0.0000000 1.0000000
vt 0.0000000 1.0000000
vt 0.0000000 1.0000000
vt 0.0000000 1.0000000
vt 0.0000000 1.0000000
vt 0.0000000 1.0000000
vt 0.0000000 1.0000000
vt 0.0000000 1.0000000
vt 0.0000000 1.0000000
vt 0.0000000 1.0000000
vt 0.0000000 1.0000000
vt 0.0000000 1.0000000
vt 0.0000000 1.0000000
vt 0.0000000 1.0000000
vt 0.0000000 1.0000000
vt 0.0000000 1.0000000
vt 0.0000000 1.0000000
vt 0.0000000 1.0000000
vt 0.0000000 1.0000000
vt 0.0000000 1.0000000
vt 0.0000000 1.0000000
vt 0.0000000 1.0000000
vt 0.0000000 1.0000000
vt 0.0000000 1.0000000
vt 0.0000000 1.0000000
vt 0.0000000 1.0000000
vt 0.0000000 1.0000000
vt 0.0000000 1.0000000
vt 0.0000000 1.0000000
vt 0.0000000 1.0000000
vt 0.0000000 1.0000000
vt 0.0000000 1.0000000
vt 0.0000000 1.0000000
vt 0.0000000 1.0000000
vt 0.0000000 1.0000000
vt 0.0000000 1.0000000
vt 0.0000000 1.0000000
vt 0.0000000 1.0000000
vt 0.0000000 1.0000000
vt 0.0000000 1.0000000
vt 0.0000000 1.0000000
vt 0.0000000 1.0000000
vt 0.0000000 1.0000000
vt 0.0000000 1.0000000
vt 0.0000000 1.0000000
vt 0.0000000 1.0000000
usemtl mat1
f 464/1823 465/1824 466/1825 467/1826
f 465/1827 468/1828 469/1829 466/1830
f 468/1831 470/1832 469/1833
f 471/1834 472/1835 473/1836
f 472/1837 474/1838 475/1839 473/1840
f 474/1841 476/1842 477/1843 475/1844
f 476/1845 464/1846 467/1847 477/1848
f 478/1849 479/1850 480/1851 481/1852
f 479/1853 482/1854 483/1855 480/1856
f 482/1857 484/1858 483/1859
f 485/1860 486/1861 487/1862
f 485/1863 488/1864 489/1865 486/1866
f 488/1867 490/1868 491/1869 489/1870
f 490/1871 478/1872 481/1873 491/1874
f 464/1875 476/1876 491/1877 481/1878
f 474/1879 472/1880 486/1881 489/1882
f 471/1883 470/1884 484/1885 487/1886
f 468/1887 465/1888 480/1889 483/1890
f 464/1891 481/1892 480/1893 465/1894
f 476/1895 474/1896 489/1897 491/1898
f 472/1899 471/1900 487/1901 486/1902
f 470/1903 468/1904 483/1905 484/1906
o UC_Main_Left
v 0.2614640 -0.3215890 -0.4346210
v 0.2606100 -0.3225940 -0.4356100
v 0.2582040 -0.3254220 -0.4356100
v 0.2573500 -0.3264270 -0.4346210
v 0.2573500 -0.3264270 -0.3984990
v 0.2582040 -0.3254220 -0.3975100
v 0.2606100 -0.3225940 -0.3975100
v 0.2614640 -0.3215890 -0.3984990
v 0.0494553 -0.1397000 -0.4526830
v 0.0494553 -0.1410180 -0.4546600
v 0.0529619 -0.1424410 -0.4546600
v 0.0538806 -0.1414960 -0.4526830
v 0.0494553 -0.1447320 -0.4546600
v 0.0503741 -0.1451050 -0.4546600
v 0.0494553 -0.1460500 -0.4526830
v 0.0494553 -0.1460500 -0.3804370
v 0.0494553 -0.1447320 -0.3784600
v 0.0503741 -0.1451050 -0.3784600
v 0.0494553 -0.1410180 -0.3784600
v 0.0529619 -0.1424410 -0.3784600
v 0.0494553 -0.1397000 -0.3804370
v 0.0538806 -0.1414960 -0.3804370
vt 0.0000000 1.0000000
vt 0.0000000 1.0000000
vt 0.0000000 1.0000000
vt 0.0000000 1.0000000
vt 0.0000000 1.0000000
vt 0.0000000 1.0000000
vt 0.0000000 1.0000000
vt 0.0000000 1.0000000
vt 0.0000000 1.0000000
vt 0.0000000 1.0000000
vt 0.0000000 1.0000000
vt 0.0000000 1.0000000
vt 0.0000000 1.0000000
vt 0.0000000 1.0000000
vt 0.0000000 1.0000000
vt 0.0000000 1.0000000
vt 0.0000000 1.0000000
vt 0.0000000 1.0000000
vt 0.0000000 1.0000000
vt 0.0000000 1.0000000
vt 0.0000000 1.0000000
vt 0.0000000 1.0000000
vt 0.0000000 1.0000000
vt 0.0000000 1.0000000
vt 0.0000000 1.0000000
vt 0.0000000 1.0000000
vt 0.0000000 1.0000000
vt 0.0000000 1.0000000
vt 0.0000000 1.0000000
vt 0.0000000 1.0000000
vt 0.0000000 1.0000000
vt 0.0000000 1.0000000
vt 0.0000000 1.0000000
vt 0.0000000 1.0000000
vt 0.0000000 1.0000000
vt 0.0000000 1.0000000
vt 0.0000000 1.0000000
vt 0.0000000 1.0000000
vt 0.0000000 1.0000000
vt 0.0000000 1.0000000
vt 0.0000000 1.0000000
vt 0.0000000 1.0000000
vt 0.0000000 1.0000000
vt 0.0000000 1.0000000
vt 0.0000000 1.0000000
vt 0.0000000 1.0000000
vt 0.0000000 1.0000000
vt 0.0000000 1.0000000
vt 0.0000000 1.0000000
vt 0.0000000 1.0000000
vt 0.0000000 1.0000000
vt 0.0000000 1.0000000
vt 0.0000000 1.0000000
vt 0.0000000 1.0000000
vt 0.0000000 1.0000000
vt 0.0000000 1.0000000
vt 0.0000000 1.0000000
vt 0.0000000 1.0000000
vt 0.0000000 1.0000000
vt 0.0000000 1.0000000
vt 0.0000000 1.0000000
vt 0.0000000 1.0000000
vt 0.0000000 1.0000000
vt 0.0000000 1.0000000
vt 0.0000000 1.0000000
vt 0.0000000 1.0000000
usemtl mat1
f 492/1907 493/1908 494/1909 495/1910 496/1911 497/1912 498/1913 499/1914
f 500/1915 501/1916 502/1917 503/1918
f 501/1919 504/1920 505/1921 502/1922
f 504/1923 506/1924 505/1925
f 507/1926 508/1927 509/1928
f 508/1929 510/1930 511/1931 509/1932
f 510/1933 512/1934 513/1935 511/1936
f 512/1937 500/1938 503/1939 513/1940
f 503/1941 502/1942 493/1943 492/1944
f 502/1945 505/1946 494/1947 493/1948
f 505/1949 506/1950 495/1951 494/1952
f 506/1953 507/1954 496/1955 495/1956
f 507/1957 509/1958 497/1959 496/1960
f 509/1961 511/1962 498/1963 497/1964
f 511/1965 513/1966 499/1967 498/1968
f 513/1969 503/1970 492/1971 499/1972
o UC_Main_Right
v -0.2614640 -0.3215890 -0.3984990
v -0.2606100 -0.3225940 -0.3975100
v -0.2582040 -0.3254220 -0.3975100
v -0.2573500 -0.3264270 -0.3984990
v -0.2573500 -0.3264270 -0.4346210
v -0.2582040 -0.3254220 -0.4356100
v -0.2606100 -0.3225940 -0.4356100
v -0.2614640 -0.3215890 -0.4346210
v -0.0538806 -0.1414960 -0.4526830
v -0.0529619 -0.1424410 -0.4546600
v -0.0494553 -0.1410180 -0.4546600
v -0.0494553 -0.1397000 -0.4526830
v -0.0503741 -0.1451050 -0.4546600
v -0.0494553 -0.1447320 -0.4546600
v -0.0494553 -0.1460500 -0.4526830
v -0.0503741 -0.1451050 -0.3784600
v -0.0494553 -0.1447320 -0.3784600
v -0.0494553 -0.1460500 -0.3804370
v -0.0529619 -0.1424410 -0.3784600
v -0.0494553 -0.1410180 -0.3784600
v -0.0538806 -0.1414960 -0.3804370
v -0.0494553 -0.1397000 -0.3804370
vt 0.0000000 1.0000000
vt 0.0000000 1.0000000
vt 0.0000000 1.0000000
vt 0.0000000 1.0000000
vt 0.0000000 1.0000000
vt 0.0000000 1.0000000
vt 0.0000000 1.0000000
vt 0.0000000 1.0000000
vt 0.0000000 1.0000000
vt 0.0000000 1.0000000
vt 0.0000000 1.0000000
vt 0.0000000 1.0000000
vt 0.0000000 1.0000000
vt 0.0000000 1.0000000
vt 0.0000000 1.0000000
vt 0.0000000 1.0000000
vt 0.0000000 1.0000000
vt 0.0000000 1.0000000
vt 0.0000000 1.0000000
vt 0.0000000 1.0000000
vt 0.0000000 1.0000000
vt 0.0000000 1.0000000
vt 0.0000000 1.0000000
vt 0.0000000 1.0000000
vt 0.0000000 1.0000000
vt 0.0000000 1.0000000
vt 0.0000000 1.0000000
vt 0.0000000 1.0000000
vt 0.0000000 1.0000000
vt 0.0000000 1.0000000
vt 0.0000000 1.0000000
vt 0.0000000 1.0000000
vt 0.0000000 1.0000000
vt 0.0000000 1.0000000
vt 0.0000000 1.0000000
vt 0.0000000 1.0000000
vt 0.0000000 1.0000000
vt 0.0000000 1.0000000
vt 0.0000000 1.0000000
vt 0.0000000 1.0000000
vt 0.0000000 1.0000000
vt 0.0000000 1.0000000
vt 0.0000000 1.0000000
vt 0.0000000 1.0000000
vt 0.0000000 1.0000000
vt 0.0000000 1.0000000
vt 0.0000000 1.0000000
vt 0.0000000 1.0000000
vt 0.0000000 1.0000000
vt 0.0000000 1.0000000
vt 0.0000000 1.0000000
vt 0.0000000 1.0000000
vt 0.0000000 1.0000000
vt 0.0000000 1.0000000
vt 0.0000000 1.0000000
vt 0.0000000 1.0000000
vt 0.0000000 1.0000000
vt 0.0000000 1.0000000
vt 0.0000000 1.0000000
vt 0.0000000 1.0000000
vt 0.0000000 1.0000000
vt 0.0000000 1.0000000
vt 0.0000000 1.0000000
vt 0.0000000 1.0000000
vt 0.0000000 1.0000000
vt 0.0000000 1.0000000
usemtl mat1
f 514/1973 515/1974 516/1975 517/1976 518/1977 519/1978 520/1979 521/1980
f 522/1981 523/1982 524/1983 525/1984
f 523/1985 526/1986 527/1987 524/1988
f 526/1989 528/1990 527/1991
f 529/1992 530/1993 531/1994
f 529/1995 532/1996 533/1997 530/1998
f 532/1999 534/2000 535/2001 533/2002
f 534/2003 522/2004 525/2005 535/2006
f 521/2007 520/2008 523/2009 522/2010
f 520/2011 519/2012 526/2013 523/2014
f 519/2015 518/2016 528/2017 526/2018
f 518/2019 517/2020 531/2021 528/2022
f 517/2023 516/2024 529/2025 531/2026
f 516/2027 515/2028 532/2029 529/2030
f 515/2031 514/2032 534/2033 532/2034
f 514/2035 521/2036 522/2037 534/2038
o UC_L_Tyre
v 0.2603500 -0.3365500 -0.4165600
v 0.2628650 -0.3554660 -0.4127970
v 0.2628650 -0.3558360 -0.4165600
v 0.2628650 -0.3543680 -0.4091800
v 0.2628650 -0.3525860 -0.4058450
v 0.2628650 -0.3501870 -0.4029230
v 0.2628650 -0.3472650 -0.4005240
v 0.2628650 -0.3439300 -0.3987420
v 0.2628650 -0.3403130 -0.3976440
v 0.2628650 -0.3365500 -0.3972740
v 0.2628650 -0.3327870 -0.3976440
v 0.2628650 -0.3291700 -0.3987420
v 0.2628650 -0.3258350 -0.4005240
v 0.2628650 -0.3229130 -0.4029230
v 0.2628650 -0.3205140 -0.4058450
v 0.2628650 -0.3187320 -0.4091800
v 0.2628650 -0.3176340 -0.4127970
v 0.2628650 -0.3172640 -0.4165600
v 0.2628650 -0.3176340 -0.4203230
v 0.2628650 -0.3187320 -0.4239400
v 0.2628650 -0.3205140 -0.4272750
v 0.2628650 -0.3229130 -0.4301970
v 0.2628650 -0.3258350 -0.4325960
v 0.2628650 -0.3291700 -0.4343780
v 0.2628650 -0.3327870 -0.4354760
v 0.2628650 -0.3365500 -0.4358460
v 0.2628650 -0.3403130 -0.4354760
v 0.2628650 -0.3439300 -0.4343780
v 0.2628650 -0.3472650 -0.4325960
v 0.2628650 -0.3501870 -0.4301970
v 0.2628650 -0.3525860 -0.4272750
v 0.2628650 -0.3543680 -0.4239400
v 0.2628650 -0.3554660 -0.4203230
v 0.2635630 -0.3706350 -0.4097800
v 0.2635630 -0.3713020 -0.4165600
v 0.2635630 -0.3686570 -0.4032610
v 0.2635630 -0.3654460 -0.3972530
v 0.2635630 -0.3611240 -0.3919860
v 0.2635630 -0.3558570 -0.3876640
v 0.2635630 -0.3498490 -0.3844530
v 0.2635630 -0.3433300 -0.3824750
v 0.2635630 -0.3365500 -0.3818080
v 0.2635630 -0.3297700 -0.3824750
v 0.2635630 -0.3232510 -0.3844530
v 0.2635630 -0.3172430 -0.3876640
v 0.2635630 -0.3119760 -0.3919860
v 0.2635630 -0.3076540 -0.3972530
v 0.2635630 -0.3044430 -0.4032610
v 0.2635630 -0.3024650 -0.4097800
v 0.2635630 -0.3017980 -0.4165600
v 0.2635630 -0.3024650 -0.4233400
v 0.2635630 -0.3044430 -0.4298590
v 0.2635630 -0.3076540 -0.4358670
v 0.2635630 -0.3119760 -0.4411340
v 0.2635630 -0.3172430 -0.4454560
v 0.2635630 -0.3232510 -0.4486670
v 0.2635630 -0.3297700 -0.4506450
v 0.2635630 -0.3365500 -0.4513120
v 0.2635630 -0.3433300 -0.4506450
v 0.2635630 -0.3498490 -0.4486670
v 0.2635630 -0.3558570 -0.4454560
v 0.2635630 -0.3611240 -0.4411340
v 0.2635630 -0.3654460 -0.4358670
v 0.2635630 -0.3686570 -0.4298590
v 0.2635630 -0.3706350 -0.4233400
v 0.2695090 -0.3790530 -0.4081060
v 0.2695090 -0.3798860 -0.4165600
v 0.2695090 -0.3765870 -0.3999760
v 0.2695090 -0.3725820 -0.3924840
v 0.2695090 -0.3671930 -0.3859170
v 0.2695090 -0.3606260 -0.3805280
v 0.2695090 -0.3531340 -0.3765230
v 0.2695090 -0.3450040 -0.3740570
v 0.2695090 -0.3365500 -0.3732240
v 0.2695090 -0.3280960 -0.3740570
v 0.2695090 -0.3199660 -0.3765230
v 0.2695090 -0.3124740 -0.3805280
v 0.2695090 -0.3059070 -0.3859170
v 0.2695090 -0.3005180 -0.3924840
v 0.2695090 -0.2965130 -0.3999760
v 0.2695090 -0.2940470 -0.4081060
v 0.2695090 -0.2932140 -0.4165600
v 0.2695090 -0.2940470 -0.4250140
v 0.2695090 -0.2965130 -0.4331440
v 0.2695090 -0.3005180 -0.4406360
v 0.2695090 -0.3059070 -0.4472030
v 0.2695090 -0.3124740 -0.4525920
v 0.2695090 -0.3199660 -0.4565970
v 0.2695090 -0.3280960 -0.4590630
v 0.2695090 -0.3365500 -0.4598960
v 0.2695090 -0.3450040 -0.4590630
v 0.2695090 -0.3531340 -0.4565970
v 0.2695090 -0.3606260 -0.4525920
v 0.2695090 -0.3671930 -0.4472030
v 0.2695090 -0.3725820 -0.4406360
v 0.2695090 -0.3765870 -0.4331440
v 0.2695090 -0.3790530 -0.4250140
v 0.2892910 -0.3790530 -0.4081060
v 0.2892910 -0.3798860 -0.4165600
v 0.2892910 -0.3765870 -0.3999760
v 0.2892910 -0.3725820 -0.3924840
v 0.2892910 -0.3671930 -0.3859170
v 0.2892910 -0.3606260 -0.3805280
v 0.2892910 -0.3531340 -0.3765230
v 0.2892910 -0.3450040 -0.3740570
v 0.2892910 -0.3365500 -0.3732240
v 0.2892910 -0.3280960 -0.3740570
v 0.2892910 -0.3199660 -0.3765230
v 0.2892910 -0.3124740 -0.3805280
v 0.2892910 -0.3059070 -0.3859170
v 0.2892910 -0.3005180 -0.3924840
v 0.2892910 -0.2965130 -0.3999760
v 0.2892910 -0.2940470 -0.4081060
v 0.2892910 -0.2932140 -0.4165600
v 0.2892910 -0.2940470 -0.4250140
v 0.2892910 -0.2965130 -0.4331440
v 0.2892910 -0.3005180 -0.4406360
v 0.2892910 -0.3059070 -0.4472030
v 0.2892910 -0.3124740 -0.4525920
v 0.2892910 -0.3199660 -0.4565970
v 0.2892910 -0.3280960 -0.4590630
v 0.2892910 -0.3365500 -0.4598960
v 0.2892910 -0.3450040 -0.4590630
v 0.2892910 -0.3531340 -0.4565970
v 0.2892910 -0.3606260 -0.4525920
v 0.2892910 -0.3671930 -0.4472030
v 0.2892910 -0.3725820 -0.4406360
v 0.2892910 -0.3765870 -0.4331440
v 0.2892910 -0.3790530 -0.4250140
v 0.2952370 -0.3706350 -0.4097800
v 0.2952370 -0.3713020 -0.4165600
v 0.2952370 -0.3686570 -0.4032610
v 0.2952370 -0.3654460 -0.3972530
v 0.2952370 -0.3611240 -0.3919860
v 0.2952370 -0.3558570 -0.3876640
v 0.2952370 -0.3498490 -0.3844530
v 0.2952370 -0.3433300 -0.3824750
v 0.2952370 -0.3365500 -0.3818080
v 0.2952370 -0.3297700 -0.3824750
v 0.2952370 -0.3232510 -0.3844530
v 0.2952370 -0.3172430 -0.3876640
v 0.2952370 -0.3119760 -0.3919860
v 0.2952370 -0.3076540 -0.3972530
v 0.2952370 -0.3044430 -0.4032610
v 0.2952370 -0.3024650 -0.4097800
v 0.2952370 -0.3017980 -0.4165600
v 0.2952370 -0.3024650 -0.4233400
v 0.2952370 -0.3044430 -0.4298590
v 0.2952370 -0.3076540 -0.4358670
v 0.2952370 -0.3119760 -0.4411340
v 0.2952370 -0.3172430 -0.4454560
v 0.2952370 -0.3232510 -0.4486670
v 0.2952370 -0.3297700 -0.4506450
v 0.2952370 -0.3365500 -0.4513120
v 0.2952370 -0.3433300 -0.4506450
v 0.2952370 -0.3498490 -0.4486670
v 0.2952370 -0.3558570 -0.4454560
v 0.2952370 -0.3611240 -0.4411340
v 0.2952370 -0.3654460 -0.4358670
v 0.2952370 -0.3686570 -0.4298590
v 0.2952370 -0.3706350 -0.4233400
v 0.2959350 -0.3554660 -0.4127970
v 0.2959350 -0.3558360 -0.4165600
v 0.2959350 -0.3543680 -0.4091800
v 0.2959350 -0.3525860 -0.4058450
v 0.2959350 -0.3501870 -0.4029230
v 0.2959350 -0.3472650 -0.4005240
v 0.2959350 -0.3439300 -0.3987420
v 0.2959350 -0.3403130 -0.3976440
v 0.2959350 -0.3365500 -0.3972740
v 0.2959350 -0.3327870 -0.3976440
v 0.2959350 -0.3291700 -0.3987420
v 0.2959350 -0.3258350 -0.4005240
v 0.2959350 -0.3229130 -0.4029230
v 0.2959350 -0.3205140 -0.4058450
v 0.2959350 -0.3187320 -0.4091800
v 0.2959350 -0.3176340 -0.4127970
v 0.2959350 -0.3172640 -0.4165600
v 0.2959350 -0.3176340 -0.4203230
v 0.2959350 -0.3187320 -0.4239400
v 0.2959350 -0.3205140 -0.4272750
v 0.2959350 -0.3229130 -0.4301970
v 0.2959350 -0.3258350 -0.4325960
v 0.2959350 -0.3291700 -0.4343780
v 0.2959350 -0.3327870 -0.4354760
v 0.2959350 -0.3365500 -0.4358460
v 0.2959350 -0.3403130 -0.4354760
v 0.2959350 -0.3439300 -0.4343780
v 0.2959350 -0.3472650 -0.4325960
v 0.2959350 -0.3501870 -0.4301970
v 0.2959350 -0.3525860 -0.4272750
v 0.2959350 -0.3543680 -0.4239400
v 0.2959350 -0.3554660 -0.4203230
v 0.2984500 -0.3365500 -0.4165600
vt 0.0000000 1.0000000
vt 0.0000000 1.0000000
vt 0.0000000 1.0000000
vt 0.0000000 1.0000000
vt 0.0000000 1.0000000
vt 0.0000000 1.0000000
vt 0.0000000 1.0000000
vt 0.0000000 1.0000000
vt 0.0000000 1.0000000
vt 0.0000000 1.0000000
vt 0.0000000 1.0000000
vt 0.0000000 1.0000000
vt 0.0000000 1.0000000
vt 0.0000000 1.0000000
vt 0.0000000 1.0000000
vt 0.0000000 1.0000000
vt 0.0000000 1.0000000
vt 0.0000000 1.0000000
vt 0.0000000 1.0000000
vt 0.0000000 1.0000000
vt 0.0000000 1.0000000
vt 0.0000000 1.0000000
vt 0.0000000 1.0000000
vt 0.0000000 1.0000000
vt 0.0000000 1.0000000
vt 0.0000000 1.0000000
vt 0.0000000 1.0000000
vt 0.0000000 1.0000000
vt 0.0000000 1.0000000
vt 0.0000000 1.0000000
vt 0.0000000 1.0000000
vt 0.0000000 1.0000000
vt 0.0000000 1.0000000
vt 0.0000000 1.0000000
vt 0.0000000 1.0000000
vt 0.0000000 1.0000000
vt 0.0000000 1.0000000
vt 0.0000000 1.0000000
vt 0.0000000 1.0000000
vt 0.0000000 1.0000000
vt 0.0000000 1.0000000
vt 0.0000000 1.0000000
vt 0.0000000 1.0000000
vt 0.0000000 1.0000000
vt 0.0000000 1.0000000
vt 0.0000000 1.0000000
vt 0.0000000 1.0000000
vt 0.0000000 1.0000000
vt 0.0000000 1.0000000
vt 0.0000000 1.0000000
vt 0.0000000 1.0000000
vt 0.0000000 1.0000000
vt 0.0000000 1.0000000
vt 0.0000000 1.0000000
vt 0.0000000 1.0000000
vt 0.0000000 1.0000000
vt 0.0000000 1.0000000
vt 0.0000000 1.0000000
vt 0.0000000 1.0000000
vt 0.0000000 1.0000000
vt 0.0000000 1.0000000
vt 0.0000000 1.0000000
vt 0.0000000 1.0000000
vt 0.0000000 1.0000000
vt 0.0000000 1.0000000
vt 0.0000000 1.0000000
vt 0.0000000 1.0000000
vt 0.0000000 1.0000000
vt 0.0000000 1.0000000
vt 0.0000000 1.0000000
vt 0.0000000 1.0000000
vt 0.0000000 1.0000000
vt 0.0000000 1.0000000
vt 0.0000000 1.0000000
vt 0.0000000 1.0000000
vt 0.0000000 1.0000000
vt 0.0000000 1.0000000
vt 0.0000000 1.0000000
vt 0.0000000 1.0000000
vt 0.0000000 1.0000000
vt 0.0000000 1.0000000
vt 0.0000000 1.0000000
vt 0.0000000 1.0000000
vt 0.0000000 1.0000000
vt 0.0000000 1.0000000
vt 0.0000000 1.0000000
vt 0.0000000 1.0000000
vt 0.0000000 1.0000000
vt 0.0000000 1.0000000
vt 0.0000000 1.0000000
vt 0.0000000 1.0000000
vt 0.0000000 1.0000000
vt 0.0000000 1.0000000
vt 0.0000000 1.0000000
vt 0.0000000 1.0000000
vt 0.0000000 1.0000000
vt 0.0000000 1.0000000
vt 0.0000000 1.0000000
vt 0.0000000 1.0000000
vt 0.0000000 1.0000000
vt 0.0000000 1.0000000
vt 0.0000000 1.0000000
vt 0.0000000 1.0000000
vt 0.0000000 1.0000000
vt 0.0000000 1.0000000
vt 0.0000000 1.0000000
vt 0.0000000 1.0000000
vt 0.0000000 1.0000000
vt 0.0000000 1.0000000
vt 0.0000000 1.0000000
vt 0.0000000 1.0000000
vt 0.0000000 1.0000000
vt 0.0000000 1.0000000
vt 0.0000000 1.0000000
vt 0.0000000 1.0000000
vt 0.0000000 1.0000000
vt 0.0000000 1.0000000
vt 0.0000000 1.0000000
vt 0.0000000 1.0000000
vt 0.0000000 1.0000000
vt 0.0000000 1.0000000
vt 0.0000000 1.0000000
vt 0.0000000 1.0000000
vt 0.0000000 1.0000000
vt 0.0000000 1.0000000
vt 0.0000000 1.0000000
vt 0.0000000 1.0000000
vt 0.0000000 1.0000000
vt 0.0000000 1.0000000
vt 0.0000000 1.0000000
vt 0.0000000 1.0000000
vt 0.0000000 1.0000000
vt 0.0000000 1.0000000
vt 0.0000000 1.0000000
vt 0.0000000 1.0000000
vt 0.0000000 1.0000000
vt 0.0000000 1.0000000
vt 0.0000000 1.0000000
vt 0.0000000 1.0000000
vt 0.0000000 1.0000000
vt 0.0000000 1.0000000
vt 0.0000000 1.0000000
vt 0.0000000 1.0000000
vt 0.0000000 1.0000000
vt 0.0000000 1.0000000
vt 0.0000000 1.0000000
vt 0.0000000 1.0000000
vt 0.0000000 1.0000000
vt 0.0000000 1.0000000
vt 0.0000000 1.0000000
vt 0.0000000 1.0000000
vt 0.0000000 1.0000000
vt 0.0000000 1.0000000
vt 0.0000000 1.0000000
vt 0.0000000 1.0000000
vt 0.0000000 1.0000000
vt 0.0000000 1.0000000
vt 0.0000000 1.0000000
vt 0.0000000 1.0000000
vt 0.0000000 1.0000000
vt 0.0000000 1.0000000
vt 0.0000000 1.0000000
vt 0.0000000 1.0000000
vt 0.0000000 1.0000000
vt 0.0000000 1.0000000
vt 0.0000000 1.0000000
vt 0.0000000 1.0000000
vt 0.0000000 1.0000000
vt 0.0000000 1.0000000
vt 0.0000000 1.0000000
vt 0.0000000 1.0000000
vt 0.0000000 1.0000000
vt 0.0000000 1.0000000
vt 0.0000000 1.0000000
vt 0.0000000 1.0000000
vt 0.0000000 1.0000000
vt 0.0000000 1.0000000
vt 0.0000000 1.0000000
vt 0.0000000 1.0000000
vt 0.0000000 1.0000000
vt 0.0000000 1.0000000
vt 0.0000000 1.0000000
vt 0.0000000 1.0000000
vt 0.0000000 1.0000000
vt 0.0000000 1.0000000
vt 0.0000000 1.0000000
vt 0.0000000 1.0000000
vt 0.0000000 1.0000000
vt 0.0000000 1.0000000
vt 0.0000000 1.0000000
vt 0.0000000 1.0000000
vt 0.0000000 1.0000000
vt 0.0000000 1.0000000
vt 0.0000000 1.0000000
vt 0.0000000 1.0000000
vt 0.0000000 1.0000000
vt 0.0000000 1.0000000
vt 0.0000000 1.0000000
vt 0.0000000 1.0000000
vt 0.0000000 1.0000000
vt 0.0000000 1.0000000
vt 0.0000000 1.0000000
vt 0.0000000 1.0000000
vt 0.0000000 1.0000000
vt 0.0000000 1.0000000
vt 0.0000000 1.0000000
vt 0.0000000 1.0000000
vt 0.0000000 1.0000000
vt 0.0000000 1.0000000
vt 0.0000000 1.0000000
vt 0.0000000 1.0000000
vt 0.0000000 1.0000000
vt 0.0000000 1.0000000
vt 0.0000000 1.0000000
vt 0.0000000 1.0000000
vt 0.0000000 1.0000000
vt 0.0000000 1.0000000
vt 0.0000000 1.0000000
vt 0.0000000 1.0000000
vt 0.0000000 1.0000000
vt 0.0000000 1.0000000
vt 0.0000000 1.0000000
vt 0.0000000 1.0000000
vt 0.0000000 1.0000000
vt 0.0000000 1.0000000
vt 0.0000000 1.0000000
vt 0.0000000 1.0000000
vt 0.0000000 1.0000000
vt 0.0000000 1.0000000
vt 0.0000000 1.0000000
vt 0.0000000 1.0000000
vt 0.0000000 1.0000000
vt 0.0000000 1.0000000
vt 0.0000000 1.0000000
vt 0.0000000 1.0000000
vt 0.0000000 1.0000000
vt 0.0000000 1.0000000
vt 0.0000000 1.0000000
vt 0.0000000 1.0000000
vt 0.0000000 1.0000000
vt 0.0000000 1.0000000
vt 0.0000000 1.0000000
vt 0.0000000 1.0000000
vt 0.0000000 1.0000000
vt 0.0000000 1.0000000
vt 0.0000000 1.0000000
vt 0.0000000 1.0000000
vt 0.0000000 1.0000000
vt 0.0000000 1.0000000
vt 0.0000000 1.0000000
vt 0.0000000 1.0000000
vt 0.0000000 1.0000000
vt 0.0000000 1.0000000
vt 0.0000000 1.0000000
vt 0.0000000 1.0000000
vt 0.0000000 1.0000000
vt 0.0000000 1.0000000
vt 0.0000000 1.0000000
vt 0.0000000 1.0000000
vt 0.0000000 1.0000000
vt 0.0000000 1.0000000
vt 0.0000000 1.0000000
vt 0.0000000 1.0000000
vt 0.0000000 1.0000000
vt 0.0000000 1.0000000
vt 0.0000000 1.0000000
vt 0.0000000 1.0000000
vt 0.0000000 1.0000000
vt 0.0000000 1.0000000
vt 0.0000000 1.0000000
vt 0.0000000 1.0000000
vt 0.0000000 1.0000000
vt 0.0000000 1.0000000
vt 0.0000000 1.0000000
vt 0.0000000 1.0000000
vt 0.0000000 1.0000000
vt 0.0000000 1.0000000
vt 0.0000000 1.0000000
vt 0.0000000 1.0000000
vt 0.0000000 1.0000000
vt 0.0000000 1.0000000
vt 0.0000000 1.0000000
vt 0.0000000 1.0000000
vt 0.0000000 1.0000000
vt 0.0000000 1.0000000
vt 0.0000000 1.0000000
vt 0.0000000 1.0000000
vt 0.0000000 1.0000000
vt 0.0000000 1.0000000
vt 0.0000000 1.0000000
vt 0.0000000 1.0000000
vt 0.0000000 1.0000000
vt 0.0000000 1.0000000
vt 0.0000000 1.0000000
vt 0.0000000 1.0000000
vt 0.0000000 1.0000000
vt 0.0000000 1.0000000
vt 0.0000000 1.0000000
vt 0.0000000 1.0000000
vt 0.0000000 1.0000000
vt 0.0000000 1.0000000
vt 0.0000000 1.0000000
vt 0.0000000 1.0000000
vt 0.0000000 1.0000000
vt 0.0000000 1.0000000
vt 0.0000000 1.0000000
vt 0.0000000 1.0000000
vt 0.0000000 1.0000000
vt 0.0000000 1.0000000
vt 0.0000000 1.0000000
vt 0.0000000 1.0000000
vt 0.0000000 1.0000000
vt 0.0000000 1.0000000
vt 0.0000000 1.0000000
vt 0.0000000 1.0000000
vt 0.0000000 1.0000000
vt 0.0000000 1.0000000
vt 0.0000000 1.0000000
vt 0.0000000 1.0000000
vt 0.0000000 1.0000000
vt 0.0000000 1.0000000
vt 0.0000000 1.0000000
vt 0.0000000 1.0000000
vt 0.0000000 1.0000000
vt 0.0000000 1.0000000
vt 0.0000000 1.0000000
vt 0.0000000 1.0000000
vt 0.0000000 1.0000000
vt 0.0000000 1.0000000
vt 0.0000000 1.0000000
vt 0.0000000 1.0000000
vt 0.0000000 1.0000000
vt 0.0000000 1.0000000
vt 0.0000000 1.0000000
vt 0.0000000 1.0000000
vt 0.0000000 1.0000000
vt 0.0000000 1.0000000
vt 0.0000000 1.0000000
vt 0.0000000 1.0000000
vt 0.0000000 1.0000000
vt 0.0000000 1.0000000
vt 0.0000000 1.0000000
vt 0.0000000 1.0000000
vt 0.0000000 1.0000000
vt 0.0000000 1.0000000
vt 0.0000000 1.0000000
vt 0.0000000 1.0000000
vt 0.0000000 1.0000000
vt 0.0000000 1.0000000
vt 0.0000000 1.0000000
vt 0.0000000 1.0000000
vt 0.0000000 1.0000000
vt 0.0000000 1.0000000
vt 0.0000000 1.0000000
vt 0.0000000 1.0000000
vt 0.0000000 1.0000000
vt 0.0000000 1.0000000
vt 0.0000000 1.0000000
vt 0.0000000 1.0000000
vt 0.0000000 1.0000000
vt 0.0000000 1.0000000
vt 0.0000000 1.0000000
vt 0.0000000 1.0000000
vt 0.0000000 1.0000000
vt 0.0000000 1.0000000
vt 0.0000000 1.0000000
vt 0.0000000 1.0000000
vt 0.0000000 1.0000000
vt 0.0000000 1.0000000
vt 0.0000000 1.0000000
vt 0.0000000 1.0000000
vt 0.0000000 1.0000000
vt 0.0000000 1.0000000
vt 0.0000000 1.0000000
vt 0.0000000 1.0000000
vt 0.0000000 1.0000000
vt 0.0000000 1.0000000
vt 0.0000000 1.0000000
vt 0.0000000 1.0000000
vt 0.0000000 1.0000000
vt 0.0000000 1.0000000
vt 0.0000000 1.0000000
vt 0.0000000 1.0000000
vt 0.0000000 1.0000000
vt 0.0000000 1.0000000
vt 0.0000000 1.0000000
vt 0.0000000 1.0000000
vt 0.0000000 1.0000000
vt 0.0000000 1.0000000
vt 0.0000000 1.0000000
vt 0.0000000 1.0000000
vt 0.0000000 1.0000000
vt 0.0000000 1.0000000
vt 0.0000000 1.0000000
vt 0.0000000 1.0000000
vt 0.0000000 1.0000000
vt 0.0000000 1.0000000
vt 0.0000000 1.0000000
vt 0.0000000 1.0000000
vt 0.0000000 1.0000000
vt 0.0000000 1.0000000
vt 0.0000000 1.0000000
vt 0.0000000 1.0000000
vt 0.0000000 1.0000000
vt 0.0000000 1.0000000
vt 0.0000000 1.0000000
vt 0.0000000 1.0000000
vt 0.0000000 1.0000000
vt 0.0000000 1.0000000
vt 0.0000000 1.0000000
vt 0.0000000 1.0000000
vt 0.0000000 1.0000000
vt 0.0000000 1.0000000
vt 0.0000000 1.0000000
vt 0.0000000 1.0000000
vt 0.0000000 1.0000000
vt 0.0000000 1.0000000
vt 0.0000000 1.0000000
vt 0.0000000 1.0000000
vt 0.0000000 1.0000000
vt 0.0000000 1.0000000
vt 0.0000000 1.0000000
vt 0.0000000 1.0000000
vt 0.0000000 1.0000000
vt 0.0000000 1.0000000
vt 0.0000000 1.0000000
vt 0.0000000 1.0000000
vt 0.0000000 1.0000000
vt 0.0000000 1.0000000
vt 0.0000000 1.0000000
vt 0.0000000 1.0000000
vt 0.0000000 1.0000000
vt 0.0000000 1.0000000
vt 0.0000000 1.0000000
vt 0.0000000 1.0000000
vt 0.0000000 1.0000000
vt 0.0000000 1.0000000
vt 0.0000000 1.0000000
vt 0.0000000 1.0000000
vt 0.0000000 1.0000000
vt 0.0000000 1.0000000
vt 0.0000000 1.0000000
vt 0.0000000 1.0000000
vt 0.0000000 1.0000000
vt 0.0000000 1.0000000
vt 0.0000000 1.0000000
vt 0.0000000 1.0000000
vt 0.0000000 1.0000000
vt 0.0000000 1.0000000
vt 0.0000000 1.0000000
vt 0.0000000 1.0000000
vt 0.0000000 1.0000000
vt 0.0000000 1.0000000
vt 0.0000000 1.0000000
vt 0.0000000 1.0000000
vt 0.0000000 1.0000000
vt 0.0000000 1.0000000
vt 0.0000000 1.0000000
vt 0.0000000 1.0000000
vt 0.0000000 1.0000000
vt 0.0000000 1.0000000
vt 0.0000000 1.0000000
vt 0.0000000 1.0000000
vt 0.0000000 1.0000000
vt 0.0000000 1.0000000
vt 0.0000000 1.0000000
vt 0.0000000 1.0000000
vt 0.0000000 1.0000000
vt 0.0000000 1.0000000
vt 0.0000000 1.0000000
vt 0.0000000 1.0000000
vt 0.0000000 1.0000000
vt 0.0000000 1.0000000
vt 0.0000000 1.0000000
vt 0.0000000 1.0000000
vt 0.0000000 1.0000000
vt 0.0000000 1.0000000
vt 0.0000000 1.0000000
vt 0.0000000 1.0000000
vt 0.0000000 1.0000000
vt 0.0000000 1.0000000
vt 0.0000000 1.0000000
vt 0.0000000 1.0000000
vt 0.0000000 1.0000000
vt 0.0000000 1.0000000
vt 0.0000000 1.0000000
vt 0.0000000 1.0000000
vt 0.0000000 1.0000000
vt 0.0000000 1.0000000
vt 0.0000000 1.0000000
vt 0.0000000 1.0000000
vt 0.0000000 1.0000000
vt 0.0000000 1.0000000
vt 0.0000000 1.0000000
vt 0.0000000 1.0000000
vt 0.0000000 1.0000000
vt 0.0000000 1.0000000
vt 0.0000000 1.0000000
vt 0.0000000 1.0000000
vt 0.0000000 1.0000000
vt 0.0000000 1.0000000
vt 0.0000000 1.0000000
vt 0.0000000 1.0000000
vt 0.0000000 1.0000000
vt 0.0000000 1.0000000
vt 0.0000000 1.0000000
vt 0.0000000 1.0000000
vt 0.0000000 1.0000000
vt 0.0000000 1.0000000
vt 0.0000000 1.0000000
vt 0.0000000 1.0000000
vt 0.0000000 1.0000000
vt 0.0000000 1.0000000
vt 0.0000000 1.0000000
vt 0.0000000 1.0000000
vt 0.0000000 1.0000000
vt 0.0000000 1.0000000
vt 0.0000000 1.0000000
vt 0.0000000 1.0000000
vt 0.0000000 1.0000000
vt 0.0000000 1.0000000
vt 0.0000000 1.0000000
vt 0.0000000 1.0000000
vt 0.0000000 1.0000000
vt 0.0000000 1.0000000
vt 0.0000000 1.0000000
vt 0.0000000 1.0000000
vt 0.0000000 1.0000000
vt 0.0000000 1.0000000
vt 0.0000000 1.0000000
vt 0.0000000 1.0000000
vt 0.0000000 1.0000000
vt 0.0000000 1.0000000
vt 0.0000000 1.0000000
vt 0.0000000 1.0000000
vt 0.0000000 1.0000000
vt 0.0000000 1.0000000
vt 0.0000000 1.0000000
vt 0.0000000 1.0000000
vt 0.0000000 1.0000000
vt 0.0000000 1.0000000
vt 0.0000000 1.0000000
vt 0.0000000 1.0000000
vt 0.0000000 1.0000000
vt 0.0000000 1.0000000
vt 0.0000000 1.0000000
vt 0.0000000 1.0000000
vt 0.0000000 1.0000000
vt 0.0000000 1.0000000
vt 0.0000000 1.0000000
vt 0.0000000 1.0000000
vt 0.0000000 1.0000000
vt 0.0000000 1.0000000
vt 0.0000000 1.0000000
vt 0.0000000 1.0000000
vt 0.0000000 1.0000000
vt 0.0000000 1.0000000
vt 0.0000000 1.0000000
vt 0.0000000 1.0000000
vt 0.0000000 1.0000000
vt 0.0000000 1.0000000
vt 0.0000000 1.0000000
vt 0.0000000 1.0000000
vt 0.0000000 1.0000000
vt 0.0000000 1.0000000
vt 0.0000000 1.0000000
vt 0.0000000 1.0000000
vt 0.0000000 1.0000000
vt 0.0000000 1.0000000
vt 0.0000000 1.0000000
vt 0.0000000 1.0000000
vt 0.0000000 1.0000000
vt 0.0000000 1.0000000
vt 0.0000000 1.0000000
vt 0.0000000 1.0000000
vt 0.0000000 1.0000000
vt 0.0000000 1.0000000
vt 0.0000000 1.0000000
vt 0.0000000 1.0000000
vt 0.0000000 1.0000000
vt 0.0000000 1.0000000
vt 0.0000000 1.0000000
vt 0.0000000 1.0000000
vt 0.0000000 1.0000000
vt 0.0000000 1.0000000
vt 0.0000000 1.0000000
vt 0.0000000 1.0000000
vt 0.0000000 1.0000000
vt 0.0000000 1.0000000
vt 0.0000000 1.0000000
vt 0.0000000 1.0000000
vt 0.0000000 1.0000000
vt 0.0000000 1.0000000
vt 0.0000000 1.0000000
vt 0.0000000 1.0000000
vt 0.0000000 1.0000000
vt 0.0000000 1.0000000
vt 0.0000000 1.0000000
vt 0.0000000 1.0000000
vt 0.0000000 1.0000000
vt 0.0000000 1.0000000
vt 0.0000000 1.0000000
vt 0.0000000 1.0000000
vt 0.0000000 1.0000000
vt 0.0000000 1.0000000
vt 0.0000000 1.0000000
vt 0.0000000 1.0000000
vt 0.0000000 1.0000000
vt 0.0000000 1.0000000
vt 0.0000000 1.0000000
vt 0.0000000 1.0000000
vt 0.0000000 1.0000000
vt 0.0000000 1.0000000
vt 0.0000000 1.0000000
vt 0.0000000 1.0000000
vt 0.0000000 1.0000000
vt 0.0000000 1.0000000
vt 0.0000000 1.0000000
vt 0.0000000 1.0000000
vt 0.0000000 1.0000000
vt 0.0000000 1.0000000
vt 0.0000000 1.0000000
vt 0.0000000 1.0000000
vt 0.0000000 1.0000000
vt 0.0000000 1.0000000
vt 0.0000000 1.0000000
vt 0.0000000 1.0000000
vt 0.0000000 1.0000000
vt 0.0000000 1.0000000
vt 0.0000000 1.0000000
vt 0.0000000 1.0000000
vt 0.0000000 1.0000000
vt 0.0000000 1.0000000
vt 0.0000000 1.0000000
vt 0.0000000 1.0000000
vt 0.0000000 1.0000000
vt 0.0000000 1.0000000
vt 0.0000000 1.0000000
vt 0.0000000 1.0000000
vt 0.0000000 1.0000000
vt 0.0000000 1.0000000
vt 0.0000000 1.0000000
vt 0.0000000 1.0000000
vt 0.0000000 1.0000000
vt 0.0000000 1.0000000
vt 0.0000000 1.0000000
vt 0.0000000 1.0000000
vt 0.0000000 1.0000000
vt 0.0000000 1.0000000
vt 0.0000000 1.0000000
vt 0.0000000 1.0000000
vt 0.0000000 1.0000000
vt 0.0000000 1.0000000
vt 0.0000000 1.0000000
vt 0.0000000 1.0000000
vt 0.0000000 1.0000000
vt 0.0000000 1.0000000
vt 0.0000000 1.0000000
vt 0.0000000 1.0000000
vt 0.0000000 1.0000000
vt 0.0000000 1.0000000
vt 0.0000000 1.0000000
vt 0.0000000 1.0000000
vt 0.0000000 1.0000000
vt 0.0000000 1.0000000
vt 0.0000000 1.0000000
vt 0.0000000 1.0000000
vt 0.0000000 1.0000000
vt 0.0000000 1.0000000
vt 0.0000000 1.0000000
vt 0.0000000 1.0000000
vt 0.0000000 1.0000000
vt 0.0000000 1.0000000
vt 0.0000000 1.0000000
vt 0.0000000 1.0000000
vt 0.0000000 1.0000000
vt 0.0000000 1.0000000
vt 0.0000000 1.0000000
vt 0.0000000 1.0000000
vt 0.0000000 1.0000000
vt 0.0000000 1.0000000
vt 0.0000000 1.0000000
vt 0.0000000 1.0000000
vt 0.0000000 1.0000000
vt 0.0000000 1.0000000
vt 0.0000000 1.0000000
vt 0.0000000 1.0000000
vt 0.0000000 1.0000000
vt 0.0000000 1.0000000
vt 0.0000000 1.0000000
vt 0.0000000 1.0000000
vt 0.0000000 1.0000000
vt 0.0000000 1.0000000
vt 0.0000000 1.0000000
vt 0.0000000 1.0000000
vt 0.0000000 1.0000000
vt 0.0000000 1.0000000
vt 0.0000000 1.0000000
vt 0.0000000 1.0000000
vt 0.0000000 1.0000000
vt 0.0000000 1.0000000
vt 0.0000000 1.0000000
vt 0.0000000 1.0000000
vt 0.0000000 1.0000000
vt 0.0000000 1.0000000
vt 0.0000000 1.0000000
vt 0.0000000 1.0000000
vt 0.0000000 1.0000000
vt 0.0000000 1.0000000
vt 0.0000000 1.0000000
vt 0.0000000 1.0000000
vt 0.0000000 1.0000000
vt 0.0000000 1.0000000
vt 0.0000000 1.0000000
vt 0.0000000 1.0000000
vt 0.0000000 1.0000000
vt 0.0000000 1.0000000
vt 0.0000000 1.0000000
vt 0.0000000 1.0000000
vt 0.0000000 1.0000000
vt 0.0000000 1.0000000
vt 0.0000000 1.0000000
vt 0.0000000 1.0000000
vt 0.0000000 1.0000000
vt 0.0000000 1.0000000
vt 0.0000000 1.0000000
vt 0.0000000 1.0000000
vt 0.0000000 1.0000000
vt 0.0000000 1.0000000
vt 0.0000000 1.0000000
vt 0.0000000 1.0000000
vt 0.0000000 1.0000000
vt 0.0000000 1.0000000
vt 0.0000000 1.0000000
vt 0.0000000 1.0000000
vt 0.0000000 1.0000000
vt 0.0000000 1.0000000
vt 0.0000000 1.0000000
vt 0.0000000 1.0000000
vt 0.0000000 1.0000000
vt 0.0000000 1.0000000
vt 0.0000000 1.0000000
vt 0.0000000 1.0000000
vt 0.0000000 1.0000000
vt 0.0000000 1.0000000
vt 0.0000000 1.0000000
vt 0.0000000 1.0000000
vt 0.0000000 1.0000000
vt 0.0000000 1.0000000
vt 0.0000000 1.0000000
vt 0.0000000 1.0000000
vt 0.0000000 1.0000000
vt 0.0000000 1.0000000
vt 0.0000000 1.0000000
vt 0.0000000 1.0000000
vt 0.0000000 1.0000000
vt 0.0000000 1.0000000
vt 0.0000000 1.0000000
vt 0.0000000 1.0000000
vt 0.0000000 1.0000000
vt 0.0000000 1.0000000
vt 0.0000000 1.0000000
vt 0.0000000 1.0000000
vt 0.0000000 1.0000000
vt 0.0000000 1.0000000
vt 0.0000000 1.0000000
vt 0.0000000 1.0000000
vt 0.0000000 1.0000000
vt 0.0000000 1.0000000
vt 0.0000000 1.0000000
vt 0.0000000 1.0000000
vt 0.0000000 1.0000000
vt 0.0000000 1.0000000
vt 0.0000000 1.0000000
vt 0.0000000 1.0000000
vt 0.0000000 1.0000000
vt 0.0000000 1.0000000
vt 0.0000000 1.0000000
vt 0.0000000 1.0000000
vt 0.0000000 1.0000000
vt 0.0000000 1.0000000
vt 0.0000000 1.0000000
vt 0.0000000 1.0000000
vt 0.0000000 1.0000000
vt 0.0000000 1.0000000
vt 0.0000000 1.0000000
vt 0.0000000 1.0000000
vt 0.0000000 1.0000000
vt 0.0000000 1.0000000
vt 0.0000000 1.0000000
vt 0.0000000 1.0000000
vt 0.0000000 1.0000000
vt 0.0000000 1.0000000
vt 0.0000000 1.0000000
vt 0.0000000 1.0000000
vt 0.0000000 1.0000000
vt 0.0000000 1.0000000
vt 0.0000000 1.0000000
vt 0.0000000 1.0000000
vt 0.0000000 1.0000000
vt 0.0000000 1.0000000
vt 0.0000000 1.0000000
vt 0.0000000 1.0000000
vt 0.0000000 1.0000000
vt 0.0000000 1.0000000
vt 0.0000000 1.0000000
vt 0.0000000 1.0000000
vt 0.0000000 1.0000000
vt 0.0000000 1.0000000
vt 0.0000000 1.0000000
vt 0.0000000 1.0000000
vt 0.0000000 1.0000000
vt 0.0000000 1.0000000
vt 0.0000000 1.0000000
vt 0.0000000 1.0000000
vt 0.0000000 1.0000000
vt 0.0000000 1.0000000
vt 0.0000000 1.0000000
vt 0.0000000 1.0000000
vt 0.0000000 1.0000000
vt 0.0000000 1.0000000
vt 0.0000000 1.0000000
vt 0.0000000 1.0000000
vt 0.0000000 1.0000000
vt 0.0000000 1.0000000
vt 0.0000000 1.0000000
vt 0.0000000 1.0000000
vt 0.0000000 1.0000000
vt 0.0000000 1.0000000
vt 0.0000000 1.0000000
vt 0.0000000 1.0000000
vt 0.0000000 1.0000000
usemtl mat2
f 536/2039 537/2040 538/2041
f 536/2042 539/2043 537/2044
f 536/2045 540/2046 539/2047
f 536/2048 541/2049 540/2050
f 536/2051 542/2052 541/2053
f 536/2054 543/2055 542/2056
f 536/2057 544/2058 543/2059
f 536/2060 545/2061 544/2062
f 536/2063 546/2064 545/2065
f 536/2066 547/2067 546/2068
f 536/2069 548/2070 547/2071
f 536/2072 549/2073 548/2074
f 536/2075 550/2076 549/2077
f 536/2078 551/2079 550/2080
f 536/2081 552/2082 551/2083
f 536/2084 553/2085 552/2086
f 536/2087 554/2088 553/2089
f 536/2090 555/2091 554/2092
f 536/2093 556/2094 555/2095
f 536/2096 557/2097 556/2098
f 536/2099 558/2100 557/2101
f 536/2102 559/2103 558/2104
f 536/2105 560/2106 559/2107
f 536/2108 561/2109 560/2110
f 536/2111 562/2112 561/2113
f 536/2114 563/2115 562/2116
f 536/2117 564/2118 563/2119
f 536/2120 565/2121 564/2122
f 536/2123 566/2124 565/2125
f 536/2126 567/2127 566/2128
f 536/2129 568/2130 567/2131
f 536/2132 538/2133 568/2134
f 729/2775 727/2776 728/2777
f 729/2778 726/2779 727/2780
f 729/2781 725/2782 726/2783
f 729/2784 724/2785 725/2786
f 729/2787 723/2788 724/2789
f 729/2790 722/2791 723/2792
f 729/2793 721/2794 722/2795
f 729/2796 720/2797 721/2798
f 729/2799 719/2800 720/2801
f 729/2802 718/2803 719/2804
f 729/2805 717/2806 718/2807
f 729/2808 716/2809 717/2810
f 729/2811 715/2812 716/2813
f 729/2814 714/2815 715/2816
f 729/2817 713/2818 714/2819
f 729/2820 712/2821 713/2822
f 729/2823 711/2824 712/2825
f 729/2826 710/2827 711/2828
f 729/2829 709/2830 710/2831
f 729/2832 708/2833 709/2834
f 729/2835 707/2836 708/2837
f 729/2838 706/2839 707/2840
f 729/2841 705/2842 706/2843
f 729/2844 704/2845 705/2846
f 729/2847 703/2848 704/2849
f 729/2850 702/2851 703/2852
f 729/2853 701/2854 702/2855
f 729/2856 700/2857 701/2858
f 729/2859 699/2860 700/2861
f 729/2862 697/2863 699/2864
f 729/2865 698/2866 697/2867
f 729/2868 728/2869 698/2870
usemtl mat0
f 538/2135 537/2136 569/2137 570/2138
f 537/2139 539/2140 571/2141 569/2142
f 539/2143 540/2144 572/2145 571/2146
f 540/2147 541/2148 573/2149 572/2150
f 541/2151 542/2152 574/2153 573/2154
f 542/2155 543/2156 575/2157 574/2158
f 543/2159 544/2160 576/2161 575/2162
f 544/2163 545/2164 577/2165 576/2166
f 545/2167 546/2168 578/2169 577/2170
f 546/2171 547/2172 579/2173 578/2174
f 547/2175 548/2176 580/2177 579/2178
f 548/2179 549/2180 581/2181 580/2182
f 549/2183 550/2184 582/2185 581/2186
f 550/2187 551/2188 583/2189 582/2190
f 551/2191 552/2192 584/2193 583/2194
f 552/2195 553/2196 585/2197 584/2198
f 553/2199 554/2200 586/2201 585/2202
f 554/2203 555/2204 587/2205 586/2206
f 555/2207 556/2208 588/2209 587/2210
f 556/2211 557/2212 589/2213 588/2214
f 557/2215 558/2216 590/2217 589/2218
f 558/2219 559/2220 591/2221 590/2222
f 559/2223 560/2224 592/2225 591/2226
f 560/2227 561/2228 593/2229 592/2230
f 561/2231 562/2232 594/2233 593/2234
f 562/2235 563/2236 595/2237 594/2238
f 563/2239 564/2240 596/2241 595/2242
f 564/2243 565/2244 597/2245 596/2246
f 565/2247 566/2248 598/2249 597/2250
f 566/2251 567/2252 599/2253 598/2254
f 567/2255 568/2256 600/2257 599/2258
f 568/2259 538/2260 570/2261 600/2262
f 570/2263 569/2264 601/2265 602/2266
f 569/2267 571/2268 603/2269 601/2270
f 571/2271 572/2272 604/2273 603/2274
f 572/2275 573/2276 605/2277 604/2278
f 573/2279 574/2280 606/2281 605/2282
f 574/2283 575/2284 607/2285 606/2286
f 575/2287 576/2288 608/2289 607/2290
f 576/2291 577/2292 609/2293 608/2294
f 577/2295 578/2296 610/2297 609/2298
f 578/2299 579/2300 611/2301 610/2302
f 579/2303 580/2304 612/2305 611/2306
f 580/2307 581/2308 613/2309 612/2310
f 581/2311 582/2312 614/2313 613/2314
f 582/2315 583/2316 615/2317 614/2318
f 583/2319 584/2320 616/2321 615/2322
f 584/2323 585/2324 617/2325 616/2326
f 585/2327 586/2328 618/2329 617/2330
f 586/2331 587/2332 619/2333 618/2334
f 587/2335 588/2336 620/2337 619/2338
f 588/2339 589/2340 621/2341 620/2342
f 589/2343 590/2344 622/2345 621/2346
f 590/2347 591/2348 623/2349 622/2350
f 591/2351 592/2352 624/2353 623/2354
f 592/2355 593/2356 625/2357 624/2358
f 593/2359 594/2360 626/2361 625/2362
f 594/2363 595/2364 627/2365 626/2366
f 595/2367 596/2368 628/2369 627/2370
f 596/2371 597/2372 629/2373 628/2374
f 597/2375 598/2376 630/2377 629/2378
f 598/2379 599/2380 631/2381 630/2382
f 599/2383 600/2384 632/2385 631/2386
f 600/2387 570/2388 602/2389 632/2390
f 602/2391 601/2392 633/2393 634/2394
f 601/2395 603/2396 635/2397 633/2398
f 603/2399 604/2400 636/2401 635/2402
f 604/2403 605/2404 637/2405 636/2406
f 605/2407 606/2408 638/2409 637/2410
f 606/2411 607/2412 639/2413 638/2414
f 607/2415 608/2416 640/2417 639/2418
f 608/2419 609/2420 641/2421 640/2422
f 609/2423 610/2424 642/2425 641/2426
f 610/2427 611/2428 643/2429 642/2430
f 611/2431 612/2432 644/2433 643/2434
f 612/2435 613/2436 645/2437 644/2438
f 613/2439 614/2440 646/2441 645/2442
f 614/2443 615/2444 647/2445 646/2446
f 615/2447 616/2448 648/2449 647/2450
f 616/2451 617/2452 649/2453 648/2454
f 617/2455 618/2456 650/2457 649/2458
f 618/2459 619/2460 651/2461 650/2462
f 619/2463 620/2464 652/2465 651/2466
f 620/2467 621/2468 653/2469 652/2470
f 621/2471 622/2472 654/2473 653/2474
f 622/2475 623/2476 655/2477 654/2478
f 623/2479 624/2480 656/2481 655/2482
f 624/2483 625/2484 657/2485 656/2486
f 625/2487 626/2488 658/2489 657/2490
f 626/2491 627/2492 659/2493 658/2494
f 627/2495 628/2496 660/2497 659/2498
f 628/2499 629/2500 661/2501 660/2502
f 629/2503 630/2504 662/2505 661/2506
f 630/2507 631/2508 663/2509 662/2510
f 631/2511 632/2512 664/2513 663/2514
f 632/2515 602/2516 634/2517 664/2518
f 634/2519 633/2520 665/2521 666/2522
f 633/2523 635/2524 667/2525 665/2526
f 635/2527 636/2528 668/2529 667/2530
f 636/2531 637/2532 669/2533 668/2534
f 637/2535 638/2536 670/2537 669/2538
f 638/2539 639/2540 671/2541 670/2542
f 639/2543 640/2544 672/2545 671/2546
f 640/2547 641/2548 673/2549 672/2550
f 641/2551 642/2552 674/2553 673/2554
f 642/2555 643/2556 675/2557 674/2558
f 643/2559 644/2560 676/2561 675/2562
f 644/2563 645/2564 677/2565 676/2566
f 645/2567 646/2568 678/2569 677/2570
f 646/2571 647/2572 679/2573 678/2574
f 647/2575 648/2576 680/2577 679/2578
f 648/2579 649/2580 681/2581 680/2582
f 649/2583 650/2584 682/2585 681/2586
f 650/2587 651/2588 683/2589 682/2590
f 651/2591 652/2592 684/2593 683/2594
f 652/2595 653/2596 685/2597 684/2598
f 653/2599 654/2600 686/2601 685/2602
f 654/2603 655/2604 687/2605 686/2606
f 655/2607 656/2608 688/2609 687/2610
f 656/2611 657/2612 689/2613 688/2614
f 657/2615 658/2616 690/2617 689/2618
f 658/2619 659/2620 691/2621 690/2622
f 659/2623 660/2624 692/2625 691/2626
f 660/2627 661/2628 693/2629 692/2630
f 661/2631 662/2632 694/2633 693/2634
f 662/2635 663/2636 695/2637 694/2638
f 663/2639 664/2640 696/2641 695/2642
f 664/2643 634/2644 666/2645 696/2646
f 666/2647 665/2648 697/2649 698/2650
f 665/2651 667/2652 699/2653 697/2654
f 667/2655 668/2656 700/2657 699/2658
f 668/2659 669/2660 701/2661 700/2662
f 669/2663 670/2664 702/2665 701/2666
f 670/2667 671/2668 703/2669 702/2670
f 671/2671 672/2672 704/2673 703/2674
f 672/2675 673/2676 705/2677 704/2678
f 673/2679 674/2680 706/2681 705/2682
f 674/2683 675/2684 707/2685 706/2686
f 675/2687 676/2688 708/2689 707/2690
f 676/2691 677/2692 709/2693 708/2694
f 677/2695 678/2696 710/2697 709/2698
f 678/2699 679/2700 711/2701 710/2702
f 679/2703 680/2704 712/2705 711/2706
f 680/2707 681/2708 713/2709 712/2710
f 681/2711 682/2712 714/2713 713/2714
f 682/2715 683/2716 715/2717 714/2718
f 683/2719 684/2720 716/2721 715/2722
f 684/2723 685/2724 717/2725 716/2726
f 685/2727 686/2728 718/2729 717/2730
f 686/2731 687/2732 719/2733 718/2734
f 687/2735 688/2736 720/2737 719/2738
f 688/2739 689/2740 721/2741 720/2742
f 689/2743 690/2744 722/2745 721/2746
f 690/2747 691/2748 723/2749 722/2750
f 691/2751 692/2752 724/2753 723/2754
f 692/2755 693/2756 725/2757 724/2758
f 693/2759 694/2760 726/2761 725/2762
f 694/2763 695/2764 727/2765 726/2766
f 695/2767 696/2768 728/2769 727/2770
f 696/2771 666/2772 698/2773 728/2774
o UC_L_Spat
v 0.3048000 -0.3433620 -0.4737100
v 0.3048000 -0.3433620 -0.3911600
v 0.3048000 -0.3199280 -0.3911600
v 0.3048000 -0.3175000 -0.4737100
v 0.3031070 -0.3433650 -0.3655670
v 0.2984500 -0.3401870 -0.3340100
v 0.2984500 -0.3243790 -0.3340100
v 0.3031070 -0.3220150 -0.3648660
v 0.2961210 -0.3344140 -0.4868290
v 0.2982070 -0.3322980 -0.4877360
v 0.2901480 -0.3044710 -0.5078010
v 0.2854260 -0.3047340 -0.5110050
v 0.3013640 -0.2867660 -0.4737100
v 0.3037840 -0.2891860 -0.4737100
v 0.3037840 -0.2940420 -0.3911600
v 0.3013640 -0.2916210 -0.3911600
v 0.2903600 -0.3127780 -0.3166290
v 0.2919010 -0.3143610 -0.3183160
v 0.2891540 -0.3271650 -0.3086100
v 0.2881850 -0.3247440 -0.3086100
v 0.3037840 -0.3458140 -0.4737100
v 0.3013640 -0.3482340 -0.4737100
v 0.3013640 -0.3482340 -0.3911600
v 0.3037840 -0.3458140 -0.3911600
v 0.2998990 -0.2957960 -0.3640060
v 0.3021590 -0.2982150 -0.3640860
v 0.2976880 -0.3061200 -0.3340100
v 0.2958730 -0.3036990 -0.3340100
v 0.2998990 -0.3482350 -0.3657270
v 0.3021590 -0.3458160 -0.3656470
v 0.2958730 -0.3450590 -0.3340100
v 0.2976880 -0.3426390 -0.3340100
v 0.3006830 -0.3396090 -0.4815400
v 0.2987810 -0.3415940 -0.4805480
v 0.2905470 -0.2951330 -0.5040030
v 0.2876910 -0.2928520 -0.5050610
v 0.2881850 -0.3425190 -0.3086100
v 0.2891540 -0.3400990 -0.3086100
v 0.2937200 -0.3353920 -0.4864100
v 0.2828020 -0.3048000 -0.5118100
v 0.2989120 -0.2857500 -0.4737100
v 0.2989120 -0.2906060 -0.3911600
v 0.2891560 -0.3120200 -0.3159750
v 0.2872050 -0.3237290 -0.3086100
v 0.3048000 -0.2964940 -0.3911600
v 0.3048000 -0.2916380 -0.4737100
v 0.2976110 -0.2947810 -0.3639730
v 0.2940340 -0.3026830 -0.3340100
v 0.2976110 -0.3492500 -0.3657600
v 0.2989120 -0.3492500 -0.3911600
v 0.2984500 -0.3085710 -0.3340100
v 0.3031070 -0.3006660 -0.3641660
v 0.2989120 -0.3492500 -0.4737100
v 0.2964100 -0.3425690 -0.4800600
v 0.2918040 -0.2972860 -0.5030050
v 0.3013990 -0.3373640 -0.4826620
v 0.2851780 -0.2919910 -0.5054600
v 0.2990310 -0.3300060 -0.4887180
v 0.2940340 -0.3460750 -0.3340100
v 0.2932480 -0.3168740 -0.3198090
v 0.2872050 -0.3435350 -0.3086100
v 0.2921390 -0.3042890 -0.5055310
v 0.2895600 -0.3378060 -0.3092680
v 0.2895600 -0.3295720 -0.3089640
v 0.2866480 -0.3357510 -0.3058340
v 0.2895600 -0.3336890 -0.3091160
v 0.2540000 -0.3175000 -0.4737100
v 0.2540000 -0.3199280 -0.3911600
v 0.2540000 -0.3433620 -0.3911600
v 0.2540000 -0.3433620 -0.4737100
v 0.2556930 -0.3220150 -0.3648660
v 0.2603500 -0.3243790 -0.3340100
v 0.2603500 -0.3401870 -0.3340100
v 0.2556930 -0.3433650 -0.3655670
v 0.2733740 -0.3047340 -0.5110050
v 0.2686520 -0.3044710 -0.5078010
v 0.2605930 -0.3322980 -0.4877360
v 0.2626790 -0.3344140 -0.4868290
v 0.2574360 -0.2916210 -0.3911600
v 0.2550160 -0.2940420 -0.3911600
v 0.2550160 -0.2891860 -0.4737100
v 0.2574360 -0.2867660 -0.4737100
v 0.2706150 -0.3247440 -0.3086100
v 0.2696460 -0.3271650 -0.3086100
v 0.2668990 -0.3143610 -0.3183160
v 0.2684400 -0.3127780 -0.3166290
v 0.2550160 -0.3458140 -0.3911600
v 0.2574360 -0.3482340 -0.3911600
v 0.2574360 -0.3482340 -0.4737100
v 0.2550160 -0.3458140 -0.4737100
v 0.2629270 -0.3036990 -0.3340100
v 0.2611120 -0.3061200 -0.3340100
v 0.2566410 -0.2982150 -0.3640860
v 0.2589010 -0.2957960 -0.3640060
v 0.2566410 -0.3458160 -0.3656470
v 0.2589010 -0.3482350 -0.3657270
v 0.2611120 -0.3426390 -0.3340100
v 0.2629270 -0.3450590 -0.3340100
v 0.2600190 -0.3415940 -0.4805480
v 0.2581170 -0.3396090 -0.4815400
v 0.2711090 -0.2928520 -0.5050610
v 0.2682530 -0.2951330 -0.5040030
v 0.2696460 -0.3400990 -0.3086100
v 0.2706150 -0.3425190 -0.3086100
v 0.2759980 -0.3048000 -0.5118100
v 0.2650800 -0.3353920 -0.4864100
v 0.2598880 -0.2906060 -0.3911600
v 0.2598880 -0.2857500 -0.4737100
v 0.2715950 -0.3237290 -0.3086100
v 0.2696440 -0.3120200 -0.3159750
v 0.2540000 -0.2916380 -0.4737100
v 0.2540000 -0.2964940 -0.3911600
v 0.2647660 -0.3026830 -0.3340100
v 0.2611890 -0.2947810 -0.3639730
v 0.2598880 -0.3492500 -0.3911600
v 0.2611890 -0.3492500 -0.3657600
v 0.2556930 -0.3006660 -0.3641660
v 0.2603500 -0.3085710 -0.3340100
v 0.2623900 -0.3425690 -0.4800600
v 0.2598880 -0.3492500 -0.4737100
v 0.2669960 -0.2972860 -0.5030050
v 0.2574010 -0.3373640 -0.4826620
v 0.2736220 -0.2919910 -0.5054600
v 0.2597690 -0.3300060 -0.4887180
v 0.2647660 -0.3460750 -0.3340100
v 0.2655520 -0.3168740 -0.3198090
v 0.2715950 -0.3435350 -0.3086100
v 0.2666610 -0.3042890 -0.5055310
v 0.2692400 -0.3378060 -0.3092680
v 0.2692400 -0.3295720 -0.3089640
v 0.2692400 -0.3336890 -0.3091160
v 0.2721520 -0.3357510 -0.3058340
vt 0.1130910 0.5233130
vt 0.1451820 0.5233130
vt 0.1451820 0.5014540
vt 0.1130910 0.4991890
vt 0.1551310 0.5233160
vt 0.1673990 0.5203520
vt 0.1673990 0.5056060
vt 0.1554040 0.5034010
vt 0.1451820 0.5233130
vt 0.1551310 0.5233160
vt 0.1554040 0.5034010
vt 0.1451820 0.5014540
vt 0.1079910 0.5149670
vt 0.1076380 0.5129930
vt 0.0998379 0.4870350
vt 0.0985923 0.4872810
vt 0.1130910 0.4705200
vt 0.1130910 0.4727770
vt 0.1451820 0.4773070
vt 0.1451820 0.4750490
vt 0.1741560 0.4947840
vt 0.1735000 0.4962610
vt 0.1772730 0.5082050
vt 0.1772730 0.5059460
vt 0.1130910 0.5256010
vt 0.1130910 0.5278580
vt 0.1451820 0.5278580
vt 0.1451820 0.5256010
vt 0.1557380 0.4789430
vt 0.1557070 0.4812000
vt 0.1673990 0.4885740
vt 0.1673990 0.4863150
vt 0.1550690 0.5278590
vt 0.1551000 0.5256030
vt 0.1451820 0.5256010
vt 0.1451820 0.5278580
vt 0.1551000 0.5256030
vt 0.1550690 0.5278590
vt 0.1673990 0.5248960
vt 0.1673990 0.5226390
vt 0.1130910 0.5278580
vt 0.1130910 0.5256010
vt 0.1100470 0.5198130
vt 0.1104320 0.5216640
vt 0.1104320 0.5216640
vt 0.1100470 0.5198130
vt 0.1076380 0.5129930
vt 0.1079910 0.5149670
vt 0.0985923 0.4872810
vt 0.0998379 0.4870350
vt 0.1013140 0.4783250
vt 0.1009030 0.4761970
vt 0.1673990 0.4863150
vt 0.1673990 0.4885740
vt 0.1735000 0.4962610
vt 0.1741560 0.4947840
vt 0.1673990 0.5226390
vt 0.1673990 0.5248960
vt 0.1772730 0.5225270
vt 0.1772730 0.5202700
vt 0.1451820 0.4750490
vt 0.1451820 0.4773070
vt 0.1557070 0.4812000
vt 0.1557380 0.4789430
vt 0.1081540 0.5158790
vt 0.1079910 0.5149670
vt 0.0985923 0.4872810
vt 0.0982794 0.4873420
vt 0.1130910 0.4695720
vt 0.1130910 0.4705200
vt 0.1451820 0.4750490
vt 0.1451820 0.4741020
vt 0.1744100 0.4940770
vt 0.1741560 0.4947840
vt 0.1772730 0.5059460
vt 0.1772730 0.5050000
vt 0.1130910 0.5233130
vt 0.1130910 0.5256010
vt 0.1451820 0.5256010
vt 0.1451820 0.5233130
vt 0.1451820 0.4795940
vt 0.1451820 0.4773070
vt 0.1130910 0.4727770
vt 0.1130910 0.4750640
vt 0.1557510 0.4779960
vt 0.1557380 0.4789430
vt 0.1673990 0.4863150
vt 0.1673990 0.4853680
vt 0.1550560 0.5288060
vt 0.1550690 0.5278590
vt 0.1451820 0.5278580
vt 0.1451820 0.5288060
vt 0.1551310 0.5233160
vt 0.1551000 0.5256030
vt 0.1673990 0.5226390
vt 0.1673990 0.5203520
vt 0.1673990 0.4908600
vt 0.1673990 0.4885740
vt 0.1557070 0.4812000
vt 0.1556760 0.4834860
vt 0.1130910 0.5288060
vt 0.1130910 0.5278580
vt 0.1104320 0.5216640
vt 0.1106220 0.5225740
vt 0.1130910 0.4750640
vt 0.1130910 0.4727770
vt 0.1013140 0.4783250
vt 0.1017020 0.4803330
vt 0.1096110 0.5177180
vt 0.1100470 0.5198130
vt 0.1130910 0.5256010
vt 0.1130910 0.5233130
vt 0.1007480 0.4753940
vt 0.1009030 0.4761970
vt 0.1130910 0.4705200
vt 0.1130910 0.4695720
vt 0.1106220 0.5225740
vt 0.1104320 0.5216640
vt 0.1079910 0.5149670
vt 0.1081540 0.5158790
vt 0.1072560 0.5108550
vt 0.1076380 0.5129930
vt 0.1100470 0.5198130
vt 0.1096110 0.5177180
vt 0.0982794 0.4873420
vt 0.0985923 0.4872810
vt 0.1009030 0.4761970
vt 0.1007480 0.4753940
vt 0.1673990 0.5258440
vt 0.1673990 0.5248960
vt 0.1550690 0.5278590
vt 0.1550560 0.5288060
vt 0.1673990 0.4853680
vt 0.1673990 0.4863150
vt 0.1741560 0.4947840
vt 0.1744100 0.4940770
vt 0.1729200 0.4986050
vt 0.1735000 0.4962610
vt 0.1673990 0.4885740
vt 0.1673990 0.4908600
vt 0.1451820 0.4741020
vt 0.1451820 0.4750490
vt 0.1557380 0.4789430
vt 0.1557510 0.4779960
vt 0.1451820 0.5233130
vt 0.1451820 0.5256010
vt 0.1551000 0.5256030
vt 0.1551310 0.5233160
vt 0.1556760 0.4834860
vt 0.1557070 0.4812000
vt 0.1451820 0.4773070
vt 0.1451820 0.4795940
vt 0.1451820 0.5288060
vt 0.1451820 0.5278580
vt 0.1130910 0.5278580
vt 0.1130910 0.5288060
vt 0.1772730 0.5234750
vt 0.1772730 0.5225270
vt 0.1673990 0.5248960
vt 0.1673990 0.5258440
vt 0.1017020 0.4803330
vt 0.1013140 0.4783250
vt 0.0998379 0.4870350
vt 0.1007200 0.4868660
vt 0.1007200 0.4868660
vt 0.0998379 0.4870350
vt 0.1076380 0.5129930
vt 0.1072560 0.5108550
vt 0.1130910 0.5233130
vt 0.1130910 0.4991890
vt 0.1096110 0.5177180
vt 0.1130910 0.4991890
vt 0.1007200 0.4868660
vt 0.1072560 0.5108550
vt 0.1130910 0.4991890
vt 0.1072560 0.5108550
vt 0.1096110 0.5177180
vt 0.1451820 0.5014540
vt 0.1451820 0.4795940
vt 0.1130910 0.4750640
vt 0.1130910 0.4991890
vt 0.1554040 0.5034010
vt 0.1556760 0.4834860
vt 0.1451820 0.4795940
vt 0.1451820 0.5014540
vt 0.1673990 0.5056060
vt 0.1673990 0.4908600
vt 0.1556760 0.4834860
vt 0.1554040 0.5034010
vt 0.1130910 0.4727770
vt 0.1130910 0.4705200
vt 0.1009030 0.4761970
vt 0.1007200 0.4868660
vt 0.1130910 0.4750640
vt 0.1017020 0.4803330
vt 0.1013140 0.4783250
vt 0.1007200 0.4868660
vt 0.1130910 0.4991890
vt 0.1130910 0.4750640
vt 0.1673990 0.5203520
vt 0.1673990 0.5226390
vt 0.1772730 0.5202700
vt 0.1770170 0.5181310
vt 0.1673990 0.5056060
vt 0.1729200 0.4986050
vt 0.1673990 0.4908600
vt 0.1772730 0.5082050
vt 0.1735000 0.4962610
vt 0.1729200 0.4986050
vt 0.1771360 0.5104500
vt 0.1783520 0.5162140
vt 0.1770770 0.5142900
vt 0.1770170 0.5181310
vt 0.1783520 0.5162140
vt 0.1772730 0.5082050
vt 0.1771360 0.5104500
vt 0.1783520 0.5162140
vt 0.1772730 0.5059460
vt 0.1772730 0.5082050
vt 0.1783520 0.5162140
vt 0.1770170 0.5181310
vt 0.1772730 0.5202700
vt 0.1783520 0.5162140
vt 0.1772730 0.5202700
vt 0.1772730 0.5225270
vt 0.1783520 0.5162140
vt 0.1772730 0.5050000
vt 0.1772730 0.5059460
vt 0.1783520 0.5162140
vt 0.1772730 0.5225270
vt 0.1772730 0.5234750
vt 0.1130910 0.4991890
vt 0.1451820 0.5014540
vt 0.1451820 0.5233130
vt 0.1130910 0.5233130
vt 0.1554040 0.5034010
vt 0.1673990 0.5056060
vt 0.1673990 0.5203520
vt 0.1551310 0.5233160
vt 0.1451820 0.5014540
vt 0.1554040 0.5034010
vt 0.1551310 0.5233160
vt 0.1451820 0.5233130
vt 0.0985923 0.4872810
vt 0.0998379 0.4870350
vt 0.1076380 0.5129930
vt 0.1079910 0.5149670
vt 0.1451820 0.4750490
vt 0.1451820 0.4773070
vt 0.1130910 0.4727770
vt 0.1130910 0.4705200
vt 0.1772730 0.5059460
vt 0.1772730 0.5082050
vt 0.1735000 0.4962610
vt 0.1741560 0.4947840
vt 0.1451820 0.5256010
vt 0.1451820 0.5278580
vt 0.1130910 0.5278580
vt 0.1130910 0.5256010
vt 0.1673990 0.4863150
vt 0.1673990 0.4885740
vt 0.1557070 0.4812000
vt 0.1557380 0.4789430
vt 0.1451820 0.5278580
vt 0.1451820 0.5256010
vt 0.1551000 0.5256030
vt 0.1550690 0.5278590
vt 0.1673990 0.5226390
vt 0.1673990 0.5248960
vt 0.1550690 0.5278590
vt 0.1551000 0.5256030
vt 0.1104320 0.5216640
vt 0.1100470 0.5198130
vt 0.1130910 0.5256010
vt 0.1130910 0.5278580
vt 0.1079910 0.5149670
vt 0.1076380 0.5129930
vt 0.1100470 0.5198130
vt 0.1104320 0.5216640
vt 0.1009030 0.4761970
vt 0.1013140 0.4783250
vt 0.0998379 0.4870350
vt 0.0985923 0.4872810
vt 0.1741560 0.4947840
vt 0.1735000 0.4962610
vt 0.1673990 0.4885740
vt 0.1673990 0.4863150
vt 0.1772730 0.5202700
vt 0.1772730 0.5225270
vt 0.1673990 0.5248960
vt 0.1673990 0.5226390
vt 0.1557380 0.4789430
vt 0.1557070 0.4812000
vt 0.1451820 0.4773070
vt 0.1451820 0.4750490
vt 0.0982794 0.4873420
vt 0.0985923 0.4872810
vt 0.1079910 0.5149670
vt 0.1081540 0.5158790
vt 0.1451820 0.4741020
vt 0.1451820 0.4750490
vt 0.1130910 0.4705200
vt 0.1130910 0.4695720
vt 0.1772730 0.5050000
vt 0.1772730 0.5059460
vt 0.1741560 0.4947840
vt 0.1744100 0.4940770
vt 0.1451820 0.5233130
vt 0.1451820 0.5256010
vt 0.1130910 0.5256010
vt 0.1130910 0.5233130
vt 0.1130910 0.4750640
vt 0.1130910 0.4727770
vt 0.1451820 0.4773070
vt 0.1451820 0.4795940
vt 0.1673990 0.4853680
vt 0.1673990 0.4863150
vt 0.1557380 0.4789430
vt 0.1557510 0.4779960
vt 0.1451820 0.5288060
vt 0.1451820 0.5278580
vt 0.1550690 0.5278590
vt 0.1550560 0.5288060
vt 0.1673990 0.5203520
vt 0.1673990 0.5226390
vt 0.1551000 0.5256030
vt 0.1551310 0.5233160
vt 0.1556760 0.4834860
vt 0.1557070 0.4812000
vt 0.1673990 0.4885740
vt 0.1673990 0.4908600
vt 0.1106220 0.5225740
vt 0.1104320 0.5216640
vt 0.1130910 0.5278580
vt 0.1130910 0.5288060
vt 0.1017020 0.4803330
vt 0.1013140 0.4783250
vt 0.1130910 0.4727770
vt 0.1130910 0.4750640
vt 0.1130910 0.5233130
vt 0.1130910 0.5256010
vt 0.1100470 0.5198130
vt 0.1096110 0.5177180
vt 0.1130910 0.4695720
vt 0.1130910 0.4705200
vt 0.1009030 0.4761970
vt 0.1007480 0.4753940
vt 0.1081540 0.5158790
vt 0.1079910 0.5149670
vt 0.1104320 0.5216640
vt 0.1106220 0.5225740
vt 0.1096110 0.5177180
vt 0.1100470 0.5198130
vt 0.1076380 0.5129930
vt 0.1072560 0.5108550
vt 0.1007480 0.4753940
vt 0.1009030 0.4761970
vt 0.0985923 0.4872810
vt 0.0982794 0.4873420
vt 0.1550560 0.5288060
vt 0.1550690 0.5278590
vt 0.1673990 0.5248960
vt 0.1673990 0.5258440
vt 0.1744100 0.4940770
vt 0.1741560 0.4947840
vt 0.1673990 0.4863150
vt 0.1673990 0.4853680
vt 0.1673990 0.4908600
vt 0.1673990 0.4885740
vt 0.1735000 0.4962610
vt 0.1729200 0.4986050
vt 0.1557510 0.4779960
vt 0.1557380 0.4789430
vt 0.1451820 0.4750490
vt 0.1451820 0.4741020
vt 0.1551310 0.5233160
vt 0.1551000 0.5256030
vt 0.1451820 0.5256010
vt 0.1451820 0.5233130
vt 0.1451820 0.4795940
vt 0.1451820 0.4773070
vt 0.1557070 0.4812000
vt 0.1556760 0.4834860
vt 0.1130910 0.5288060
vt 0.1130910 0.5278580
vt 0.1451820 0.5278580
vt 0.1451820 0.5288060
vt 0.1673990 0.5258440
vt 0.1673990 0.5248960
vt 0.1772730 0.5225270
vt 0.1772730 0.5234750
vt 0.1007200 0.4868660
vt 0.0998379 0.4870350
vt 0.1013140 0.4783250
vt 0.1017020 0.4803330
vt 0.1072560 0.5108550
vt 0.1076380 0.5129930
vt 0.0998379 0.4870350
vt 0.1007200 0.4868660
vt 0.1096110 0.5177180
vt 0.1130910 0.4991890
vt 0.1130910 0.5233130
vt 0.1072560 0.5108550
vt 0.1007200 0.4868660
vt 0.1130910 0.4991890
vt 0.1096110 0.5177180
vt 0.1072560 0.5108550
vt 0.1130910 0.4991890
vt 0.1130910 0.4991890
vt 0.1130910 0.4750640
vt 0.1451820 0.4795940
vt 0.1451820 0.5014540
vt 0.1451820 0.5014540
vt 0.1451820 0.4795940
vt 0.1556760 0.4834860
vt 0.1554040 0.5034010
vt 0.1554040 0.5034010
vt 0.1556760 0.4834860
vt 0.1673990 0.4908600
vt 0.1673990 0.5056060
vt 0.1013140 0.4783250
vt 0.1017020 0.4803330
vt 0.1130910 0.4750640
vt 0.1007200 0.4868660
vt 0.1009030 0.4761970
vt 0.1130910 0.4705200
vt 0.1130910 0.4727770
vt 0.1130910 0.4750640
vt 0.1130910 0.4991890
vt 0.1007200 0.4868660
vt 0.1770170 0.5181310
vt 0.1772730 0.5202700
vt 0.1673990 0.5226390
vt 0.1673990 0.5203520
vt 0.1673990 0.4908600
vt 0.1729200 0.4986050
vt 0.1673990 0.5056060
vt 0.1771360 0.5104500
vt 0.1729200 0.4986050
vt 0.1735000 0.4962610
vt 0.1772730 0.5082050
vt 0.1770170 0.5181310
vt 0.1770770 0.5142900
vt 0.1783520 0.5162140
vt 0.1771360 0.5104500
vt 0.1772730 0.5082050
vt 0.1783520 0.5162140
vt 0.1772730 0.5082050
vt 0.1772730 0.5059460
vt 0.1783520 0.5162140
vt 0.1772730 0.5202700
vt 0.1770170 0.5181310
vt 0.1783520 0.5162140
vt 0.1772730 0.5225270
vt 0.1772730 0.5202700
vt 0.1783520 0.5162140
vt 0.1772730 0.5059460
vt 0.1772730 0.5050000
vt 0.1783520 0.5162140
vt 0.1772730 0.5234750
vt 0.1772730 0.5225270
vt 0.1783520 0.5162140
vt 0.1009030 0.4761970
vt 0.1013140 0.4783250
vt 0.1013140 0.4783250
vt 0.1009030 0.4761970
vt 0.1081540 0.5158790
vt 0.0982794 0.4873420
vt 0.0982794 0.4873420
vt 0.1081540 0.5158790
vt 0.1130910 0.4695720
vt 0.1451820 0.4741020
vt 0.1451820 0.4741020
vt 0.1130910 0.4695720
vt 0.1744100 0.4940770
vt 0.1772730 0.5050000
vt 0.1772730 0.5050000
vt 0.1744100 0.4940770
vt 0.1557510 0.4779960
vt 0.1673990 0.4853680
vt 0.1673990 0.4853680
vt 0.1557510 0.4779960
vt 0.1550560 0.5288060
vt 0.1451820 0.5288060
vt 0.1451820 0.5288060
vt 0.1550560 0.5288060
vt 0.1130910 0.5288060
vt 0.1106220 0.5225740
vt 0.1106220 0.5225740
vt 0.1130910 0.5288060
vt 0.1007480 0.4753940
vt 0.1130910 0.4695720
vt 0.1130910 0.4695720
vt 0.1007480 0.4753940
vt 0.1106220 0.5225740
vt 0.1081540 0.5158790
vt 0.1081540 0.5158790
vt 0.1106220 0.5225740
vt 0.0982794 0.4873420
vt 0.1007480 0.4753940
vt 0.1007480 0.4753940
vt 0.0982794 0.4873420
vt 0.1673990 0.5258440
vt 0.1550560 0.5288060
vt 0.1550560 0.5288060
vt 0.1673990 0.5258440
vt 0.1673990 0.4853680
vt 0.1744100 0.4940770
vt 0.1744100 0.4940770
vt 0.1673990 0.4853680
vt 0.1451820 0.4741020
vt 0.1557510 0.4779960
vt 0.1557510 0.4779960
vt 0.1451820 0.4741020
vt 0.1451820 0.5288060
vt 0.1130910 0.5288060
vt 0.1130910 0.5288060
vt 0.1451820 0.5288060
vt 0.1772730 0.5234750
vt 0.1673990 0.5258440
vt 0.1673990 0.5258440
vt 0.1772730 0.5234750
vt 0.1017020 0.4803330
vt 0.1007200 0.4868660
vt 0.1007200 0.4868660
vt 0.1017020 0.4803330
vt 0.1007200 0.4868660
vt 0.1009030 0.4761970
vt 0.1009030 0.4761970
vt 0.1007200 0.4868660
vt 0.1772730 0.5050000
vt 0.1783520 0.5162140
vt 0.1783520 0.5162140
vt 0.1772730 0.5050000
vt 0.1783520 0.5162140
vt 0.1772730 0.5234750
vt 0.1772730 0.5234750
vt 0.1783520 0.5162140
vt 0.1673990 0.5056060
vt 0.1673990 0.5203520
vt 0.1770170 0.5181310
vt 0.1770770 0.5142900
vt 0.1783520 0.5162140
vt 0.1771360 0.5104500
vt 0.1770770 0.5142900
vt 0.1770770 0.5142900
vt 0.1771360 0.5104500
vt 0.1783520 0.5162140
vt 0.1770770 0.5142900
vt 0.1770170 0.5181310
vt 0.1673990 0.5203520
vt 0.1673990 0.5056060
vt 0.1673990 0.5056060
vt 0.1770770 0.5142900
vt 0.1771360 0.5104500
vt 0.1729200 0.4986050
vt 0.1729200 0.4986050
vt 0.1771360 0.5104500
vt 0.1770770 0.5142900
vt 0.1673990 0.5056060
usemtl tex_mat1
f 730/2871 731/2872 732/2873 733/2874
f 734/2875 735/2876 736/2877 737/2878
f 731/2879 734/2880 737/2881 732/2882
f 738/2883 739/2884 740/2885 741/2886
f 742/2887 743/2888 744/2889 745/2890
f 746/2891 747/2892 748/2893 749/2894
f 750/2895 751/2896 752/2897 753/2898
f 754/2899 755/2900 756/2901 757/2902
f 758/2903 759/2904 753/2905 752/2906
f 759/2907 758/2908 760/2909 761/2910
f 751/2911 750/2912 762/2913 763/2914
f 763/2915 762/2916 739/2917 738/2918
f 741/2919 740/2920 764/2921 765/2922
f 757/2923 756/2924 747/2925 746/2926
f 761/2927 760/2928 766/2929 767/2930
f 745/2931 744/2932 755/2933 754/2934
f 768/2935 738/2936 741/2937 769/2938
f 770/2939 742/2940 745/2941 771/2942
f 772/2943 746/2944 749/2945 773/2946
f 730/2947 750/2948 753/2949 731/2950
f 774/2951 744/2952 743/2953 775/2954
f 776/2955 754/2956 757/2957 777/2958
f 778/2959 758/2960 752/2961 779/2962
f 734/2963 759/2964 761/2965 735/2966
f 780/2967 756/2968 755/2969 781/2970
f 782/2971 751/2972 763/2973 783/2974
f 775/2975 743/2976 764/2977 784/2978
f 785/2979 762/2980 750/2981 730/2982
f 786/2983 765/2984 742/2985 770/2986
f 783/2987 763/2988 738/2989 768/2990
f 787/2991 739/2992 762/2993 785/2994
f 769/2995 741/2996 765/2997 786/2998
f 788/2999 760/3000 758/3001 778/3002
f 777/3003 757/3004 746/3005 772/3006
f 789/3007 747/3008 756/3009 780/3010
f 771/3011 745/3012 754/3013 776/3014
f 731/3015 753/3016 759/3017 734/3018
f 781/3019 755/3020 744/3021 774/3022
f 779/3023 752/3024 751/3025 782/3026
f 790/3027 766/3028 760/3029 788/3030
f 784/3031 764/3032 740/3033 791/3034
f 791/3035 740/3036 739/3037 787/3038
f 730/3039 733/3040 785/3041
f 733/3042 791/3043 787/3044
f 733/3045 787/3046 785/3047
f 732/3048 774/3049 775/3050 733/3051
f 737/3052 781/3053 774/3054 732/3055
f 736/3056 780/3057 781/3058 737/3059
f 743/3060 742/3061 765/3062 791/3063 775/3064 784/3065 764/3066
f 791/3067 733/3068 775/3069
f 735/3070 761/3071 767/3072 792/3073
f 736/3074 789/3075 780/3076
f 748/3077 747/3078 789/3079 793/3080
f 794/3081 795/3082 792/3083
f 794/3084 748/3085 793/3086
f 794/3087 749/3088 748/3089
f 794/3090 792/3091 767/3092
f 794/3093 767/3094 766/3095
f 794/3096 773/3097 749/3098
f 794/3099 766/3100 790/3101
f 796/3102 797/3103 798/3104 799/3105
f 800/3106 801/3107 802/3108 803/3109
f 797/3110 800/3111 803/3112 798/3113
f 804/3114 805/3115 806/3116 807/3117
f 808/3118 809/3119 810/3120 811/3121
f 812/3122 813/3123 814/3124 815/3125
f 816/3126 817/3127 818/3128 819/3129
f 820/3130 821/3131 822/3132 823/3133
f 817/3134 816/3135 824/3136 825/3137
f 826/3138 827/3139 825/3140 824/3141
f 828/3142 829/3143 819/3144 818/3145
f 807/3146 806/3147 829/3148 828/3149
f 830/3150 831/3151 805/3152 804/3153
f 815/3154 814/3155 821/3156 820/3157
f 832/3158 833/3159 827/3160 826/3161
f 823/3162 822/3163 809/3164 808/3165
f 834/3166 804/3167 807/3168 835/3169
f 836/3170 808/3171 811/3172 837/3173
f 838/3174 812/3175 815/3176 839/3177
f 798/3178 816/3179 819/3180 799/3181
f 840/3182 810/3183 809/3184 841/3185
f 842/3186 820/3187 823/3188 843/3189
f 844/3190 817/3191 825/3192 845/3193
f 802/3194 826/3195 824/3196 803/3197
f 846/3198 822/3199 821/3200 847/3201
f 848/3202 828/3203 818/3204 849/3205
f 850/3206 831/3207 810/3208 840/3209
f 799/3210 819/3211 829/3212 851/3213
f 837/3214 811/3215 830/3216 852/3217
f 835/3218 807/3219 828/3220 848/3221
f 851/3222 829/3223 806/3224 853/3225
f 852/3226 830/3227 804/3228 834/3229
f 845/3230 825/3231 827/3232 854/3233
f 839/3234 815/3235 820/3236 842/3237
f 847/3238 821/3239 814/3240 855/3241
f 843/3242 823/3243 808/3244 836/3245
f 803/3246 824/3247 816/3248 798/3249
f 841/3250 809/3251 822/3252 846/3253
f 849/3254 818/3255 817/3256 844/3257
f 854/3258 827/3259 833/3260 856/3261
f 857/3262 805/3263 831/3264 850/3265
f 853/3266 806/3267 805/3268 857/3269
f 851/3270 796/3271 799/3272
f 853/3273 857/3274 796/3275
f 851/3276 853/3277 796/3278
f 796/3279 840/3280 841/3281 797/3282
f 797/3283 841/3284 846/3285 800/3286
f 800/3287 846/3288 847/3289 801/3290
f 831/3291 850/3292 840/3293 857/3294 830/3295 811/3296 810/3297
f 840/3298 796/3299 857/3300
f 858/3301 832/3302 826/3303 802/3304
f 847/3305 855/3306 801/3307
f 859/3308 855/3309 814/3310 813/3311
f 858/3312 860/3313 861/3314
f 859/3315 813/3316 861/3317
f 813/3318 812/3319 861/3320
f 832/3321 858/3322 861/3323
f 833/3324 832/3325 861/3326
f 812/3327 838/3328 861/3329
f 856/3330 833/3331 861/3332
f 765/3333 764/3334 831/3335 830/3336
f 768/3337 769/3338 834/3339 835/3340
f 770/3341 771/3342 836/3343 837/3344
f 772/3345 773/3346 838/3347 839/3348
f 776/3349 777/3350 842/3351 843/3352
f 778/3353 779/3354 844/3355 845/3356
f 782/3357 783/3358 848/3359 849/3360
f 786/3361 770/3362 837/3363 852/3364
f 783/3365 768/3366 835/3367 848/3368
f 769/3369 786/3370 852/3371 834/3372
f 788/3373 778/3374 845/3375 854/3376
f 777/3377 772/3378 839/3379 842/3380
f 771/3381 776/3382 843/3383 836/3384
f 779/3385 782/3386 849/3387 844/3388
f 790/3389 788/3390 854/3391 856/3392
f 784/3393 791/3394 857/3395 850/3396
f 791/3397 765/3398 830/3399 857/3400
f 773/3401 794/3402 861/3403 838/3404
f 794/3405 790/3406 856/3407 861/3408
f 736/3409 735/3410 792/3411 795/3412
f 794/3413 793/3414 795/3415
f 860/3416 859/3417 861/3418
f 860/3419 858/3420 802/3421 801/3422
f 736/3423 795/3424 793/3425 789/3426
f 855/3427 859/3428 860/3429 801/3430
o UC_R_Tyre
v -0.2628650 -0.3558360 -0.4165600
v -0.2628650 -0.3554660 -0.4127970
v -0.2603500 -0.3365500 -0.4165600
v -0.2628650 -0.3543680 -0.4091800
v -0.2628650 -0.3525860 -0.4058450
v -0.2628650 -0.3501870 -0.4029230
v -0.2628650 -0.3472650 -0.4005240
v -0.2628650 -0.3439300 -0.3987420
v -0.2628650 -0.3403130 -0.3976440
v -0.2628650 -0.3365500 -0.3972740
v -0.2628650 -0.3327870 -0.3976440
v -0.2628650 -0.3291700 -0.3987420
v -0.2628650 -0.3258350 -0.4005240
v -0.2628650 -0.3229130 -0.4029230
v -0.2628650 -0.3205140 -0.4058450
v -0.2628650 -0.3187320 -0.4091800
v -0.2628650 -0.3176340 -0.4127970
v -0.2628650 -0.3172640 -0.4165600
v -0.2628650 -0.3176340 -0.4203230
v -0.2628650 -0.3187320 -0.4239400
v -0.2628650 -0.3205140 -0.4272750
v -0.2628650 -0.3229130 -0.4301970
v -0.2628650 -0.3258350 -0.4325960
v -0.2628650 -0.3291700 -0.4343780
v -0.2628650 -0.3327870 -0.4354760
v -0.2628650 -0.3365500 -0.4358460
v -0.2628650 -0.3403130 -0.4354760
v -0.2628650 -0.3439300 -0.4343780
v -0.2628650 -0.3472650 -0.4325960
v -0.2628650 -0.3501870 -0.4301970
v -0.2628650 -0.3525860 -0.4272750
v -0.2628650 -0.3543680 -0.4239400
v -0.2628650 -0.3554660 -0.4203230
v -0.2635630 -0.3713020 -0.4165600
v -0.2635630 -0.3706350 -0.4097800
v -0.2635630 -0.3686570 -0.4032610
v -0.2635630 -0.3654460 -0.3972530
v -0.2635630 -0.3611240 -0.3919860
v -0.2635630 -0.3558570 -0.3876640
v -0.2635630 -0.3498490 -0.3844530
v -0.2635630 -0.3433300 -0.3824750
v -0.2635630 -0.3365500 -0.3818080
v -0.2635630 -0.3297700 -0.3824750
v -0.2635630 -0.3232510 -0.3844530
v -0.2635630 -0.3172430 -0.3876640
v -0.2635630 -0.3119760 -0.3919860
v -0.2635630 -0.3076540 -0.3972530
v -0.2635630 -0.3044430 -0.4032610
v -0.2635630 -0.3024650 -0.4097800
v -0.2635630 -0.3017980 -0.4165600
v -0.2635630 -0.3024650 -0.4233400
v -0.2635630 -0.3044430 -0.4298590
v -0.2635630 -0.3076540 -0.4358670
v -0.2635630 -0.3119760 -0.4411340
v -0.2635630 -0.3172430 -0.4454560
v -0.2635630 -0.3232510 -0.4486670
v -0.2635630 -0.3297700 -0.4506450
v -0.2635630 -0.3365500 -0.4513120
v -0.2635630 -0.3433300 -0.4506450
v -0.2635630 -0.3498490 -0.4486670
v -0.2635630 -0.3558570 -0.4454560
v -0.2635630 -0.3611240 -0.4411340
v -0.2635630 -0.3654460 -0.4358670
v -0.2635630 -0.3686570 -0.4298590
v -0.2635630 -0.3706350 -0.4233400
v -0.2695090 -0.3798860 -0.4165600
v -0.2695090 -0.3790530 -0.4081060
v -0.2695090 -0.3765870 -0.3999760
v -0.2695090 -0.3725820 -0.3924840
v -0.2695090 -0.3671930 -0.3859170
v -0.2695090 -0.3606260 -0.3805280
v -0.2695090 -0.3531340 -0.3765230
v -0.2695090 -0.3450040 -0.3740570
v -0.2695090 -0.3365500 -0.3732240
v -0.2695090 -0.3280960 -0.3740570
v -0.2695090 -0.3199660 -0.3765230
v -0.2695090 -0.3124740 -0.3805280
v -0.2695090 -0.3059070 -0.3859170
v -0.2695090 -0.3005180 -0.3924840
v -0.2695090 -0.2965130 -0.3999760
v -0.2695090 -0.2940470 -0.4081060
v -0.2695090 -0.2932140 -0.4165600
v -0.2695090 -0.2940470 -0.4250140
v -0.2695090 -0.2965130 -0.4331440
v -0.2695090 -0.3005180 -0.4406360
v -0.2695090 -0.3059070 -0.4472030
v -0.2695090 -0.3124740 -0.4525920
v -0.2695090 -0.3199660 -0.4565970
v -0.2695090 -0.3280960 -0.4590630
v -0.2695090 -0.3365500 -0.4598960
v -0.2695090 -0.3450040 -0.4590630
v -0.2695090 -0.3531340 -0.4565970
v -0.2695090 -0.3606260 -0.4525920
v -0.2695090 -0.3671930 -0.4472030
v -0.2695090 -0.3725820 -0.4406360
v -0.2695090 -0.3765870 -0.4331440
v -0.2695090 -0.3790530 -0.4250140
v -0.2892910 -0.3798860 -0.4165600
v -0.2892910 -0.3790530 -0.4081060
v -0.2892910 -0.3765870 -0.3999760
v -0.2892910 -0.3725820 -0.3924840
v -0.2892910 -0.3671930 -0.3859170
v -0.2892910 -0.3606260 -0.3805280
v -0.2892910 -0.3531340 -0.3765230
v -0.2892910 -0.3450040 -0.3740570
v -0.2892910 -0.3365500 -0.3732240
v -0.2892910 -0.3280960 -0.3740570
v -0.2892910 -0.3199660 -0.3765230
v -0.2892910 -0.3124740 -0.3805280
v -0.2892910 -0.3059070 -0.3859170
v -0.2892910 -0.3005180 -0.3924840
v -0.2892910 -0.2965130 -0.3999760
v -0.2892910 -0.2940470 -0.4081060
v -0.2892910 -0.2932140 -0.4165600
v -0.2892910 -0.2940470 -0.4250140
v -0.2892910 -0.2965130 -0.4331440
v -0.2892910 -0.3005180 -0.4406360
v -0.2892910 -0.3059070 -0.4472030
v -0.2892910 -0.3124740 -0.4525920
v -0.2892910 -0.3199660 -0.4565970
v -0.2892910 -0.3280960 -0.4590630
v -0.2892910 -0.3365500 -0.4598960
v -0.2892910 -0.3450040 -0.4590630
v -0.2892910 -0.3531340 -0.4565970
v -0.2892910 -0.3606260 -0.4525920
v -0.2892910 -0.3671930 -0.4472030
v -0.2892910 -0.3725820 -0.4406360
v -0.2892910 -0.3765870 -0.4331440
v -0.2892910 -0.3790530 -0.4250140
v -0.2952370 -0.3713020 -0.4165600
v -0.2952370 -0.3706350 -0.4097800
v -0.2952370 -0.3686570 -0.4032610
v -0.2952370 -0.3654460 -0.3972530
v -0.2952370 -0.3611240 -0.3919860
v -0.2952370 -0.3558570 -0.3876640
v -0.2952370 -0.3498490 -0.3844530
v -0.2952370 -0.3433300 -0.3824750
v -0.2952370 -0.3365500 -0.3818080
v -0.2952370 -0.3297700 -0.3824750
v -0.2952370 -0.3232510 -0.3844530
v -0.2952370 -0.3172430 -0.3876640
v -0.2952370 -0.3119760 -0.3919860
v -0.2952370 -0.3076540 -0.3972530
v -0.2952370 -0.3044430 -0.4032610
v -0.2952370 -0.3024650 -0.4097800
v -0.2952370 -0.3017980 -0.4165600
v -0.2952370 -0.3024650 -0.4233400
v -0.2952370 -0.3044430 -0.4298590
v -0.2952370 -0.3076540 -0.4358670
v -0.2952370 -0.3119760 -0.4411340
v -0.2952370 -0.3172430 -0.4454560
v -0.2952370 -0.3232510 -0.4486670
v -0.2952370 -0.3297700 -0.4506450
v -0.2952370 -0.3365500 -0.4513120
v -0.2952370 -0.3433300 -0.4506450
v -0.2952370 -0.3498490 -0.4486670
v -0.2952370 -0.3558570 -0.4454560
v -0.2952370 -0.3611240 -0.4411340
v -0.2952370 -0.3654460 -0.4358670
v -0.2952370 -0.3686570 -0.4298590
v -0.2952370 -0.3706350 -0.4233400
v -0.2959350 -0.3558360 -0.4165600
v -0.2959350 -0.3554660 -0.4127970
v -0.2959350 -0.3543680 -0.4091800
v -0.2959350 -0.3525860 -0.4058450
v -0.2959350 -0.3501870 -0.4029230
v -0.2959350 -0.3472650 -0.4005240
v -0.2959350 -0.3439300 -0.3987420
v -0.2959350 -0.3403130 -0.3976440
v -0.2959350 -0.3365500 -0.3972740
v -0.2959350 -0.3327870 -0.3976440
v -0.2959350 -0.3291700 -0.3987420
v -0.2959350 -0.3258350 -0.4005240
v -0.2959350 -0.3229130 -0.4029230
v -0.2959350 -0.3205140 -0.4058450
v -0.2959350 -0.3187320 -0.4091800
v -0.2959350 -0.3176340 -0.4127970
v -0.2959350 -0.3172640 -0.4165600
v -0.2959350 -0.3176340 -0.4203230
v -0.2959350 -0.3187320 -0.4239400
v -0.2959350 -0.3205140 -0.4272750
v -0.2959350 -0.3229130 -0.4301970
v -0.2959350 -0.3258350 -0.4325960
v -0.2959350 -0.3291700 -0.4343780
v -0.2959350 -0.3327870 -0.4354760
v -0.2959350 -0.3365500 -0.4358460
v -0.2959350 -0.3403130 -0.4354760
v -0.2959350 -0.3439300 -0.4343780
v -0.2959350 -0.3472650 -0.4325960
v -0.2959350 -0.3501870 -0.4301970
v -0.2959350 -0.3525860 -0.4272750
v -0.2959350 -0.3543680 -0.4239400
v -0.2959350 -0.3554660 -0.4203230
v -0.2984500 -0.3365500 -0.4165600
vt 0.0000000 1.0000000
vt 0.0000000 1.0000000
vt 0.0000000 1.0000000
vt 0.0000000 1.0000000
vt 0.0000000 1.0000000
vt 0.0000000 1.0000000
vt 0.0000000 1.0000000
vt 0.0000000 1.0000000
vt 0.0000000 1.0000000
vt 0.0000000 1.0000000
vt 0.0000000 1.0000000
vt 0.0000000 1.0000000
vt 0.0000000 1.0000000
vt 0.0000000 1.0000000
vt 0.0000000 1.0000000
vt 0.0000000 1.0000000
vt 0.0000000 1.0000000
vt 0.0000000 1.0000000
vt 0.0000000 1.0000000
vt 0.0000000 1.0000000
vt 0.0000000 1.0000000
vt 0.0000000 1.0000000
vt 0.0000000 1.0000000
vt 0.0000000 1.0000000
vt 0.0000000 1.0000000
vt 0.0000000 1.0000000
vt 0.0000000 1.0000000
vt 0.0000000 1.0000000
vt 0.0000000 1.0000000
vt 0.0000000 1.0000000
vt 0.0000000 1.0000000
vt 0.0000000 1.0000000
vt 0.0000000 1.0000000
vt 0.0000000 1.0000000
vt 0.0000000 1.0000000
vt 0.0000000 1.0000000
vt 0.0000000 1.0000000
vt 0.0000000 1.0000000
vt 0.0000000 1.0000000
vt 0.0000000 1.0000000
vt 0.0000000 1.0000000
vt 0.0000000 1.0000000
vt 0.0000000 1.0000000
vt 0.0000000 1.0000000
vt 0.0000000 1.0000000
vt 0.0000000 1.0000000
vt 0.0000000 1.0000000
vt 0.0000000 1.0000000
vt 0.0000000 1.0000000
vt 0.0000000 1.0000000
vt 0.0000000 1.0000000
vt 0.0000000 1.0000000
vt 0.0000000 1.0000000
vt 0.0000000 1.0000000
vt 0.0000000 1.0000000
vt 0.0000000 1.0000000
vt 0.0000000 1.0000000
vt 0.0000000 1.0000000
vt 0.0000000 1.0000000
vt 0.0000000 1.0000000
vt 0.0000000 1.0000000
vt 0.0000000 1.0000000
vt 0.0000000 1.0000000
vt 0.0000000 1.0000000
vt 0.0000000 1.0000000
vt 0.0000000 1.0000000
vt 0.0000000 1.0000000
vt 0.0000000 1.0000000
vt 0.0000000 1.0000000
vt 0.0000000 1.0000000
vt 0.0000000 1.0000000
vt 0.0000000 1.0000000
vt 0.0000000 1.0000000
vt 0.0000000 1.0000000
vt 0.0000000 1.0000000
vt 0.0000000 1.0000000
vt 0.0000000 1.0000000
vt 0.0000000 1.0000000
vt 0.0000000 1.0000000
vt 0.0000000 1.0000000
vt 0.0000000 1.0000000
vt 0.0000000 1.0000000
vt 0.0000000 1.0000000
vt 0.0000000 1.0000000
vt 0.0000000 1.0000000
vt 0.0000000 1.0000000
vt 0.0000000 1.0000000
vt 0.0000000 1.0000000
vt 0.0000000 1.0000000
vt 0.0000000 1.0000000
vt 0.0000000 1.0000000
vt 0.0000000 1.0000000
vt 0.0000000 1.0000000
vt 0.0000000 1.0000000
vt 0.0000000 1.0000000
vt 0.0000000 1.0000000
vt 0.0000000 1.0000000
vt 0.0000000 1.0000000
vt 0.0000000 1.0000000
vt 0.0000000 1.0000000
vt 0.0000000 1.0000000
vt 0.0000000 1.0000000
vt 0.0000000 1.0000000
vt 0.0000000 1.0000000
vt 0.0000000 1.0000000
vt 0.0000000 1.0000000
vt 0.0000000 1.0000000
vt 0.0000000 1.0000000
vt 0.0000000 1.0000000
vt 0.0000000 1.0000000
vt 0.0000000 1.0000000
vt 0.0000000 1.0000000
vt 0.0000000 1.0000000
vt 0.0000000 1.0000000
vt 0.0000000 1.0000000
vt 0.0000000 1.0000000
vt 0.0000000 1.0000000
vt 0.0000000 1.0000000
vt 0.0000000 1.0000000
vt 0.0000000 1.0000000
vt 0.0000000 1.0000000
vt 0.0000000 1.0000000
vt 0.0000000 1.0000000
vt 0.0000000 1.0000000
vt 0.0000000 1.0000000
vt 0.0000000 1.0000000
vt 0.0000000 1.0000000
vt 0.0000000 1.0000000
vt 0.0000000 1.0000000
vt 0.0000000 1.0000000
vt 0.0000000 1.0000000
vt 0.0000000 1.0000000
vt 0.0000000 1.0000000
vt 0.0000000 1.0000000
vt 0.0000000 1.0000000
vt 0.0000000 1.0000000
vt 0.0000000 1.0000000
vt 0.0000000 1.0000000
vt 0.0000000 1.0000000
vt 0.0000000 1.0000000
vt 0.0000000 1.0000000
vt 0.0000000 1.0000000
vt 0.0000000 1.0000000
vt 0.0000000 1.0000000
vt 0.0000000 1.0000000
vt 0.0000000 1.0000000
vt 0.0000000 1.0000000
vt 0.0000000 1.0000000
vt 0.0000000 1.0000000
vt 0.0000000 1.0000000
vt 0.0000000 1.0000000
vt 0.0000000 1.0000000
vt 0.0000000 1.0000000
vt 0.0000000 1.0000000
vt 0.0000000 1.0000000
vt 0.0000000 1.0000000
vt 0.0000000 1.0000000
vt 0.0000000 1.0000000
vt 0.0000000 1.0000000
vt 0.0000000 1.0000000
vt 0.0000000 1.0000000
vt 0.0000000 1.0000000
vt 0.0000000 1.0000000
vt 0.0000000 1.0000000
vt 0.0000000 1.0000000
vt 0.0000000 1.0000000
vt 0.0000000 1.0000000
vt 0.0000000 1.0000000
vt 0.0000000 1.0000000
vt 0.0000000 1.0000000
vt 0.0000000 1.0000000
vt 0.0000000 1.0000000
vt 0.0000000 1.0000000
vt 0.0000000 1.0000000
vt 0.0000000 1.0000000
vt 0.0000000 1.0000000
vt 0.0000000 1.0000000
vt 0.0000000 1.0000000
vt 0.0000000 1.0000000
vt 0.0000000 1.0000000
vt 0.0000000 1.0000000
vt 0.0000000 1.0000000
vt 0.0000000 1.0000000
vt 0.0000000 1.0000000
vt 0.0000000 1.0000000
vt 0.0000000 1.0000000
vt 0.0000000 1.0000000
vt 0.0000000 1.0000000
vt 0.0000000 1.0000000
vt 0.0000000 1.0000000
vt 0.0000000 1.0000000
vt 0.0000000 1.0000000
vt 0.0000000 1.0000000
vt 0.0000000 1.0000000
vt 0.0000000 1.0000000
vt 0.0000000 1.0000000
vt 0.0000000 1.0000000
vt 0.0000000 1.0000000
vt 0.0000000 1.0000000
vt 0.0000000 1.0000000
vt 0.0000000 1.0000000
vt 0.0000000 1.0000000
vt 0.0000000 1.0000000
vt 0.0000000 1.0000000
vt 0.0000000 1.0000000
vt 0.0000000 1.0000000
vt 0.0000000 1.0000000
vt 0.0000000 1.0000000
vt 0.0000000 1.0000000
vt 0.0000000 1.0000000
vt 0.0000000 1.0000000
vt 0.0000000 1.0000000
vt 0.0000000 1.0000000
vt 0.0000000 1.0000000
vt 0.0000000 1.0000000
vt 0.0000000 1.0000000
vt 0.0000000 1.0000000
vt 0.0000000 1.0000000
vt 0.0000000 1.0000000
vt 0.0000000 1.0000000
vt 0.0000000 1.0000000
vt 0.0000000 1.0000000
vt 0.0000000 1.0000000
vt 0.0000000 1.0000000
vt 0.0000000 1.0000000
vt 0.0000000 1.0000000
vt 0.0000000 1.0000000
vt 0.0000000 1.0000000
vt 0.0000000 1.0000000
vt 0.0000000 1.0000000
vt 0.0000000 1.0000000
vt 0.0000000 1.0000000
vt 0.0000000 1.0000000
vt 0.0000000 1.0000000
vt 0.0000000 1.0000000
vt 0.0000000 1.0000000
vt 0.0000000 1.0000000
vt 0.0000000 1.0000000
vt 0.0000000 1.0000000
vt 0.0000000 1.0000000
vt 0.0000000 1.0000000
vt 0.0000000 1.0000000
vt 0.0000000 1.0000000
vt 0.0000000 1.0000000
vt 0.0000000 1.0000000
vt 0.0000000 1.0000000
vt 0.0000000 1.0000000
vt 0.0000000 1.0000000
vt 0.0000000 1.0000000
vt 0.0000000 1.0000000
vt 0.0000000 1.0000000
vt 0.0000000 1.0000000
vt 0.0000000 1.0000000
vt 0.0000000 1.0000000
vt 0.0000000 1.0000000
vt 0.0000000 1.0000000
vt 0.0000000 1.0000000
vt 0.0000000 1.0000000
vt 0.0000000 1.0000000
vt 0.0000000 1.0000000
vt 0.0000000 1.0000000
vt 0.0000000 1.0000000
vt 0.0000000 1.0000000
vt 0.0000000 1.0000000
vt 0.0000000 1.0000000
vt 0.0000000 1.0000000
vt 0.0000000 1.0000000
vt 0.0000000 1.0000000
vt 0.0000000 1.0000000
vt 0.0000000 1.0000000
vt 0.0000000 1.0000000
vt 0.0000000 1.0000000
vt 0.0000000 1.0000000
vt 0.0000000 1.0000000
vt 0.0000000 1.0000000
vt 0.0000000 1.0000000
vt 0.0000000 1.0000000
vt 0.0000000 1.0000000
vt 0.0000000 1.0000000
vt 0.0000000 1.0000000
vt 0.0000000 1.0000000
vt 0.0000000 1.0000000
vt 0.0000000 1.0000000
vt 0.0000000 1.0000000
vt 0.0000000 1.0000000
vt 0.0000000 1.0000000
vt 0.0000000 1.0000000
vt 0.0000000 1.0000000
vt 0.0000000 1.0000000
vt 0.0000000 1.0000000
vt 0.0000000 1.0000000
vt 0.0000000 1.0000000
vt 0.0000000 1.0000000
vt 0.0000000 1.0000000
vt 0.0000000 1.0000000
vt 0.0000000 1.0000000
vt 0.0000000 1.0000000
vt 0.0000000 1.0000000
vt 0.0000000 1.0000000
vt 0.0000000 1.0000000
vt 0.0000000 1.0000000
vt 0.0000000 1.0000000
vt 0.0000000 1.0000000
vt 0.0000000 1.0000000
vt 0.0000000 1.0000000
vt 0.0000000 1.0000000
vt 0.0000000 1.0000000
vt 0.0000000 1.0000000
vt 0.0000000 1.0000000
vt 0.0000000 1.0000000
vt 0.0000000 1.0000000
vt 0.0000000 1.0000000
vt 0.0000000 1.0000000
vt 0.0000000 1.0000000
vt 0.0000000 1.0000000
vt 0.0000000 1.0000000
vt 0.0000000 1.0000000
vt 0.0000000 1.0000000
vt 0.0000000 1.0000000
vt 0.0000000 1.0000000
vt 0.0000000 1.0000000
vt 0.0000000 1.0000000
vt 0.0000000 1.0000000
vt 0.0000000 1.0000000
vt 0.0000000 1.0000000
vt 0.0000000 1.0000000
vt 0.0000000 1.0000000
vt 0.0000000 1.0000000
vt 0.0000000 1.0000000
vt 0.0000000 1.0000000
vt 0.0000000 1.0000000
vt 0.0000000 1.0000000
vt 0.0000000 1.0000000
vt 0.0000000 1.0000000
vt 0.0000000 1.0000000
vt 0.0000000 1.0000000
vt 0.0000000 1.0000000
vt 0.0000000 1.0000000
vt 0.0000000 1.0000000
vt 0.0000000 1.0000000
vt 0.0000000 1.0000000
vt 0.0000000 1.0000000
vt 0.0000000 1.0000000
vt 0.0000000 1.0000000
vt 0.0000000 1.0000000
vt 0.0000000 1.0000000
vt 0.0000000 1.0000000
vt 0.0000000 1.0000000
vt 0.0000000 1.0000000
vt 0.0000000 1.0000000
vt 0.0000000 1.0000000
vt 0.0000000 1.0000000
vt 0.0000000 1.0000000
vt 0.0000000 1.0000000
vt 0.0000000 1.0000000
vt 0.0000000 1.0000000
vt 0.0000000 1.0000000
vt 0.0000000 1.0000000
vt 0.0000000 1.0000000
vt 0.0000000 1.0000000
vt 0.0000000 1.0000000
vt 0.0000000 1.0000000
vt 0.0000000 1.0000000
vt 0.0000000 1.0000000
vt 0.0000000 1.0000000
vt 0.0000000 1.0000000
vt 0.0000000 1.0000000
vt 0.0000000 1.0000000
vt 0.0000000 1.0000000
vt 0.0000000 1.0000000
vt 0.0000000 1.0000000
vt 0.0000000 1.0000000
vt 0.0000000 1.0000000
vt 0.0000000 1.0000000
vt 0.0000000 1.0000000
vt 0.0000000 1.0000000
vt 0.0000000 1.0000000
vt 0.0000000 1.0000000
vt 0.0000000 1.0000000
vt 0.0000000 1.0000000
vt 0.0000000 1.0000000
vt 0.0000000 1.0000000
vt 0.0000000 1.0000000
vt 0.0000000 1.0000000
vt 0.0000000 1.0000000
vt 0.0000000 1.0000000
vt 0.0000000 1.0000000
vt 0.0000000 1.0000000
vt 0.0000000 1.0000000
vt 0.0000000 1.0000000
vt 0.0000000 1.0000000
vt 0.0000000 1.0000000
vt 0.0000000 1.0000000
vt 0.0000000 1.0000000
vt 0.0000000 1.0000000
vt 0.0000000 1.0000000
vt 0.0000000 1.0000000
vt 0.0000000 1.0000000
vt 0.0000000 1.0000000
vt 0.0000000 1.0000000
vt 0.0000000 1.0000000
vt 0.0000000 1.0000000
vt 0.0000000 1.0000000
vt 0.0000000 1.0000000
vt 0.0000000 1.0000000
vt 0.0000000 1.0000000
vt 0.0000000 1.0000000
vt 0.0000000 1.0000000
vt 0.0000000 1.0000000
vt 0.0000000 1.0000000
vt 0.0000000 1.0000000
vt 0.0000000 1.0000000
vt 0.0000000 1.0000000
vt 0.0000000 1.0000000
vt 0.0000000 1.0000000
vt 0.0000000 1.0000000
vt 0.0000000 1.0000000
vt 0.0000000 1.0000000
vt 0.0000000 1.0000000
vt 0.0000000 1.0000000
vt 0.0000000 1.0000000
vt 0.0000000 1.0000000
vt 0.0000000 1.0000000
vt 0.0000000 1.0000000
vt 0.0000000 1.0000000
vt 0.0000000 1.0000000
vt 0.0000000 1.0000000
vt 0.0000000 1.0000000
vt 0.0000000 1.0000000
vt 0.0000000 1.0000000
vt 0.0000000 1.0000000
vt 0.0000000 1.0000000
vt 0.0000000 1.0000000
vt 0.0000000 1.0000000
vt 0.0000000 1.0000000
vt 0.0000000 1.0000000
vt 0.0000000 1.0000000
vt 0.0000000 1.0000000
vt 0.0000000 1.0000000
vt 0.0000000 1.0000000
vt 0.0000000 1.0000000
vt 0.0000000 1.0000000
vt 0.0000000 1.0000000
vt 0.0000000 1.0000000
vt 0.0000000 1.0000000
vt 0.0000000 1.0000000
vt 0.0000000 1.0000000
vt 0.0000000 1.0000000
vt 0.0000000 1.0000000
vt 0.0000000 1.0000000
vt 0.0000000 1.0000000
vt 0.0000000 1.0000000
vt 0.0000000 1.0000000
vt 0.0000000 1.0000000
vt 0.0000000 1.0000000
vt 0.0000000 1.0000000
vt 0.0000000 1.0000000
vt 0.0000000 1.0000000
vt 0.0000000 1.0000000
vt 0.0000000 1.0000000
vt 0.0000000 1.0000000
vt 0.0000000 1.0000000
vt 0.0000000 1.0000000
vt 0.0000000 1.0000000
vt 0.0000000 1.0000000
vt 0.0000000 1.0000000
vt 0.0000000 1.0000000
vt 0.0000000 1.0000000
vt 0.0000000 1.0000000
vt 0.0000000 1.0000000
vt 0.0000000 1.0000000
vt 0.0000000 1.0000000
vt 0.0000000 1.0000000
vt 0.0000000 1.0000000
vt 0.0000000 1.0000000
vt 0.0000000 1.0000000
vt 0.0000000 1.0000000
vt 0.0000000 1.0000000
vt 0.0000000 1.0000000
vt 0.0000000 1.0000000
vt 0.0000000 1.0000000
vt 0.0000000 1.0000000
vt 0.0000000 1.0000000
vt 0.0000000 1.0000000
vt 0.0000000 1.0000000
vt 0.0000000 1.0000000
vt 0.0000000 1.0000000
vt 0.0000000 1.0000000
vt 0.0000000 1.0000000
vt 0.0000000 1.0000000
vt 0.0000000 1.0000000
vt 0.0000000 1.0000000
vt 0.0000000 1.0000000
vt 0.0000000 1.0000000
vt 0.0000000 1.0000000
vt 0.0000000 1.0000000
vt 0.0000000 1.0000000
vt 0.0000000 1.0000000
vt 0.0000000 1.0000000
vt 0.0000000 1.0000000
vt 0.0000000 1.0000000
vt 0.0000000 1.0000000
vt 0.0000000 1.0000000
vt 0.0000000 1.0000000
vt 0.0000000 1.0000000
vt 0.0000000 1.0000000
vt 0.0000000 1.0000000
vt 0.0000000 1.0000000
vt 0.0000000 1.0000000
vt 0.0000000 1.0000000
vt 0.0000000 1.0000000
vt 0.0000000 1.0000000
vt 0.0000000 1.0000000
vt 0.0000000 1.0000000
vt 0.0000000 1.0000000
vt 0.0000000 1.0000000
vt 0.0000000 1.0000000
vt 0.0000000 1.0000000
vt 0.0000000 1.0000000
vt 0.0000000 1.0000000
vt 0.0000000 1.0000000
vt 0.0000000 1.0000000
vt 0.0000000 1.0000000
vt 0.0000000 1.0000000
vt 0.0000000 1.0000000
vt 0.0000000 1.0000000
vt 0.0000000 1.0000000
vt 0.0000000 1.0000000
vt 0.0000000 1.0000000
vt 0.0000000 1.0000000
vt 0.0000000 1.0000000
vt 0.0000000 1.0000000
vt 0.0000000 1.0000000
vt 0.0000000 1.0000000
vt 0.0000000 1.0000000
vt 0.0000000 1.0000000
vt 0.0000000 1.0000000
vt 0.0000000 1.0000000
vt 0.0000000 1.0000000
vt 0.0000000 1.0000000
vt 0.0000000 1.0000000
vt 0.0000000 1.0000000
vt 0.0000000 1.0000000
vt 0.0000000 1.0000000
vt 0.0000000 1.0000000
vt 0.0000000 1.0000000
vt 0.0000000 1.0000000
vt 0.0000000 1.0000000
vt 0.0000000 1.0000000
vt 0.0000000 1.0000000
vt 0.0000000 1.0000000
vt 0.0000000 1.0000000
vt 0.0000000 1.0000000
vt 0.0000000 1.0000000
vt 0.0000000 1.0000000
vt 0.0000000 1.0000000
vt 0.0000000 1.0000000
vt 0.0000000 1.0000000
vt 0.0000000 1.0000000
vt 0.0000000 1.0000000
vt 0.0000000 1.0000000
vt 0.0000000 1.0000000
vt 0.0000000 1.0000000
vt 0.0000000 1.0000000
vt 0.0000000 1.0000000
vt 0.0000000 1.0000000
vt 0.0000000 1.0000000
vt 0.0000000 1.0000000
vt 0.0000000 1.0000000
vt 0.0000000 1.0000000
vt 0.0000000 1.0000000
vt 0.0000000 1.0000000
vt 0.0000000 1.0000000
vt 0.0000000 1.0000000
vt 0.0000000 1.0000000
vt 0.0000000 1.0000000
vt 0.0000000 1.0000000
vt 0.0000000 1.0000000
vt 0.0000000 1.0000000
vt 0.0000000 1.0000000
vt 0.0000000 1.0000000
vt 0.0000000 1.0000000
vt 0.0000000 1.0000000
vt 0.0000000 1.0000000
vt 0.0000000 1.0000000
vt 0.0000000 1.0000000
vt 0.0000000 1.0000000
vt 0.0000000 1.0000000
vt 0.0000000 1.0000000
vt 0.0000000 1.0000000
vt 0.0000000 1.0000000
vt 0.0000000 1.0000000
vt 0.0000000 1.0000000
vt 0.0000000 1.0000000
vt 0.0000000 1.0000000
vt 0.0000000 1.0000000
vt 0.0000000 1.0000000
vt 0.0000000 1.0000000
vt 0.0000000 1.0000000
vt 0.0000000 1.0000000
vt 0.0000000 1.0000000
vt 0.0000000 1.0000000
vt 0.0000000 1.0000000
vt 0.0000000 1.0000000
vt 0.0000000 1.0000000
vt 0.0000000 1.0000000
vt 0.0000000 1.0000000
vt 0.0000000 1.0000000
vt 0.0000000 1.0000000
vt 0.0000000 1.0000000
vt 0.0000000 1.0000000
vt 0.0000000 1.0000000
vt 0.0000000 1.0000000
vt 0.0000000 1.0000000
vt 0.0000000 1.0000000
vt 0.0000000 1.0000000
vt 0.0000000 1.0000000
vt 0.0000000 1.0000000
vt 0.0000000 1.0000000
vt 0.0000000 1.0000000
vt 0.0000000 1.0000000
vt 0.0000000 1.0000000
vt 0.0000000 1.0000000
vt 0.0000000 1.0000000
vt 0.0000000 1.0000000
vt 0.0000000 1.0000000
vt 0.0000000 1.0000000
vt 0.0000000 1.0000000
vt 0.0000000 1.0000000
vt 0.0000000 1.0000000
vt 0.0000000 1.0000000
vt 0.0000000 1.0000000
vt 0.0000000 1.0000000
vt 0.0000000 1.0000000
vt 0.0000000 1.0000000
vt 0.0000000 1.0000000
vt 0.0000000 1.0000000
vt 0.0000000 1.0000000
vt 0.0000000 1.0000000
vt 0.0000000 1.0000000
vt 0.0000000 1.0000000
vt 0.0000000 1.0000000
vt 0.0000000 1.0000000
vt 0.0000000 1.0000000
vt 0.0000000 1.0000000
vt 0.0000000 1.0000000
vt 0.0000000 1.0000000
vt 0.0000000 1.0000000
vt 0.0000000 1.0000000
vt 0.0000000 1.0000000
vt 0.0000000 1.0000000
vt 0.0000000 1.0000000
vt 0.0000000 1.0000000
vt 0.0000000 1.0000000
vt 0.0000000 1.0000000
vt 0.0000000 1.0000000
vt 0.0000000 1.0000000
vt 0.0000000 1.0000000
vt 0.0000000 1.0000000
vt 0.0000000 1.0000000
vt 0.0000000 1.0000000
vt 0.0000000 1.0000000
vt 0.0000000 1.0000000
vt 0.0000000 1.0000000
vt 0.0000000 1.0000000
vt 0.0000000 1.0000000
vt 0.0000000 1.0000000
vt 0.0000000 1.0000000
vt 0.0000000 1.0000000
vt 0.0000000 1.0000000
vt 0.0000000 1.0000000
vt 0.0000000 1.0000000
vt 0.0000000 1.0000000
vt 0.0000000 1.0000000
vt 0.0000000 1.0000000
vt 0.0000000 1.0000000
vt 0.0000000 1.0000000
vt 0.0000000 1.0000000
vt 0.0000000 1.0000000
vt 0.0000000 1.0000000
vt 0.0000000 1.0000000
vt 0.0000000 1.0000000
vt 0.0000000 1.0000000
vt 0.0000000 1.0000000
vt 0.0000000 1.0000000
vt 0.0000000 1.0000000
vt 0.0000000 1.0000000
vt 0.0000000 1.0000000
vt 0.0000000 1.0000000
vt 0.0000000 1.0000000
vt 0.0000000 1.0000000
vt 0.0000000 1.0000000
vt 0.0000000 1.0000000
vt 0.0000000 1.0000000
vt 0.0000000 1.0000000
vt 0.0000000 1.0000000
vt 0.0000000 1.0000000
vt 0.0000000 1.0000000
vt 0.0000000 1.0000000
vt 0.0000000 1.0000000
vt 0.0000000 1.0000000
vt 0.0000000 1.0000000
vt 0.0000000 1.0000000
vt 0.0000000 1.0000000
vt 0.0000000 1.0000000
vt 0.0000000 1.0000000
vt 0.0000000 1.0000000
vt 0.0000000 1.0000000
vt 0.0000000 1.0000000
vt 0.0000000 1.0000000
vt 0.0000000 1.0000000
vt 0.0000000 1.0000000
vt 0.0000000 1.0000000
vt 0.0000000 1.0000000
vt 0.0000000 1.0000000
vt 0.0000000 1.0000000
vt 0.0000000 1.0000000
vt 0.0000000 1.0000000
vt 0.0000000 1.0000000
vt 0.0000000 1.0000000
vt 0.0000000 1.0000000
vt 0.0000000 1.0000000
vt 0.0000000 1.0000000
vt 0.0000000 1.0000000
vt 0.0000000 1.0000000
vt 0.0000000 1.0000000
vt 0.0000000 1.0000000
vt 0.0000000 1.0000000
vt 0.0000000 1.0000000
vt 0.0000000 1.0000000
vt 0.0000000 1.0000000
vt 0.0000000 1.0000000
vt 0.0000000 1.0000000
vt 0.0000000 1.0000000
vt 0.0000000 1.0000000
vt 0.0000000 1.0000000
vt 0.0000000 1.0000000
vt 0.0000000 1.0000000
vt 0.0000000 1.0000000
vt 0.0000000 1.0000000
vt 0.0000000 1.0000000
vt 0.0000000 1.0000000
vt 0.0000000 1.0000000
vt 0.0000000 1.0000000
vt 0.0000000 1.0000000
vt 0.0000000 1.0000000
vt 0.0000000 1.0000000
vt 0.0000000 1.0000000
vt 0.0000000 1.0000000
vt 0.0000000 1.0000000
vt 0.0000000 1.0000000
vt 0.0000000 1.0000000
vt 0.0000000 1.0000000
vt 0.0000000 1.0000000
vt 0.0000000 1.0000000
vt 0.0000000 1.0000000
vt 0.0000000 1.0000000
vt 0.0000000 1.0000000
vt 0.0000000 1.0000000
vt 0.0000000 1.0000000
vt 0.0000000 1.0000000
vt 0.0000000 1.0000000
vt 0.0000000 1.0000000
vt 0.0000000 1.0000000
vt 0.0000000 1.0000000
vt 0.0000000 1.0000000
vt 0.0000000 1.0000000
vt 0.0000000 1.0000000
vt 0.0000000 1.0000000
vt 0.0000000 1.0000000
vt 0.0000000 1.0000000
vt 0.0000000 1.0000000
vt 0.0000000 1.0000000
vt 0.0000000 1.0000000
vt 0.0000000 1.0000000
vt 0.0000000 1.0000000
vt 0.0000000 1.0000000
vt 0.0000000 1.0000000
vt 0.0000000 1.0000000
vt 0.0000000 1.0000000
vt 0.0000000 1.0000000
vt 0.0000000 1.0000000
vt 0.0000000 1.0000000
vt 0.0000000 1.0000000
vt 0.0000000 1.0000000
vt 0.0000000 1.0000000
vt 0.0000000 1.0000000
vt 0.0000000 1.0000000
vt 0.0000000 1.0000000
vt 0.0000000 1.0000000
vt 0.0000000 1.0000000
vt 0.0000000 1.0000000
vt 0.0000000 1.0000000
vt 0.0000000 1.0000000
vt 0.0000000 1.0000000
vt 0.0000000 1.0000000
vt 0.0000000 1.0000000
vt 0.0000000 1.0000000
vt 0.0000000 1.0000000
vt 0.0000000 1.0000000
vt 0.0000000 1.0000000
vt 0.0000000 1.0000000
vt 0.0000000 1.0000000
vt 0.0000000 1.0000000
vt 0.0000000 1.0000000
vt 0.0000000 1.0000000
vt 0.0000000 1.0000000
vt 0.0000000 1.0000000
vt 0.0000000 1.0000000
vt 0.0000000 1.0000000
vt 0.0000000 1.0000000
vt 0.0000000 1.0000000
vt 0.0000000 1.0000000
vt 0.0000000 1.0000000
vt 0.0000000 1.0000000
vt 0.0000000 1.0000000
vt 0.0000000 1.0000000
vt 0.0000000 1.0000000
vt 0.0000000 1.0000000
vt 0.0000000 1.0000000
vt 0.0000000 1.0000000
vt 0.0000000 1.0000000
vt 0.0000000 1.0000000
vt 0.0000000 1.0000000
vt 0.0000000 1.0000000
vt 0.0000000 1.0000000
vt 0.0000000 1.0000000
vt 0.0000000 1.0000000
vt 0.0000000 1.0000000
vt 0.0000000 1.0000000
vt 0.0000000 1.0000000
vt 0.0000000 1.0000000
usemtl mat2
f 862/3431 863/3432 864/3433
f 863/3434 865/3435 864/3436
f 865/3437 866/3438 864/3439
f 866/3440 867/3441 864/3442
f 867/3443 868/3444 864/3445
f 868/3446 869/3447 864/3448
f 869/3449 870/3450 864/3451
f 870/3452 871/3453 864/3454
f 871/3455 872/3456 864/3457
f 872/3458 873/3459 864/3460
f 873/3461 874/3462 864/3463
f 874/3464 875/3465 864/3466
f 875/3467 876/3468 864/3469
f 876/3470 877/3471 864/3472
f 877/3473 878/3474 864/3475
f 878/3476 879/3477 864/3478
f 879/3479 880/3480 864/3481
f 880/3482 881/3483 864/3484
f 881/3485 882/3486 864/3487
f 882/3488 883/3489 864/3490
f 883/3491 884/3492 864/3493
f 884/3494 885/3495 864/3496
f 885/3497 886/3498 864/3499
f 886/3500 887/3501 864/3502
f 887/3503 888/3504 864/3505
f 888/3506 889/3507 864/3508
f 889/3509 890/3510 864/3511
f 890/3512 891/3513 864/3514
f 891/3515 892/3516 864/3517
f 892/3518 893/3519 864/3520
f 893/3521 894/3522 864/3523
f 894/3524 862/3525 864/3526
f 1054/4167 1053/4168 1055/4169
f 1053/4170 1052/4171 1055/4172
f 1052/4173 1051/4174 1055/4175
f 1051/4176 1050/4177 1055/4178
f 1050/4179 1049/4180 1055/4181
f 1049/4182 1048/4183 1055/4184
f 1048/4185 1047/4186 1055/4187
f 1047/4188 1046/4189 1055/4190
f 1046/4191 1045/4192 1055/4193
f 1045/4194 1044/4195 1055/4196
f 1044/4197 1043/4198 1055/4199
f 1043/4200 1042/4201 1055/4202
f 1042/4203 1041/4204 1055/4205
f 1041/4206 1040/4207 1055/4208
f 1040/4209 1039/4210 1055/4211
f 1039/4212 1038/4213 1055/4214
f 1038/4215 1037/4216 1055/4217
f 1037/4218 1036/4219 1055/4220
f 1036/4221 1035/4222 1055/4223
f 1035/4224 1034/4225 1055/4226
f 1034/4227 1033/4228 1055/4229
f 1033/4230 1032/4231 1055/4232
f 1032/4233 1031/4234 1055/4235
f 1031/4236 1030/4237 1055/4238
f 1030/4239 1029/4240 1055/4241
f 1029/4242 1028/4243 1055/4244
f 1028/4245 1027/4246 1055/4247
f 1027/4248 1026/4249 1055/4250
f 1026/4251 1025/4252 1055/4253
f 1025/4254 1024/4255 1055/4256
f 1024/4257 1023/4258 1055/4259
f 1023/4260 1054/4261 1055/4262
usemtl mat0
f 895/3527 896/3528 863/3529 862/3530
f 896/3531 897/3532 865/3533 863/3534
f 897/3535 898/3536 866/3537 865/3538
f 898/3539 899/3540 867/3541 866/3542
f 899/3543 900/3544 868/3545 867/3546
f 900/3547 901/3548 869/3549 868/3550
f 901/3551 902/3552 870/3553 869/3554
f 902/3555 903/3556 871/3557 870/3558
f 903/3559 904/3560 872/3561 871/3562
f 904/3563 905/3564 873/3565 872/3566
f 905/3567 906/3568 874/3569 873/3570
f 906/3571 907/3572 875/3573 874/3574
f 907/3575 908/3576 876/3577 875/3578
f 908/3579 909/3580 877/3581 876/3582
f 909/3583 910/3584 878/3585 877/3586
f 910/3587 911/3588 879/3589 878/3590
f 911/3591 912/3592 880/3593 879/3594
f 912/3595 913/3596 881/3597 880/3598
f 913/3599 914/3600 882/3601 881/3602
f 914/3603 915/3604 883/3605 882/3606
f 915/3607 916/3608 884/3609 883/3610
f 916/3611 917/3612 885/3613 884/3614
f 917/3615 918/3616 886/3617 885/3618
f 918/3619 919/3620 887/3621 886/3622
f 919/3623 920/3624 888/3625 887/3626
f 920/3627 921/3628 889/3629 888/3630
f 921/3631 922/3632 890/3633 889/3634
f 922/3635 923/3636 891/3637 890/3638
f 923/3639 924/3640 892/3641 891/3642
f 924/3643 925/3644 893/3645 892/3646
f 925/3647 926/3648 894/3649 893/3650
f 926/3651 895/3652 862/3653 894/3654
f 927/3655 928/3656 896/3657 895/3658
f 928/3659 929/3660 897/3661 896/3662
f 929/3663 930/3664 898/3665 897/3666
f 930/3667 931/3668 899/3669 898/3670
f 931/3671 932/3672 900/3673 899/3674
f 932/3675 933/3676 901/3677 900/3678
f 933/3679 934/3680 902/3681 901/3682
f 934/3683 935/3684 903/3685 902/3686
f 935/3687 936/3688 904/3689 903/3690
f 936/3691 937/3692 905/3693 904/3694
f 937/3695 938/3696 906/3697 905/3698
f 938/3699 939/3700 907/3701 906/3702
f 939/3703 940/3704 908/3705 907/3706
f 940/3707 941/3708 909/3709 908/3710
f 941/3711 942/3712 910/3713 909/3714
f 942/3715 943/3716 911/3717 910/3718
f 943/3719 944/3720 912/3721 911/3722
f 944/3723 945/3724 913/3725 912/3726
f 945/3727 946/3728 914/3729 913/3730
f 946/3731 947/3732 915/3733 914/3734
f 947/3735 948/3736 916/3737 915/3738
f 948/3739 949/3740 917/3741 916/3742
f 949/3743 950/3744 918/3745 917/3746
f 950/3747 951/3748 919/3749 918/3750
f 951/3751 952/3752 920/3753 919/3754
f 952/3755 953/3756 921/3757 920/3758
f 953/3759 954/3760 922/3761 921/3762
f 954/3763 955/3764 923/3765 922/3766
f 955/3767 956/3768 924/3769 923/3770
f 956/3771 957/3772 925/3773 924/3774
f 957/3775 958/3776 926/3777 925/3778
f 958/3779 927/3780 895/3781 926/3782
f 959/3783 960/3784 928/3785 927/3786
f 960/3787 961/3788 929/3789 928/3790
f 961/3791 962/3792 930/3793 929/3794
f 962/3795 963/3796 931/3797 930/3798
f 963/3799 964/3800 932/3801 931/3802
f 964/3803 965/3804 933/3805 932/3806
f 965/3807 966/3808 934/3809 933/3810
f 966/3811 967/3812 935/3813 934/3814
f 967/3815 968/3816 936/3817 935/3818
f 968/3819 969/3820 937/3821 936/3822
f 969/3823 970/3824 938/3825 937/3826
f 970/3827 971/3828 939/3829 938/3830
f 971/3831 972/3832 940/3833 939/3834
f 972/3835 973/3836 941/3837 940/3838
f 973/3839 974/3840 942/3841 941/3842
f 974/3843 975/3844 943/3845 942/3846
f 975/3847 976/3848 944/3849 943/3850
f 976/3851 977/3852 945/3853 944/3854
f 977/3855 978/3856 946/3857 945/3858
f 978/3859 979/3860 947/3861 946/3862
f 979/3863 980/3864 948/3865 947/3866
f 980/3867 981/3868 949/3869 948/3870
f 981/3871 982/3872 950/3873 949/3874
f 982/3875 983/3876 951/3877 950/3878
f 983/3879 984/3880 952/3881 951/3882
f 984/3883 985/3884 953/3885 952/3886
f 985/3887 986/3888 954/3889 953/3890
f 986/3891 987/3892 955/3893 954/3894
f 987/3895 988/3896 956/3897 955/3898
f 988/3899 989/3900 957/3901 956/3902
f 989/3903 990/3904 958/3905 957/3906
f 990/3907 959/3908 927/3909 958/3910
f 991/3911 992/3912 960/3913 959/3914
f 992/3915 993/3916 961/3917 960/3918
f 993/3919 994/3920 962/3921 961/3922
f 994/3923 995/3924 963/3925 962/3926
f 995/3927 996/3928 964/3929 963/3930
f 996/3931 997/3932 965/3933 964/3934
f 997/3935 998/3936 966/3937 965/3938
f 998/3939 999/3940 967/3941 966/3942
f 999/3943 1000/3944 968/3945 967/3946
f 1000/3947 1001/3948 969/3949 968/3950
f 1001/3951 1002/3952 970/3953 969/3954
f 1002/3955 1003/3956 971/3957 970/3958
f 1003/3959 1004/3960 972/3961 971/3962
f 1004/3963 1005/3964 973/3965 972/3966
f 1005/3967 1006/3968 974/3969 973/3970
f 1006/3971 1007/3972 975/3973 974/3974
f 1007/3975 1008/3976 976/3977 975/3978
f 1008/3979 1009/3980 977/3981 976/3982
f 1009/3983 1010/3984 978/3985 977/3986
f 1010/3987 1011/3988 979/3989 978/3990
f 1011/3991 1012/3992 980/3993 979/3994
f 1012/3995 1013/3996 981/3997 980/3998
f 1013/3999 1014/4000 982/4001 981/4002
f 1014/4003 1015/4004 983/4005 982/4006
f 1015/4007 1016/4008 984/4009 983/4010
f 1016/4011 1017/4012 985/4013 984/4014
f 1017/4015 1018/4016 986/4017 985/4018
f 1018/4019 1019/4020 987/4021 986/4022
f 1019/4023 1020/4024 988/4025 987/4026
f 1020/4027 1021/4028 989/4029 988/4030
f 1021/4031 1022/4032 990/4033 989/4034
f 1022/4035 991/4036 959/4037 990/4038
f 1023/4039 1024/4040 992/4041 991/4042
f 1024/4043 1025/4044 993/4045 992/4046
f 1025/4047 1026/4048 994/4049 993/4050
f 1026/4051 1027/4052 995/4053 994/4054
f 1027/4055 1028/4056 996/4057 995/4058
f 1028/4059 1029/4060 997/4061 996/4062
f 1029/4063 1030/4064 998/4065 997/4066
f 1030/4067 1031/4068 999/4069 998/4070
f 1031/4071 1032/4072 1000/4073 999/4074
f 1032/4075 1033/4076 1001/4077 1000/4078
f 1033/4079 1034/4080 1002/4081 1001/4082
f 1034/4083 1035/4084 1003/4085 1002/4086
f 1035/4087 1036/4088 1004/4089 1003/4090
f 1036/4091 1037/4092 1005/4093 1004/4094
f 1037/4095 1038/4096 1006/4097 1005/4098
f 1038/4099 1039/4100 1007/4101 1006/4102
f 1039/4103 1040/4104 1008/4105 1007/4106
f 1040/4107 1041/4108 1009/4109 1008/4110
f 1041/4111 1042/4112 1010/4113 1009/4114
f 1042/4115 1043/4116 1011/4117 1010/4118
f 1043/4119 1044/4120 1012/4121 1011/4122
f 1044/4123 1045/4124 1013/4125 1012/4126
f 1045/4127 1046/4128 1014/4129 1013/4130
f 1046/4131 1047/4132 1015/4133 1014/4134
f 1047/4135 1048/4136 1016/4137 1015/4138
f 1048/4139 1049/4140 1017/4141 1016/4142
f 1049/4143 1050/4144 1018/4145 1017/4146
f 1050/4147 1051/4148 1019/4149 1018/4150
f 1051/4151 1052/4152 1020/4153 1019/4154
f 1052/4155 1053/4156 1021/4157 1020/4158
f 1053/4159 1054/4160 1022/4161 1021/4162
f 1054/4163 1023/4164 991/4165 1022/4166
o UC_R_Spat
v -0.3048000 -0.3175000 -0.4737100
v -0.3048000 -0.3199280 -0.3911600
v -0.3048000 -0.3433620 -0.3911600
v -0.3048000 -0.3433620 -0.4737100
v -0.3031070 -0.3220150 -0.3648660
v -0.2984500 -0.3243790 -0.3340100
v -0.2984500 -0.3401870 -0.3340100
v -0.3031070 -0.3433650 -0.3655670
v -0.2854260 -0.3047340 -0.5110050
v -0.2901480 -0.3044710 -0.5078010
v -0.2982070 -0.3322980 -0.4877360
v -0.2961210 -0.3344140 -0.4868290
v -0.3013640 -0.2916210 -0.3911600
v -0.3037840 -0.2940420 -0.3911600
v -0.3037840 -0.2891860 -0.4737100
v -0.3013640 -0.2867660 -0.4737100
v -0.2881850 -0.3247440 -0.3086100
v -0.2891540 -0.3271650 -0.3086100
v -0.2919010 -0.3143610 -0.3183160
v -0.2903600 -0.3127780 -0.3166290
v -0.3037840 -0.3458140 -0.3911600
v -0.3013640 -0.3482340 -0.3911600
v -0.3013640 -0.3482340 -0.4737100
v -0.3037840 -0.3458140 -0.4737100
v -0.2958730 -0.3036990 -0.3340100
v -0.2976880 -0.3061200 -0.3340100
v -0.3021590 -0.2982150 -0.3640860
v -0.2998990 -0.2957960 -0.3640060
v -0.3021590 -0.3458160 -0.3656470
v -0.2998990 -0.3482350 -0.3657270
v -0.2976880 -0.3426390 -0.3340100
v -0.2958730 -0.3450590 -0.3340100
v -0.2987810 -0.3415940 -0.4805480
v -0.3006830 -0.3396090 -0.4815400
v -0.2876910 -0.2928520 -0.5050610
v -0.2905470 -0.2951330 -0.5040030
v -0.2891540 -0.3400990 -0.3086100
v -0.2881850 -0.3425190 -0.3086100
v -0.2828020 -0.3048000 -0.5118100
v -0.2937200 -0.3353920 -0.4864100
v -0.2989120 -0.2906060 -0.3911600
v -0.2989120 -0.2857500 -0.4737100
v -0.2872050 -0.3237290 -0.3086100
v -0.2891560 -0.3120200 -0.3159750
v -0.3048000 -0.2916380 -0.4737100
v -0.3048000 -0.2964940 -0.3911600
v -0.2940340 -0.3026830 -0.3340100
v -0.2976110 -0.2947810 -0.3639730
v -0.2989120 -0.3492500 -0.3911600
v -0.2976110 -0.3492500 -0.3657600
v -0.3031070 -0.3006660 -0.3641660
v -0.2984500 -0.3085710 -0.3340100
v -0.2964100 -0.3425690 -0.4800600
v -0.2989120 -0.3492500 -0.4737100
v -0.2918040 -0.2972860 -0.5030050
v -0.3013990 -0.3373640 -0.4826620
v -0.2851780 -0.2919910 -0.5054600
v -0.2990310 -0.3300060 -0.4887180
v -0.2940340 -0.3460750 -0.3340100
v -0.2932480 -0.3168740 -0.3198090
v -0.2872050 -0.3435350 -0.3086100
v -0.2921390 -0.3042890 -0.5055310
v -0.2895600 -0.3378060 -0.3092680
v -0.2895600 -0.3295720 -0.3089640
v -0.2895600 -0.3336890 -0.3091160
v -0.2866480 -0.3357510 -0.3058340
v -0.2540000 -0.3433620 -0.4737100
v -0.2540000 -0.3433620 -0.3911600
v -0.2540000 -0.3199280 -0.3911600
v -0.2540000 -0.3175000 -0.4737100
v -0.2556930 -0.3433650 -0.3655670
v -0.2603500 -0.3401870 -0.3340100
v -0.2603500 -0.3243790 -0.3340100
v -0.2556930 -0.3220150 -0.3648660
v -0.2626790 -0.3344140 -0.4868290
v -0.2605930 -0.3322980 -0.4877360
v -0.2686520 -0.3044710 -0.5078010
v -0.2733740 -0.3047340 -0.5110050
v -0.2574360 -0.2867660 -0.4737100
v -0.2550160 -0.2891860 -0.4737100
v -0.2550160 -0.2940420 -0.3911600
v -0.2574360 -0.2916210 -0.3911600
v -0.2684400 -0.3127780 -0.3166290
v -0.2668990 -0.3143610 -0.3183160
v -0.2696460 -0.3271650 -0.3086100
v -0.2706150 -0.3247440 -0.3086100
v -0.2550160 -0.3458140 -0.4737100
v -0.2574360 -0.3482340 -0.4737100
v -0.2574360 -0.3482340 -0.3911600
v -0.2550160 -0.3458140 -0.3911600
v -0.2589010 -0.2957960 -0.3640060
v -0.2566410 -0.2982150 -0.3640860
v -0.2611120 -0.3061200 -0.3340100
v -0.2629270 -0.3036990 -0.3340100
v -0.2589010 -0.3482350 -0.3657270
v -0.2566410 -0.3458160 -0.3656470
v -0.2629270 -0.3450590 -0.3340100
v -0.2611120 -0.3426390 -0.3340100
v -0.2581170 -0.3396090 -0.4815400
v -0.2600190 -0.3415940 -0.4805480
v -0.2682530 -0.2951330 -0.5040030
v -0.2711090 -0.2928520 -0.5050610
v -0.2706150 -0.3425190 -0.3086100
v -0.2696460 -0.3400990 -0.3086100
v -0.2650800 -0.3353920 -0.4864100
v -0.2759980 -0.3048000 -0.5118100
v -0.2598880 -0.2857500 -0.4737100
v -0.2598880 -0.2906060 -0.3911600
v -0.2696440 -0.3120200 -0.3159750
v -0.2715950 -0.3237290 -0.3086100
v -0.2540000 -0.2964940 -0.3911600
v -0.2540000 -0.2916380 -0.4737100
v -0.2611890 -0.2947810 -0.3639730
v -0.2647660 -0.3026830 -0.3340100
v -0.2611890 -0.3492500 -0.3657600
v -0.2598880 -0.3492500 -0.3911600
v -0.2603500 -0.3085710 -0.3340100
v -0.2556930 -0.3006660 -0.3641660
v -0.2598880 -0.3492500 -0.4737100
v -0.2623900 -0.3425690 -0.4800600
v -0.2669960 -0.2972860 -0.5030050
v -0.2574010 -0.3373640 -0.4826620
v -0.2736220 -0.2919910 -0.5054600
v -0.2597690 -0.3300060 -0.4887180
v -0.2647660 -0.3460750 -0.3340100
v -0.2655520 -0.3168740 -0.3198090
v -0.2715950 -0.3435350 -0.3086100
v -0.2666610 -0.3042890 -0.5055310
v -0.2692400 -0.3378060 -0.3092680
v -0.2692400 -0.3295720 -0.3089640
v -0.2721520 -0.3357510 -0.3058340
v -0.2692400 -0.3336890 -0.3091160
vt 0.1130910 0.4991890
vt 0.1451820 0.5014540
vt 0.1451820 0.5233130
vt 0.1130910 0.5233130
vt 0.1554040 0.5034010
vt 0.1673990 0.5056060
vt 0.1673990 0.5203520
vt 0.1551310 0.5233160
vt 0.1451820 0.5014540
vt 0.1554040 0.5034010
vt 0.1551310 0.5233160
vt 0.1451820 0.5233130
vt 0.0985923 0.4872810
vt 0.0998379 0.4870350
vt 0.1076380 0.5129930
vt 0.1079910 0.5149670
vt 0.1451820 0.4750490
vt 0.1451820 0.4773070
vt 0.1130910 0.4727770
vt 0.1130910 0.4705200
vt 0.1772730 0.5059460
vt 0.1772730 0.5082050
vt 0.1735000 0.4962610
vt 0.1741560 0.4947840
vt 0.1451820 0.5256010
vt 0.1451820 0.5278580
vt 0.1130910 0.5278580
vt 0.1130910 0.5256010
vt 0.1673990 0.4863150
vt 0.1673990 0.4885740
vt 0.1557070 0.4812000
vt 0.1557380 0.4789430
vt 0.1451820 0.5278580
vt 0.1451820 0.5256010
vt 0.1551000 0.5256030
vt 0.1550690 0.5278590
vt 0.1673990 0.5226390
vt 0.1673990 0.5248960
vt 0.1550690 0.5278590
vt 0.1551000 0.5256030
vt 0.1104320 0.5216640
vt 0.1100470 0.5198130
vt 0.1130910 0.5256010
vt 0.1130910 0.5278580
vt 0.1079910 0.5149670
vt 0.1076380 0.5129930
vt 0.1100470 0.5198130
vt 0.1104320 0.5216640
vt 0.1009030 0.4761970
vt 0.1013140 0.4783250
vt 0.0998379 0.4870350
vt 0.0985923 0.4872810
vt 0.1741560 0.4947840
vt 0.1735000 0.4962610
vt 0.1673990 0.4885740
vt 0.1673990 0.4863150
vt 0.1772730 0.5202700
vt 0.1772730 0.5225270
vt 0.1673990 0.5248960
vt 0.1673990 0.5226390
vt 0.1557380 0.4789430
vt 0.1557070 0.4812000
vt 0.1451820 0.4773070
vt 0.1451820 0.4750490
vt 0.0982794 0.4873420
vt 0.0985923 0.4872810
vt 0.1079910 0.5149670
vt 0.1081540 0.5158790
vt 0.1451820 0.4741020
vt 0.1451820 0.4750490
vt 0.1130910 0.4705200
vt 0.1130910 0.4695720
vt 0.1772730 0.5050000
vt 0.1772730 0.5059460
vt 0.1741560 0.4947840
vt 0.1744100 0.4940770
vt 0.1451820 0.5233130
vt 0.1451820 0.5256010
vt 0.1130910 0.5256010
vt 0.1130910 0.5233130
vt 0.1130910 0.4750640
vt 0.1130910 0.4727770
vt 0.1451820 0.4773070
vt 0.1451820 0.4795940
vt 0.1673990 0.4853680
vt 0.1673990 0.4863150
vt 0.1557380 0.4789430
vt 0.1557510 0.4779960
vt 0.1451820 0.5288060
vt 0.1451820 0.5278580
vt 0.1550690 0.5278590
vt 0.1550560 0.5288060
vt 0.1673990 0.5203520
vt 0.1673990 0.5226390
vt 0.1551000 0.5256030
vt 0.1551310 0.5233160
vt 0.1556760 0.4834860
vt 0.1557070 0.4812000
vt 0.1673990 0.4885740
vt 0.1673990 0.4908600
vt 0.1106220 0.5225740
vt 0.1104320 0.5216640
vt 0.1130910 0.5278580
vt 0.1130910 0.5288060
vt 0.1017020 0.4803330
vt 0.1013140 0.4783250
vt 0.1130910 0.4727770
vt 0.1130910 0.4750640
vt 0.1130910 0.5233130
vt 0.1130910 0.5256010
vt 0.1100470 0.5198130
vt 0.1096110 0.5177180
vt 0.1130910 0.4695720
vt 0.1130910 0.4705200
vt 0.1009030 0.4761970
vt 0.1007480 0.4753940
vt 0.1081540 0.5158790
vt 0.1079910 0.5149670
vt 0.1104320 0.5216640
vt 0.1106220 0.5225740
vt 0.1096110 0.5177180
vt 0.1100470 0.5198130
vt 0.1076380 0.5129930
vt 0.1072560 0.5108550
vt 0.1007480 0.4753940
vt 0.1009030 0.4761970
vt 0.0985923 0.4872810
vt 0.0982794 0.4873420
vt 0.1550560 0.5288060
vt 0.1550690 0.5278590
vt 0.1673990 0.5248960
vt 0.1673990 0.5258440
vt 0.1744100 0.4940770
vt 0.1741560 0.4947840
vt 0.1673990 0.4863150
vt 0.1673990 0.4853680
vt 0.1673990 0.4908600
vt 0.1673990 0.4885740
vt 0.1735000 0.4962610
vt 0.1729200 0.4986050
vt 0.1557510 0.4779960
vt 0.1557380 0.4789430
vt 0.1451820 0.4750490
vt 0.1451820 0.4741020
vt 0.1551310 0.5233160
vt 0.1551000 0.5256030
vt 0.1451820 0.5256010
vt 0.1451820 0.5233130
vt 0.1451820 0.4795940
vt 0.1451820 0.4773070
vt 0.1557070 0.4812000
vt 0.1556760 0.4834860
vt 0.1130910 0.5288060
vt 0.1130910 0.5278580
vt 0.1451820 0.5278580
vt 0.1451820 0.5288060
vt 0.1673990 0.5258440
vt 0.1673990 0.5248960
vt 0.1772730 0.5225270
vt 0.1772730 0.5234750
vt 0.1007200 0.4868660
vt 0.0998379 0.4870350
vt 0.1013140 0.4783250
vt 0.1017020 0.4803330
vt 0.1072560 0.5108550
vt 0.1076380 0.5129930
vt 0.0998379 0.4870350
vt 0.1007200 0.4868660
vt 0.1096110 0.5177180
vt 0.1130910 0.4991890
vt 0.1130910 0.5233130
vt 0.1072560 0.5108550
vt 0.1007200 0.4868660
vt 0.1130910 0.4991890
vt 0.1096110 0.5177180
vt 0.1072560 0.5108550
vt 0.1130910 0.4991890
vt 0.1130910 0.4991890
vt 0.1130910 0.4750640
vt 0.1451820 0.4795940
vt 0.1451820 0.5014540
vt 0.1451820 0.5014540
vt 0.1451820 0.4795940
vt 0.1556760 0.4834860
vt 0.1554040 0.5034010
vt 0.1554040 0.5034010
vt 0.1556760 0.4834860
vt 0.1673990 0.4908600
vt 0.1673990 0.5056060
vt 0.1013140 0.4783250
vt 0.1017020 0.4803330
vt 0.1130910 0.4750640
vt 0.1007200 0.4868660
vt 0.1009030 0.4761970
vt 0.1130910 0.4705200
vt 0.1130910 0.4727770
vt 0.1130910 0.4750640
vt 0.1130910 0.4991890
vt 0.1007200 0.4868660
vt 0.1770170 0.5181310
vt 0.1772730 0.5202700
vt 0.1673990 0.5226390
vt 0.1673990 0.5203520
vt 0.1673990 0.4908600
vt 0.1729200 0.4986050
vt 0.1673990 0.5056060
vt 0.1771360 0.5104500
vt 0.1729200 0.4986050
vt 0.1735000 0.4962610
vt 0.1772730 0.5082050
vt 0.1770170 0.5181310
vt 0.1770770 0.5142900
vt 0.1783520 0.5162140
vt 0.1771360 0.5104500
vt 0.1772730 0.5082050
vt 0.1783520 0.5162140
vt 0.1772730 0.5082050
vt 0.1772730 0.5059460
vt 0.1783520 0.5162140
vt 0.1772730 0.5202700
vt 0.1770170 0.5181310
vt 0.1783520 0.5162140
vt 0.1772730 0.5225270
vt 0.1772730 0.5202700
vt 0.1783520 0.5162140
vt 0.1772730 0.5059460
vt 0.1772730 0.5050000
vt 0.1783520 0.5162140
vt 0.1772730 0.5234750
vt 0.1772730 0.5225270
vt 0.1783520 0.5162140
vt 0.1130910 0.5233130
vt 0.1451820 0.5233130
vt 0.1451820 0.5014540
vt 0.1130910 0.4991890
vt 0.1551310 0.5233160
vt 0.1673990 0.5203520
vt 0.1673990 0.5056060
vt 0.1554040 0.5034010
vt 0.1451820 0.5233130
vt 0.1551310 0.5233160
vt 0.1554040 0.5034010
vt 0.1451820 0.5014540
vt 0.1079910 0.5149670
vt 0.1076380 0.5129930
vt 0.0998379 0.4870350
vt 0.0985923 0.4872810
vt 0.1130910 0.4705200
vt 0.1130910 0.4727770
vt 0.1451820 0.4773070
vt 0.1451820 0.4750490
vt 0.1741560 0.4947840
vt 0.1735000 0.4962610
vt 0.1772730 0.5082050
vt 0.1772730 0.5059460
vt 0.1130910 0.5256010
vt 0.1130910 0.5278580
vt 0.1451820 0.5278580
vt 0.1451820 0.5256010
vt 0.1557380 0.4789430
vt 0.1557070 0.4812000
vt 0.1673990 0.4885740
vt 0.1673990 0.4863150
vt 0.1550690 0.5278590
vt 0.1551000 0.5256030
vt 0.1451820 0.5256010
vt 0.1451820 0.5278580
vt 0.1551000 0.5256030
vt 0.1550690 0.5278590
vt 0.1673990 0.5248960
vt 0.1673990 0.5226390
vt 0.1130910 0.5278580
vt 0.1130910 0.5256010
vt 0.1100470 0.5198130
vt 0.1104320 0.5216640
vt 0.1104320 0.5216640
vt 0.1100470 0.5198130
vt 0.1076380 0.5129930
vt 0.1079910 0.5149670
vt 0.0985923 0.4872810
vt 0.0998379 0.4870350
vt 0.1013140 0.4783250
vt 0.1009030 0.4761970
vt 0.1673990 0.4863150
vt 0.1673990 0.4885740
vt 0.1735000 0.4962610
vt 0.1741560 0.4947840
vt 0.1673990 0.5226390
vt 0.1673990 0.5248960
vt 0.1772730 0.5225270
vt 0.1772730 0.5202700
vt 0.1451820 0.4750490
vt 0.1451820 0.4773070
vt 0.1557070 0.4812000
vt 0.1557380 0.4789430
vt 0.1081540 0.5158790
vt 0.1079910 0.5149670
vt 0.0985923 0.4872810
vt 0.0982794 0.4873420
vt 0.1130910 0.4695720
vt 0.1130910 0.4705200
vt 0.1451820 0.4750490
vt 0.1451820 0.4741020
vt 0.1744100 0.4940770
vt 0.1741560 0.4947840
vt 0.1772730 0.5059460
vt 0.1772730 0.5050000
vt 0.1130910 0.5233130
vt 0.1130910 0.5256010
vt 0.1451820 0.5256010
vt 0.1451820 0.5233130
vt 0.1451820 0.4795940
vt 0.1451820 0.4773070
vt 0.1130910 0.4727770
vt 0.1130910 0.4750640
vt 0.1557510 0.4779960
vt 0.1557380 0.4789430
vt 0.1673990 0.4863150
vt 0.1673990 0.4853680
vt 0.1550560 0.5288060
vt 0.1550690 0.5278590
vt 0.1451820 0.5278580
vt 0.1451820 0.5288060
vt 0.1551310 0.5233160
vt 0.1551000 0.5256030
vt 0.1673990 0.5226390
vt 0.1673990 0.5203520
vt 0.1673990 0.4908600
vt 0.1673990 0.4885740
vt 0.1557070 0.4812000
vt 0.1556760 0.4834860
vt 0.1130910 0.5288060
vt 0.1130910 0.5278580
vt 0.1104320 0.5216640
vt 0.1106220 0.5225740
vt 0.1130910 0.4750640
vt 0.1130910 0.4727770
vt 0.1013140 0.4783250
vt 0.1017020 0.4803330
vt 0.1096110 0.5177180
vt 0.1100470 0.5198130
vt 0.1130910 0.5256010
vt 0.1130910 0.5233130
vt 0.1007480 0.4753940
vt 0.1009030 0.4761970
vt 0.1130910 0.4705200
vt 0.1130910 0.4695720
vt 0.1106220 0.5225740
vt 0.1104320 0.5216640
vt 0.1079910 0.5149670
vt 0.1081540 0.5158790
vt 0.1072560 0.5108550
vt 0.1076380 0.5129930
vt 0.1100470 0.5198130
vt 0.1096110 0.5177180
vt 0.0982794 0.4873420
vt 0.0985923 0.4872810
vt 0.1009030 0.4761970
vt 0.1007480 0.4753940
vt 0.1673990 0.5258440
vt 0.1673990 0.5248960
vt 0.1550690 0.5278590
vt 0.1550560 0.5288060
vt 0.1673990 0.4853680
vt 0.1673990 0.4863150
vt 0.1741560 0.4947840
vt 0.1744100 0.4940770
vt 0.1729200 0.4986050
vt 0.1735000 0.4962610
vt 0.1673990 0.4885740
vt 0.1673990 0.4908600
vt 0.1451820 0.4741020
vt 0.1451820 0.4750490
vt 0.1557380 0.4789430
vt 0.1557510 0.4779960
vt 0.1451820 0.5233130
vt 0.1451820 0.5256010
vt 0.1551000 0.5256030
vt 0.1551310 0.5233160
vt 0.1556760 0.4834860
vt 0.1557070 0.4812000
vt 0.1451820 0.4773070
vt 0.1451820 0.4795940
vt 0.1451820 0.5288060
vt 0.1451820 0.5278580
vt 0.1130910 0.5278580
vt 0.1130910 0.5288060
vt 0.1772730 0.5234750
vt 0.1772730 0.5225270
vt 0.1673990 0.5248960
vt 0.1673990 0.5258440
vt 0.1017020 0.4803330
vt 0.1013140 0.4783250
vt 0.0998379 0.4870350
vt 0.1007200 0.4868660
vt 0.1007200 0.4868660
vt 0.0998379 0.4870350
vt 0.1076380 0.5129930
vt 0.1072560 0.5108550
vt 0.1130910 0.5233130
vt 0.1130910 0.4991890
vt 0.1096110 0.5177180
vt 0.1130910 0.4991890
vt 0.1007200 0.4868660
vt 0.1072560 0.5108550
vt 0.1130910 0.4991890
vt 0.1072560 0.5108550
vt 0.1096110 0.5177180
vt 0.1451820 0.5014540
vt 0.1451820 0.4795940
vt 0.1130910 0.4750640
vt 0.1130910 0.4991890
vt 0.1554040 0.5034010
vt 0.1556760 0.4834860
vt 0.1451820 0.4795940
vt 0.1451820 0.5014540
vt 0.1673990 0.5056060
vt 0.1673990 0.4908600
vt 0.1556760 0.4834860
vt 0.1554040 0.5034010
vt 0.1130910 0.4727770
vt 0.1130910 0.4705200
vt 0.1009030 0.4761970
vt 0.1007200 0.4868660
vt 0.1130910 0.4750640
vt 0.1017020 0.4803330
vt 0.1013140 0.4783250
vt 0.1007200 0.4868660
vt 0.1130910 0.4991890
vt 0.1130910 0.4750640
vt 0.1673990 0.5203520
vt 0.1673990 0.5226390
vt 0.1772730 0.5202700
vt 0.1770170 0.5181310
vt 0.1673990 0.5056060
vt 0.1729200 0.4986050
vt 0.1673990 0.4908600
vt 0.1772730 0.5082050
vt 0.1735000 0.4962610
vt 0.1729200 0.4986050
vt 0.1771360 0.5104500
vt 0.1783520 0.5162140
vt 0.1770770 0.5142900
vt 0.1770170 0.5181310
vt 0.1783520 0.5162140
vt 0.1772730 0.5082050
vt 0.1771360 0.5104500
vt 0.1783520 0.5162140
vt 0.1772730 0.5059460
vt 0.1772730 0.5082050
vt 0.1783520 0.5162140
vt 0.1770170 0.5181310
vt 0.1772730 0.5202700
vt 0.1783520 0.5162140
vt 0.1772730 0.5202700
vt 0.1772730 0.5225270
vt 0.1783520 0.5162140
vt 0.1772730 0.5050000
vt 0.1772730 0.5059460
vt 0.1783520 0.5162140
vt 0.1772730 0.5225270
vt 0.1772730 0.5234750
vt 0.1009030 0.4761970
vt 0.1013140 0.4783250
vt 0.1013140 0.4783250
vt 0.1009030 0.4761970
vt 0.1081540 0.5158790
vt 0.0982794 0.4873420
vt 0.0982794 0.4873420
vt 0.1081540 0.5158790
vt 0.1130910 0.4695720
vt 0.1451820 0.4741020
vt 0.1451820 0.4741020
vt 0.1130910 0.4695720
vt 0.1744100 0.4940770
vt 0.1772730 0.5050000
vt 0.1772730 0.5050000
vt 0.1744100 0.4940770
vt 0.1557510 0.4779960
vt 0.1673990 0.4853680
vt 0.1673990 0.4853680
vt 0.1557510 0.4779960
vt 0.1550560 0.5288060
vt 0.1451820 0.5288060
vt 0.1451820 0.5288060
vt 0.1550560 0.5288060
vt 0.1130910 0.5288060
vt 0.1106220 0.5225740
vt 0.1106220 0.5225740
vt 0.1130910 0.5288060
vt 0.1007480 0.4753940
vt 0.1130910 0.4695720
vt 0.1130910 0.4695720
vt 0.1007480 0.4753940
vt 0.1106220 0.5225740
vt 0.1081540 0.5158790
vt 0.1081540 0.5158790
vt 0.1106220 0.5225740
vt 0.0982794 0.4873420
vt 0.1007480 0.4753940
vt 0.1007480 0.4753940
vt 0.0982794 0.4873420
vt 0.1673990 0.5258440
vt 0.1550560 0.5288060
vt 0.1550560 0.5288060
vt 0.1673990 0.5258440
vt 0.1673990 0.4853680
vt 0.1744100 0.4940770
vt 0.1744100 0.4940770
vt 0.1673990 0.4853680
vt 0.1451820 0.4741020
vt 0.1557510 0.4779960
vt 0.1557510 0.4779960
vt 0.1451820 0.4741020
vt 0.1451820 0.5288060
vt 0.1130910 0.5288060
vt 0.1130910 0.5288060
vt 0.1451820 0.5288060
vt 0.1772730 0.5234750
vt 0.1673990 0.5258440
vt 0.1673990 0.5258440
vt 0.1772730 0.5234750
vt 0.1017020 0.4803330
vt 0.1007200 0.4868660
vt 0.1007200 0.4868660
vt 0.1017020 0.4803330
vt 0.1007200 0.4868660
vt 0.1009030 0.4761970
vt 0.1009030 0.4761970
vt 0.1007200 0.4868660
vt 0.1772730 0.5050000
vt 0.1783520 0.5162140
vt 0.1783520 0.5162140
vt 0.1772730 0.5050000
vt 0.1783520 0.5162140
vt 0.1772730 0.5234750
vt 0.1772730 0.5234750
vt 0.1783520 0.5162140
vt 0.1770770 0.5142900
vt 0.1770170 0.5181310
vt 0.1673990 0.5203520
vt 0.1673990 0.5056060
vt 0.1770770 0.5142900
vt 0.1771360 0.5104500
vt 0.1783520 0.5162140
vt 0.1783520 0.5162140
vt 0.1771360 0.5104500
vt 0.1770770 0.5142900
vt 0.1673990 0.5056060
vt 0.1673990 0.5203520
vt 0.1770170 0.5181310
vt 0.1770770 0.5142900
vt 0.1729200 0.4986050
vt 0.1771360 0.5104500
vt 0.1770770 0.5142900
vt 0.1673990 0.5056060
vt 0.1673990 0.5056060
vt 0.1770770 0.5142900
vt 0.1771360 0.5104500
vt 0.1729200 0.4986050
usemtl tex_mat1
f 1056/4263 1057/4264 1058/4265 1059/4266
f 1060/4267 1061/4268 1062/4269 1063/4270
f 1057/4271 1060/4272 1063/4273 1058/4274
f 1064/4275 1065/4276 1066/4277 1067/4278
f 1068/4279 1069/4280 1070/4281 1071/4282
f 1072/4283 1073/4284 1074/4285 1075/4286
f 1076/4287 1077/4288 1078/4289 1079/4290
f 1080/4291 1081/4292 1082/4293 1083/4294
f 1077/4295 1076/4296 1084/4297 1085/4298
f 1086/4299 1087/4300 1085/4301 1084/4302
f 1088/4303 1089/4304 1079/4305 1078/4306
f 1067/4307 1066/4308 1089/4309 1088/4310
f 1090/4311 1091/4312 1065/4313 1064/4314
f 1075/4315 1074/4316 1081/4317 1080/4318
f 1092/4319 1093/4320 1087/4321 1086/4322
f 1083/4323 1082/4324 1069/4325 1068/4326
f 1094/4327 1064/4328 1067/4329 1095/4330
f 1096/4331 1068/4332 1071/4333 1097/4334
f 1098/4335 1072/4336 1075/4337 1099/4338
f 1058/4339 1076/4340 1079/4341 1059/4342
f 1100/4343 1070/4344 1069/4345 1101/4346
f 1102/4347 1080/4348 1083/4349 1103/4350
f 1104/4351 1077/4352 1085/4353 1105/4354
f 1062/4355 1086/4356 1084/4357 1063/4358
f 1106/4359 1082/4360 1081/4361 1107/4362
f 1108/4363 1088/4364 1078/4365 1109/4366
f 1110/4367 1091/4368 1070/4369 1100/4370
f 1059/4371 1079/4372 1089/4373 1111/4374
f 1097/4375 1071/4376 1090/4377 1112/4378
f 1095/4379 1067/4380 1088/4381 1108/4382
f 1111/4383 1089/4384 1066/4385 1113/4386
f 1112/4387 1090/4388 1064/4389 1094/4390
f 1105/4391 1085/4392 1087/4393 1114/4394
f 1099/4395 1075/4396 1080/4397 1102/4398
f 1107/4399 1081/4400 1074/4401 1115/4402
f 1103/4403 1083/4404 1068/4405 1096/4406
f 1063/4407 1084/4408 1076/4409 1058/4410
f 1101/4411 1069/4412 1082/4413 1106/4414
f 1109/4415 1078/4416 1077/4417 1104/4418
f 1114/4419 1087/4420 1093/4421 1116/4422
f 1117/4423 1065/4424 1091/4425 1110/4426
f 1113/4427 1066/4428 1065/4429 1117/4430
f 1111/4431 1056/4432 1059/4433
f 1113/4434 1117/4435 1056/4436
f 1111/4437 1113/4438 1056/4439
f 1056/4440 1100/4441 1101/4442 1057/4443
f 1057/4444 1101/4445 1106/4446 1060/4447
f 1060/4448 1106/4449 1107/4450 1061/4451
f 1091/4452 1110/4453 1100/4454 1117/4455 1090/4456 1071/4457 1070/4458
f 1100/4459 1056/4460 1117/4461
f 1118/4462 1092/4463 1086/4464 1062/4465
f 1107/4466 1115/4467 1061/4468
f 1119/4469 1115/4470 1074/4471 1073/4472
f 1118/4473 1120/4474 1121/4475
f 1119/4476 1073/4477 1121/4478
f 1073/4479 1072/4480 1121/4481
f 1092/4482 1118/4483 1121/4484
f 1093/4485 1092/4486 1121/4487
f 1072/4488 1098/4489 1121/4490
f 1116/4491 1093/4492 1121/4493
f 1122/4494 1123/4495 1124/4496 1125/4497
f 1126/4498 1127/4499 1128/4500 1129/4501
f 1123/4502 1126/4503 1129/4504 1124/4505
f 1130/4506 1131/4507 1132/4508 1133/4509
f 1134/4510 1135/4511 1136/4512 1137/4513
f 1138/4514 1139/4515 1140/4516 1141/4517
f 1142/4518 1143/4519 1144/4520 1145/4521
f 1146/4522 1147/4523 1148/4524 1149/4525
f 1150/4526 1151/4527 1145/4528 1144/4529
f 1151/4530 1150/4531 1152/4532 1153/4533
f 1143/4534 1142/4535 1154/4536 1155/4537
f 1155/4538 1154/4539 1131/4540 1130/4541
f 1133/4542 1132/4543 1156/4544 1157/4545
f 1149/4546 1148/4547 1139/4548 1138/4549
f 1153/4550 1152/4551 1158/4552 1159/4553
f 1137/4554 1136/4555 1147/4556 1146/4557
f 1160/4558 1130/4559 1133/4560 1161/4561
f 1162/4562 1134/4563 1137/4564 1163/4565
f 1164/4566 1138/4567 1141/4568 1165/4569
f 1122/4570 1142/4571 1145/4572 1123/4573
f 1166/4574 1136/4575 1135/4576 1167/4577
f 1168/4578 1146/4579 1149/4580 1169/4581
f 1170/4582 1150/4583 1144/4584 1171/4585
f 1126/4586 1151/4587 1153/4588 1127/4589
f 1172/4590 1148/4591 1147/4592 1173/4593
f 1174/4594 1143/4595 1155/4596 1175/4597
f 1167/4598 1135/4599 1156/4600 1176/4601
f 1177/4602 1154/4603 1142/4604 1122/4605
f 1178/4606 1157/4607 1134/4608 1162/4609
f 1175/4610 1155/4611 1130/4612 1160/4613
f 1179/4614 1131/4615 1154/4616 1177/4617
f 1161/4618 1133/4619 1157/4620 1178/4621
f 1180/4622 1152/4623 1150/4624 1170/4625
f 1169/4626 1149/4627 1138/4628 1164/4629
f 1181/4630 1139/4631 1148/4632 1172/4633
f 1163/4634 1137/4635 1146/4636 1168/4637
f 1123/4638 1145/4639 1151/4640 1126/4641
f 1173/4642 1147/4643 1136/4644 1166/4645
f 1171/4646 1144/4647 1143/4648 1174/4649
f 1182/4650 1158/4651 1152/4652 1180/4653
f 1176/4654 1156/4655 1132/4656 1183/4657
f 1183/4658 1132/4659 1131/4660 1179/4661
f 1122/4662 1125/4663 1177/4664
f 1125/4665 1183/4666 1179/4667
f 1125/4668 1179/4669 1177/4670
f 1124/4671 1166/4672 1167/4673 1125/4674
f 1129/4675 1173/4676 1166/4677 1124/4678
f 1128/4679 1172/4680 1173/4681 1129/4682
f 1135/4683 1134/4684 1157/4685 1183/4686 1167/4687 1176/4688 1156/4689
f 1183/4690 1125/4691 1167/4692
f 1127/4693 1153/4694 1159/4695 1184/4696
f 1128/4697 1181/4698 1172/4699
f 1140/4700 1139/4701 1181/4702 1185/4703
f 1186/4704 1187/4705 1184/4706
f 1186/4707 1140/4708 1185/4709
f 1186/4710 1141/4711 1140/4712
f 1186/4713 1184/4714 1159/4715
f 1186/4716 1159/4717 1158/4718
f 1186/4719 1165/4720 1141/4721
f 1186/4722 1158/4723 1182/4724
f 1157/4725 1156/4726 1091/4727 1090/4728
f 1160/4729 1161/4730 1094/4731 1095/4732
f 1162/4733 1163/4734 1096/4735 1097/4736
f 1164/4737 1165/4738 1098/4739 1099/4740
f 1168/4741 1169/4742 1102/4743 1103/4744
f 1170/4745 1171/4746 1104/4747 1105/4748
f 1174/4749 1175/4750 1108/4751 1109/4752
f 1178/4753 1162/4754 1097/4755 1112/4756
f 1175/4757 1160/4758 1095/4759 1108/4760
f 1161/4761 1178/4762 1112/4763 1094/4764
f 1180/4765 1170/4766 1105/4767 1114/4768
f 1169/4769 1164/4770 1099/4771 1102/4772
f 1163/4773 1168/4774 1103/4775 1096/4776
f 1171/4777 1174/4778 1109/4779 1104/4780
f 1182/4781 1180/4782 1114/4783 1116/4784
f 1176/4785 1183/4786 1117/4787 1110/4788
f 1183/4789 1157/4790 1090/4791 1117/4792
f 1165/4793 1186/4794 1121/4795 1098/4796
f 1186/4797 1182/4798 1116/4799 1121/4800
f 1120/4801 1118/4802 1062/4803 1061/4804
f 1120/4805 1119/4806 1121/4807
f 1186/4808 1185/4809 1187/4810
f 1128/4811 1127/4812 1184/4813 1187/4814
f 1115/4815 1119/4816 1120/4817 1061/4818
f 1128/4819 1187/4820 1185/4821 1181/4822
o UC_tailstrut
v -0.0063500 -0.0390927 0.8187500
v 0.0063500 -0.0390927 0.8187500
v 0.0063500 -0.1108350 0.9189200
v -0.0063500 -0.1108350 0.9189200
v -0.0063500 -0.1291780 0.9311200
v -0.0038100 -0.1291780 0.9311200
v -0.0038100 -0.1325980 0.9299200
v -0.0063500 -0.1325980 0.9299200
v -0.0063500 -0.1193120 0.9204100
v -0.0038100 -0.1193120 0.9204100
v -0.0063500 -0.1162520 0.9156000
v -0.0063500 -0.0444500 0.8153400
v 0.0063500 -0.0444500 0.8153400
v 0.0063500 -0.1162520 0.9156000
v 0.0038100 -0.1139550 0.9238200
v -0.0038100 -0.1139550 0.9238200
v -0.0063500 -0.1139550 0.9238200
v 0.0063500 -0.1193120 0.9204100
v 0.0063500 -0.1139550 0.9238200
v 0.0038100 -0.1193120 0.9204100
v 0.0038100 -0.1291780 0.9311200
v 0.0063500 -0.1291780 0.9311200
v 0.0063500 -0.1325980 0.9299200
v 0.0038100 -0.1325980 0.9299200
v -0.0038100 -0.1192640 0.9267600
v -0.0063500 -0.1192640 0.9267600
v 0.0063500 -0.1192640 0.9267600
v 0.0038100 -0.1192640 0.9267600
v -0.0038100 -0.1216540 0.9267800
v -0.0063500 -0.1216540 0.9267800
v -0.0038100 -0.1217020 0.9204300
v -0.0063500 -0.1217020 0.9204300
v 0.0063500 -0.1216540 0.9267800
v 0.0038100 -0.1216540 0.9267800
v 0.0063500 -0.1217020 0.9204300
v 0.0038100 -0.1217020 0.9204300
v -0.0038100 -0.1238860 0.9268000
v -0.0063500 -0.1238860 0.9268000
v -0.0038100 -0.1277020 0.9217200
v -0.0063500 -0.1277020 0.9217200
v 0.0063500 -0.1238860 0.9268000
v 0.0038100 -0.1238860 0.9268000
v 0.0063500 -0.1277020 0.9217200
v 0.0038100 -0.1277020 0.9217200
v -0.0038100 -0.1270280 0.9291600
v -0.0063500 -0.1270280 0.9291600
v -0.0038100 -0.1330120 0.9270300
v -0.0063500 -0.1330120 0.9270300
v 0.0063500 -0.1270280 0.9291600
v 0.0038100 -0.1270280 0.9291600
v 0.0063500 -0.1330120 0.9270300
v 0.0038100 -0.1330120 0.9270300
vt 0.0000000 1.0000000
vt 0.0000000 1.0000000
vt 0.0000000 1.0000000
vt 0.0000000 1.0000000
vt 0.0000000 1.0000000
vt 0.0000000 1.0000000
vt 0.0000000 1.0000000
vt 0.0000000 1.0000000
vt 0.0000000 1.0000000
vt 0.0000000 1.0000000
vt 0.0000000 1.0000000
vt 0.0000000 1.0000000
vt 0.0000000 1.0000000
vt 0.0000000 1.0000000
vt 0.0000000 1.0000000
vt 0.0000000 1.0000000
vt 0.0000000 1.0000000
vt 0.0000000 1.0000000
vt 0.0000000 1.0000000
vt 0.0000000 1.0000000
vt 0.0000000 1.0000000
vt 0.0000000 1.0000000
vt 0.0000000 1.0000000
vt 0.0000000 1.0000000
vt 0.0000000 1.0000000
vt 0.0000000 1.0000000
vt 0.0000000 1.0000000
vt 0.0000000 1.0000000
vt 0.0000000 1.0000000
vt 0.0000000 1.0000000
vt 0.0000000 1.0000000
vt 0.0000000 1.0000000
vt 0.0000000 1.0000000
vt 0.0000000 1.0000000
vt 0.0000000 1.0000000
vt 0.0000000 1.0000000
vt 0.0000000 1.0000000
vt 0.0000000 1.0000000
vt 0.0000000 1.0000000
vt 0.0000000 1.0000000
vt 0.0000000 1.0000000
vt 0.0000000 1.0000000
vt 0.0000000 1.0000000
vt 0.0000000 1.0000000
vt 0.0000000 1.0000000
vt 0.0000000 1.0000000
vt 0.0000000 1.0000000
vt 0.0000000 1.0000000
vt 0.0000000 1.0000000
vt 0.0000000 1.0000000
vt 0.0000000 1.0000000
vt 0.0000000 1.0000000
vt 0.0000000 1.0000000
vt 0.0000000 1.0000000
vt 0.0000000 1.0000000
vt 0.0000000 1.0000000
vt 0.0000000 1.0000000
vt 0.0000000 1.0000000
vt 0.0000000 1.0000000
vt 0.0000000 1.0000000
vt 0.0000000 1.0000000
vt 0.0000000 1.0000000
vt 0.0000000 1.0000000
vt 0.0000000 1.0000000
vt 0.0000000 1.0000000
vt 0.0000000 1.0000000
vt 0.0000000 1.0000000
vt 0.0000000 1.0000000
vt 0.0000000 1.0000000
vt 0.0000000 1.0000000
vt 0.0000000 1.0000000
vt 0.0000000 1.0000000
vt 0.0000000 1.0000000
vt 0.0000000 1.0000000
vt 0.0000000 1.0000000
vt 0.0000000 1.0000000
vt 0.0000000 1.0000000
vt 0.0000000 1.0000000
vt 0.0000000 1.0000000
vt 0.0000000 1.0000000
vt 0.0000000 1.0000000
vt 0.0000000 1.0000000
vt 0.0000000 1.0000000
vt 0.0000000 1.0000000
vt 0.0000000 1.0000000
vt 0.0000000 1.0000000
vt 0.0000000 1.0000000
vt 0.0000000 1.0000000
vt 0.0000000 1.0000000
vt 0.0000000 1.0000000
vt 0.0000000 1.0000000
vt 0.0000000 1.0000000
vt 0.0000000 1.0000000
vt 0.0000000 1.0000000
vt 0.0000000 1.0000000
vt 0.0000000 1.0000000
vt 0.0000000 1.0000000
vt 0.0000000 1.0000000
vt 0.0000000 1.0000000
vt 0.0000000 1.0000000
vt 0.0000000 1.0000000
vt 0.0000000 1.0000000
vt 0.0000000 1.0000000
vt 0.0000000 1.0000000
vt 0.0000000 1.0000000
vt 0.0000000 1.0000000
vt 0.0000000 1.0000000
vt 0.0000000 1.0000000
vt 0.0000000 1.0000000
vt 0.0000000 1.0000000
vt 0.0000000 1.0000000
vt 0.0000000 1.0000000
vt 0.0000000 1.0000000
vt 0.0000000 1.0000000
vt 0.0000000 1.0000000
vt 0.0000000 1.0000000
vt 0.0000000 1.0000000
vt 0.0000000 1.0000000
vt 0.0000000 1.0000000
vt 0.0000000 1.0000000
vt 0.0000000 1.0000000
vt 0.0000000 1.0000000
vt 0.0000000 1.0000000
vt 0.0000000 1.0000000
vt 0.0000000 1.0000000
vt 0.0000000 1.0000000
vt 0.0000000 1.0000000
vt 0.0000000 1.0000000
vt 0.0000000 1.0000000
vt 0.0000000 1.0000000
vt 0.0000000 1.0000000
vt 0.0000000 1.0000000
vt 0.0000000 1.0000000
vt 0.0000000 1.0000000
vt 0.0000000 1.0000000
vt 0.0000000 1.0000000
vt 0.0000000 1.0000000
vt 0.0000000 1.0000000
vt 0.0000000 1.0000000
vt 0.0000000 1.0000000
vt 0.0000000 1.0000000
vt 0.0000000 1.0000000
vt 0.0000000 1.0000000
vt 0.0000000 1.0000000
vt 0.0000000 1.0000000
vt 0.0000000 1.0000000
vt 0.0000000 1.0000000
vt 0.0000000 1.0000000
vt 0.0000000 1.0000000
vt 0.0000000 1.0000000
vt 0.0000000 1.0000000
vt 0.0000000 1.0000000
vt 0.0000000 1.0000000
vt 0.0000000 1.0000000
vt 0.0000000 1.0000000
vt 0.0000000 1.0000000
vt 0.0000000 1.0000000
vt 0.0000000 1.0000000
vt 0.0000000 1.0000000
vt 0.0000000 1.0000000
vt 0.0000000 1.0000000
vt 0.0000000 1.0000000
vt 0.0000000 1.0000000
vt 0.0000000 1.0000000
vt 0.0000000 1.0000000
vt 0.0000000 1.0000000
vt 0.0000000 1.0000000
vt 0.0000000 1.0000000
vt 0.0000000 1.0000000
vt 0.0000000 1.0000000
vt 0.0000000 1.0000000
vt 0.0000000 1.0000000
vt 0.0000000 1.0000000
vt 0.0000000 1.0000000
vt 0.0000000 1.0000000
vt 0.0000000 1.0000000
vt 0.0000000 1.0000000
vt 0.0000000 1.0000000
vt 0.0000000 1.0000000
vt 0.0000000 1.0000000
vt 0.0000000 1.0000000
vt 0.0000000 1.0000000
vt 0.0000000 1.0000000
vt 0.0000000 1.0000000
vt 0.0000000 1.0000000
vt 0.0000000 1.0000000
vt 0.0000000 1.0000000
vt 0.0000000 1.0000000
vt 0.0000000 1.0000000
vt 0.0000000 1.0000000
vt 0.0000000 1.0000000
vt 0.0000000 1.0000000
vt 0.0000000 1.0000000
vt 0.0000000 1.0000000
vt 0.0000000 1.0000000
vt 0.0000000 1.0000000
vt 0.0000000 1.0000000
vt 0.0000000 1.0000000
vt 0.0000000 1.0000000
vt 0.0000000 1.0000000
vt 0.0000000 1.0000000
vt 0.0000000 1.0000000
vt 0.0000000 1.0000000
vt 0.0000000 1.0000000
vt 0.0000000 1.0000000
vt 0.0000000 1.0000000
vt 0.0000000 1.0000000
vt 0.0000000 1.0000000
usemtl mat1
f 1188/4823 1189/4824 1190/4825 1191/4826
f 1192/4827 1193/4828 1194/4829 1195/4830
f 1196/4831 1197/4832 1198/4833
f 1199/4834 1200/4835 1189/4836 1188/4837
f 1188/4838 1191/4839 1198/4840 1199/4841
f 1189/4842 1200/4843 1201/4844 1190/4845
f 1190/4846 1202/4847 1203/4848 1191/4849
f 1201/4850 1200/4851 1199/4852 1198/4853
f 1191/4854 1204/4855 1196/4856 1198/4857
f 1201/4858 1205/4859 1206/4860 1190/4861
f 1190/4862 1206/4863 1202/4864
f 1203/4865 1204/4866 1191/4867
f 1197/4868 1207/4869 1201/4870 1198/4871
f 1207/4872 1205/4873 1201/4874
f 1208/4875 1209/4876 1210/4877 1211/4878
f 1203/4879 1202/4880 1207/4881 1197/4882
f 1204/4883 1203/4884 1212/4885 1213/4886
f 1203/4887 1197/4888 1212/4889
f 1196/4890 1204/4891 1213/4892
f 1202/4893 1206/4894 1214/4895 1215/4896
f 1206/4897 1205/4898 1214/4899
f 1207/4900 1202/4901 1215/4902
f 1213/4903 1212/4904 1216/4905 1217/4906
f 1212/4907 1197/4908 1218/4909 1216/4910
f 1197/4911 1196/4912 1219/4913 1218/4914
f 1196/4915 1213/4916 1217/4917 1219/4918
f 1215/4919 1214/4920 1220/4921 1221/4922
f 1214/4923 1205/4924 1222/4925 1220/4926
f 1205/4927 1207/4928 1223/4929 1222/4930
f 1207/4931 1215/4932 1221/4933 1223/4934
f 1217/4935 1216/4936 1224/4937 1225/4938
f 1216/4939 1218/4940 1226/4941 1224/4942
f 1218/4943 1219/4944 1227/4945 1226/4946
f 1219/4947 1217/4948 1225/4949 1227/4950
f 1221/4951 1220/4952 1228/4953 1229/4954
f 1220/4955 1222/4956 1230/4957 1228/4958
f 1222/4959 1223/4960 1231/4961 1230/4962
f 1223/4963 1221/4964 1229/4965 1231/4966
f 1225/4967 1224/4968 1232/4969 1233/4970
f 1224/4971 1226/4972 1234/4973 1232/4974
f 1226/4975 1227/4976 1235/4977 1234/4978
f 1227/4979 1225/4980 1233/4981 1235/4982
f 1229/4983 1228/4984 1236/4985 1237/4986
f 1228/4987 1230/4988 1238/4989 1236/4990
f 1230/4991 1231/4992 1239/4993 1238/4994
f 1231/4995 1229/4996 1237/4997 1239/4998
f 1233/4999 1232/5000 1193/5001 1192/5002
f 1232/5003 1234/5004 1194/5005 1193/5006
f 1234/5007 1235/5008 1195/5009 1194/5010
f 1235/5011 1233/5012 1192/5013 1195/5014
f 1237/5015 1236/5016 1209/5017 1208/5018
f 1236/5019 1238/5020 1210/5021 1209/5022
f 1238/5023 1239/5024 1211/5025 1210/5026
f 1239/5027 1237/5028 1208/5029 1211/5030
o UC_Tailwheel
v -0.0042333 -0.1308870 0.9288400
v -0.0036744 -0.1362910 0.9299200
v -0.0036744 -0.1363970 0.9288400
v -0.0036744 -0.1359780 0.9309500
v -0.0036744 -0.1354680 0.9319000
v -0.0036744 -0.1347830 0.9327400
v -0.0036744 -0.1339480 0.9334200
v -0.0036744 -0.1329950 0.9339300
v -0.0036744 -0.1319620 0.9342500
v -0.0036744 -0.1308870 0.9343500
v -0.0036744 -0.1298120 0.9342500
v -0.0036744 -0.1287780 0.9339300
v -0.0036744 -0.1278250 0.9334200
v -0.0036744 -0.1269900 0.9327400
v -0.0036744 -0.1263050 0.9319000
v -0.0036744 -0.1257960 0.9309500
v -0.0036744 -0.1254820 0.9299200
v -0.0036744 -0.1253760 0.9288400
v -0.0036744 -0.1254820 0.9277700
v -0.0036744 -0.1257960 0.9267300
v -0.0036744 -0.1263050 0.9257800
v -0.0036744 -0.1269900 0.9249400
v -0.0036744 -0.1278250 0.9242600
v -0.0036744 -0.1287780 0.9237500
v -0.0036744 -0.1298120 0.9234400
v -0.0036744 -0.1308870 0.9233300
v -0.0036744 -0.1319620 0.9234400
v -0.0036744 -0.1329950 0.9237500
v -0.0036744 -0.1339480 0.9242600
v -0.0036744 -0.1347830 0.9249400
v -0.0036744 -0.1354680 0.9257800
v -0.0036744 -0.1359780 0.9267300
v -0.0036744 -0.1362910 0.9277700
v -0.0035192 -0.1406250 0.9307800
v -0.0035192 -0.1408160 0.9288400
v -0.0035192 -0.1400600 0.9326400
v -0.0035192 -0.1391430 0.9343600
v -0.0035192 -0.1379080 0.9358600
v -0.0035192 -0.1364030 0.9371000
v -0.0035192 -0.1346870 0.9380100
v -0.0035192 -0.1328240 0.9385800
v -0.0035192 -0.1308870 0.9387700
v -0.0035192 -0.1289500 0.9385800
v -0.0035192 -0.1270870 0.9380100
v -0.0035192 -0.1253700 0.9371000
v -0.0035192 -0.1238660 0.9358600
v -0.0035192 -0.1226310 0.9343600
v -0.0035192 -0.1217130 0.9326400
v -0.0035192 -0.1211480 0.9307800
v -0.0035192 -0.1209580 0.9288400
v -0.0035192 -0.1211480 0.9269000
v -0.0035192 -0.1217130 0.9250400
v -0.0035192 -0.1226310 0.9233200
v -0.0035192 -0.1238660 0.9218200
v -0.0035192 -0.1253700 0.9205900
v -0.0035192 -0.1270870 0.9196700
v -0.0035192 -0.1289500 0.9191000
v -0.0035192 -0.1308870 0.9189100
v -0.0035192 -0.1328240 0.9191000
v -0.0035192 -0.1346870 0.9196700
v -0.0035192 -0.1364030 0.9205900
v -0.0035192 -0.1379080 0.9218200
v -0.0035192 -0.1391430 0.9233200
v -0.0035192 -0.1400600 0.9250400
v -0.0035192 -0.1406250 0.9269000
v -0.0021980 -0.1430300 0.9312600
v -0.0021980 -0.1432680 0.9288400
v -0.0021980 -0.1423260 0.9335800
v -0.0021980 -0.1411820 0.9357200
v -0.0021980 -0.1396420 0.9376000
v -0.0021980 -0.1377660 0.9391400
v -0.0021980 -0.1356250 0.9402800
v -0.0021980 -0.1333020 0.9409800
v -0.0021980 -0.1308870 0.9412200
v -0.0021980 -0.1284710 0.9409800
v -0.0021980 -0.1261490 0.9402800
v -0.0021980 -0.1240080 0.9391400
v -0.0021980 -0.1221320 0.9376000
v -0.0021980 -0.1205920 0.9357200
v -0.0021980 -0.1194480 0.9335800
v -0.0021980 -0.1187430 0.9312600
v -0.0021980 -0.1185050 0.9288400
v -0.0021980 -0.1187430 0.9264300
v -0.0021980 -0.1194480 0.9241000
v -0.0021980 -0.1205920 0.9219600
v -0.0021980 -0.1221320 0.9200900
v -0.0021980 -0.1240080 0.9185500
v -0.0021980 -0.1261490 0.9174000
v -0.0021980 -0.1284710 0.9167000
v -0.0021980 -0.1308870 0.9164600
v -0.0021980 -0.1333020 0.9167000
v -0.0021980 -0.1356250 0.9174000
v -0.0021980 -0.1377660 0.9185500
v -0.0021980 -0.1396420 0.9200900
v -0.0021980 -0.1411820 0.9219600
v -0.0021980 -0.1423260 0.9241000
v -0.0021980 -0.1430300 0.9264300
v 0.0021980 -0.1430300 0.9312600
v 0.0021980 -0.1432680 0.9288400
v 0.0021980 -0.1423260 0.9335800
v 0.0021980 -0.1411820 0.9357200
v 0.0021980 -0.1396420 0.9376000
v 0.0021980 -0.1377660 0.9391400
v 0.0021980 -0.1356250 0.9402800
v 0.0021980 -0.1333020 0.9409800
v 0.0021980 -0.1308870 0.9412200
v 0.0021980 -0.1284710 0.9409800
v 0.0021980 -0.1261490 0.9402800
v 0.0021980 -0.1240080 0.9391400
v 0.0021980 -0.1221320 0.9376000
v 0.0021980 -0.1205920 0.9357200
v 0.0021980 -0.1194480 0.9335800
v 0.0021980 -0.1187430 0.9312600
v 0.0021980 -0.1185050 0.9288400
v 0.0021980 -0.1187430 0.9264300
v 0.0021980 -0.1194480 0.9241000
v 0.0021980 -0.1205920 0.9219600
v 0.0021980 -0.1221320 0.9200900
v 0.0021980 -0.1240080 0.9185500
v 0.0021980 -0.1261490 0.9174000
v 0.0021980 -0.1284710 0.9167000
v 0.0021980 -0.1308870 0.9164600
v 0.0021980 -0.1333020 0.9167000
v 0.0021980 -0.1356250 0.9174000
v 0.0021980 -0.1377660 0.9185500
v 0.0021980 -0.1396420 0.9200900
v 0.0021980 -0.1411820 0.9219600
v 0.0021980 -0.1423260 0.9241000
v 0.0021980 -0.1430300 0.9264300
v 0.0035192 -0.1406250 0.9307800
v 0.0035192 -0.1408160 0.9288400
v 0.0035192 -0.1400600 0.9326400
v 0.0035192 -0.1391430 0.9343600
v 0.0035192 -0.1379080 0.9358600
v 0.0035192 -0.1364030 0.9371000
v 0.0035192 -0.1346870 0.9380100
v 0.0035192 -0.1328240 0.9385800
v 0.0035192 -0.1308870 0.9387700
v 0.0035192 -0.1289500 0.9385800
v 0.0035192 -0.1270870 0.9380100
v 0.0035192 -0.1253700 0.9371000
v 0.0035192 -0.1238660 0.9358600
v 0.0035192 -0.1226310 0.9343600
v 0.0035192 -0.1217130 0.9326400
v 0.0035192 -0.1211480 0.9307800
v 0.0035192 -0.1209580 0.9288400
v 0.0035192 -0.1211480 0.9269000
v 0.0035192 -0.1217130 0.9250400
v 0.0035192 -0.1226310 0.9233200
v 0.0035192 -0.1238660 0.9218200
v 0.0035192 -0.1253700 0.9205900
v 0.0035192 -0.1270870 0.9196700
v 0.0035192 -0.1289500 0.9191000
v 0.0035192 -0.1308870 0.9189100
v 0.0035192 -0.1328240 0.9191000
v 0.0035192 -0.1346870 0.9196700
v 0.0035192 -0.1364030 0.9205900
v 0.0035192 -0.1379080 0.9218200
v 0.0035192 -0.1391430 0.9233200
v 0.0035192 -0.1400600 0.9250400
v 0.0035192 -0.1406250 0.9269000
v 0.0036744 -0.1362910 0.9299200
v 0.0036744 -0.1363970 0.9288400
v 0.0036744 -0.1359780 0.9309500
v 0.0036744 -0.1354680 0.9319000
v 0.0036744 -0.1347830 0.9327400
v 0.0036744 -0.1339480 0.9334200
v 0.0036744 -0.1329950 0.9339300
v 0.0036744 -0.1319620 0.9342500
v 0.0036744 -0.1308870 0.9343500
v 0.0036744 -0.1298120 0.9342500
v 0.0036744 -0.1287780 0.9339300
v 0.0036744 -0.1278250 0.9334200
v 0.0036744 -0.1269900 0.9327400
v 0.0036744 -0.1263050 0.9319000
v 0.0036744 -0.1257960 0.9309500
v 0.0036744 -0.1254820 0.9299200
v 0.0036744 -0.1253760 0.9288400
v 0.0036744 -0.1254820 0.9277700
v 0.0036744 -0.1257960 0.9267300
v 0.0036744 -0.1263050 0.9257800
v 0.0036744 -0.1269900 0.9249400
v 0.0036744 -0.1278250 0.9242600
v 0.0036744 -0.1287780 0.9237500
v 0.0036744 -0.1298120 0.9234400
v 0.0036744 -0.1308870 0.9233300
v 0.0036744 -0.1319620 0.9234400
v 0.0036744 -0.1329950 0.9237500
v 0.0036744 -0.1339480 0.9242600
v 0.0036744 -0.1347830 0.9249400
v 0.0036744 -0.1354680 0.9257800
v 0.0036744 -0.1359780 0.9267300
v 0.0036744 -0.1362910 0.9277700
v 0.0042333 -0.1308870 0.9288400
vt 0.0000000 1.0000000
vt 0.0000000 1.0000000
vt 0.0000000 1.0000000
vt 0.0000000 1.0000000
vt 0.0000000 1.0000000
vt 0.0000000 1.0000000
vt 0.0000000 1.0000000
vt 0.0000000 1.0000000
vt 0.0000000 1.0000000
vt 0.0000000 1.0000000
vt 0.0000000 1.0000000
vt 0.0000000 1.0000000
vt 0.0000000 1.0000000
vt 0.0000000 1.0000000
vt 0.0000000 1.0000000
vt 0.0000000 1.0000000
vt 0.0000000 1.0000000
vt 0.0000000 1.0000000
vt 0.0000000 1.0000000
vt 0.0000000 1.0000000
vt 0.0000000 1.0000000
vt 0.0000000 1.0000000
vt 0.0000000 1.0000000
vt 0.0000000 1.0000000
vt 0.0000000 1.0000000
vt 0.0000000 1.0000000
vt 0.0000000 1.0000000
vt 0.0000000 1.0000000
vt 0.0000000 1.0000000
vt 0.0000000 1.0000000
vt 0.0000000 1.0000000
vt 0.0000000 1.0000000
vt 0.0000000 1.0000000
vt 0.0000000 1.0000000
vt 0.0000000 1.0000000
vt 0.0000000 1.0000000
vt 0.0000000 1.0000000
vt 0.0000000 1.0000000
vt 0.0000000 1.0000000
vt 0.0000000 1.0000000
vt 0.0000000 1.0000000
vt 0.0000000 1.0000000
vt 0.0000000 1.0000000
vt 0.0000000 1.0000000
vt 0.0000000 1.0000000
vt 0.0000000 1.0000000
vt 0.0000000 1.0000000
vt 0.0000000 1.0000000
vt 0.0000000 1.0000000
vt 0.0000000 1.0000000
vt 0.0000000 1.0000000
vt 0.0000000 1.0000000
vt 0.0000000 1.0000000
vt 0.0000000 1.0000000
vt 0.0000000 1.0000000
vt 0.0000000 1.0000000
vt 0.0000000 1.0000000
vt 0.0000000 1.0000000
vt 0.0000000 1.0000000
vt 0.0000000 1.0000000
vt 0.0000000 1.0000000
vt 0.0000000 1.0000000
vt 0.0000000 1.0000000
vt 0.0000000 1.0000000
vt 0.0000000 1.0000000
vt 0.0000000 1.0000000
vt 0.0000000 1.0000000
vt 0.0000000 1.0000000
vt 0.0000000 1.0000000
vt 0.0000000 1.0000000
vt 0.0000000 1.0000000
vt 0.0000000 1.0000000
vt 0.0000000 1.0000000
vt 0.0000000 1.0000000
vt 0.0000000 1.0000000
vt 0.0000000 1.0000000
vt 0.0000000 1.0000000
vt 0.0000000 1.0000000
vt 0.0000000 1.0000000
vt 0.0000000 1.0000000
vt 0.0000000 1.0000000
vt 0.0000000 1.0000000
vt 0.0000000 1.0000000
vt 0.0000000 1.0000000
vt 0.0000000 1.0000000
vt 0.0000000 1.0000000
vt 0.0000000 1.0000000
vt 0.0000000 1.0000000
vt 0.0000000 1.0000000
vt 0.0000000 1.0000000
vt 0.0000000 1.0000000
vt 0.0000000 1.0000000
vt 0.0000000 1.0000000
vt 0.0000000 1.0000000
vt 0.0000000 1.0000000
vt 0.0000000 1.0000000
vt 0.0000000 1.0000000
vt 0.0000000 1.0000000
vt 0.0000000 1.0000000
vt 0.0000000 1.0000000
vt 0.0000000 1.0000000
vt 0.0000000 1.0000000
vt 0.0000000 1.0000000
vt 0.0000000 1.0000000
vt 0.0000000 1.0000000
vt 0.0000000 1.0000000
vt 0.0000000 1.0000000
vt 0.0000000 1.0000000
vt 0.0000000 1.0000000
vt 0.0000000 1.0000000
vt 0.0000000 1.0000000
vt 0.0000000 1.0000000
vt 0.0000000 1.0000000
vt 0.0000000 1.0000000
vt 0.0000000 1.0000000
vt 0.0000000 1.0000000
vt 0.0000000 1.0000000
vt 0.0000000 1.0000000
vt 0.0000000 1.0000000
vt 0.0000000 1.0000000
vt 0.0000000 1.0000000
vt 0.0000000 1.0000000
vt 0.0000000 1.0000000
vt 0.0000000 1.0000000
vt 0.0000000 1.0000000
vt 0.0000000 1.0000000
vt 0.0000000 1.0000000
vt 0.0000000 1.0000000
vt 0.0000000 1.0000000
vt 0.0000000 1.0000000
vt 0.0000000 1.0000000
vt 0.0000000 1.0000000
vt 0.0000000 1.0000000
vt 0.0000000 1.0000000
vt 0.0000000 1.0000000
vt 0.0000000 1.0000000
vt 0.0000000 1.0000000
vt 0.0000000 1.0000000
vt 0.0000000 1.0000000
vt 0.0000000 1.0000000
vt 0.0000000 1.0000000
vt 0.0000000 1.0000000
vt 0.0000000 1.0000000
vt 0.0000000 1.0000000
vt 0.0000000 1.0000000
vt 0.0000000 1.0000000
vt 0.0000000 1.0000000
vt 0.0000000 1.0000000
vt 0.0000000 1.0000000
vt 0.0000000 1.0000000
vt 0.0000000 1.0000000
vt 0.0000000 1.0000000
vt 0.0000000 1.0000000
vt 0.0000000 1.0000000
vt 0.0000000 1.0000000
vt 0.0000000 1.0000000
vt 0.0000000 1.0000000
vt 0.0000000 1.0000000
vt 0.0000000 1.0000000
vt 0.0000000 1.0000000
vt 0.0000000 1.0000000
vt 0.0000000 1.0000000
vt 0.0000000 1.0000000
vt 0.0000000 1.0000000
vt 0.0000000 1.0000000
vt 0.0000000 1.0000000
vt 0.0000000 1.0000000
vt 0.0000000 1.0000000
vt 0.0000000 1.0000000
vt 0.0000000 1.0000000
vt 0.0000000 1.0000000
vt 0.0000000 1.0000000
vt 0.0000000 1.0000000
vt 0.0000000 1.0000000
vt 0.0000000 1.0000000
vt 0.0000000 1.0000000
vt 0.0000000 1.0000000
vt 0.0000000 1.0000000
vt 0.0000000 1.0000000
vt 0.0000000 1.0000000
vt 0.0000000 1.0000000
vt 0.0000000 1.0000000
vt 0.0000000 1.0000000
vt 0.0000000 1.0000000
vt 0.0000000 1.0000000
vt 0.0000000 1.0000000
vt 0.0000000 1.0000000
vt 0.0000000 1.0000000
vt 0.0000000 1.0000000
vt 0.0000000 1.0000000
vt 0.0000000 1.0000000
vt 0.0000000 1.0000000
vt 0.0000000 1.0000000
vt 0.0000000 1.0000000
vt 0.0000000 1.0000000
vt 0.0000000 1.0000000
vt 0.0000000 1.0000000
vt 0.0000000 1.0000000
vt 0.0000000 1.0000000
vt 0.0000000 1.0000000
vt 0.0000000 1.0000000
vt 0.0000000 1.0000000
vt 0.0000000 1.0000000
vt 0.0000000 1.0000000
vt 0.0000000 1.0000000
vt 0.0000000 1.0000000
vt 0.0000000 1.0000000
vt 0.0000000 1.0000000
vt 0.0000000 1.0000000
vt 0.0000000 1.0000000
vt 0.0000000 1.0000000
vt 0.0000000 1.0000000
vt 0.0000000 1.0000000
vt 0.0000000 1.0000000
vt 0.0000000 1.0000000
vt 0.0000000 1.0000000
vt 0.0000000 1.0000000
vt 0.0000000 1.0000000
vt 0.0000000 1.0000000
vt 0.0000000 1.0000000
vt 0.0000000 1.0000000
vt 0.0000000 1.0000000
vt 0.0000000 1.0000000
vt 0.0000000 1.0000000
vt 0.0000000 1.0000000
vt 0.0000000 1.0000000
vt 0.0000000 1.0000000
vt 0.0000000 1.0000000
vt 0.0000000 1.0000000
vt 0.0000000 1.0000000
vt 0.0000000 1.0000000
vt 0.0000000 1.0000000
vt 0.0000000 1.0000000
vt 0.0000000 1.0000000
vt 0.0000000 1.0000000
vt 0.0000000 1.0000000
vt 0.0000000 1.0000000
vt 0.0000000 1.0000000
vt 0.0000000 1.0000000
vt 0.0000000 1.0000000
vt 0.0000000 1.0000000
vt 0.0000000 1.0000000
vt 0.0000000 1.0000000
vt 0.0000000 1.0000000
vt 0.0000000 1.0000000
vt 0.0000000 1.0000000
vt 0.0000000 1.0000000
vt 0.0000000 1.0000000
vt 0.0000000 1.0000000
vt 0.0000000 1.0000000
vt 0.0000000 1.0000000
vt 0.0000000 1.0000000
vt 0.0000000 1.0000000
vt 0.0000000 1.0000000
vt 0.0000000 1.0000000
vt 0.0000000 1.0000000
vt 0.0000000 1.0000000
vt 0.0000000 1.0000000
vt 0.0000000 1.0000000
vt 0.0000000 1.0000000
vt 0.0000000 1.0000000
vt 0.0000000 1.0000000
vt 0.0000000 1.0000000
vt 0.0000000 1.0000000
vt 0.0000000 1.0000000
vt 0.0000000 1.0000000
vt 0.0000000 1.0000000
vt 0.0000000 1.0000000
vt 0.0000000 1.0000000
vt 0.0000000 1.0000000
vt 0.0000000 1.0000000
vt 0.0000000 1.0000000
vt 0.0000000 1.0000000
vt 0.0000000 1.0000000
vt 0.0000000 1.0000000
vt 0.0000000 1.0000000
vt 0.0000000 1.0000000
vt 0.0000000 1.0000000
vt 0.0000000 1.0000000
vt 0.0000000 1.0000000
vt 0.0000000 1.0000000
vt 0.0000000 1.0000000
vt 0.0000000 1.0000000
vt 0.0000000 1.0000000
vt 0.0000000 1.0000000
vt 0.0000000 1.0000000
vt 0.0000000 1.0000000
vt 0.0000000 1.0000000
vt 0.0000000 1.0000000
vt 0.0000000 1.0000000
vt 0.0000000 1.0000000
vt 0.0000000 1.0000000
vt 0.0000000 1.0000000
vt 0.0000000 1.0000000
vt 0.0000000 1.0000000
vt 0.0000000 1.0000000
vt 0.0000000 1.0000000
vt 0.0000000 1.0000000
vt 0.0000000 1.0000000
vt 0.0000000 1.0000000
vt 0.0000000 1.0000000
vt 0.0000000 1.0000000
vt 0.0000000 1.0000000
vt 0.0000000 1.0000000
vt 0.0000000 1.0000000
vt 0.0000000 1.0000000
vt 0.0000000 1.0000000
vt 0.0000000 1.0000000
vt 0.0000000 1.0000000
vt 0.0000000 1.0000000
vt 0.0000000 1.0000000
vt 0.0000000 1.0000000
vt 0.0000000 1.0000000
vt 0.0000000 1.0000000
vt 0.0000000 1.0000000
vt 0.0000000 1.0000000
vt 0.0000000 1.0000000
vt 0.0000000 1.0000000
vt 0.0000000 1.0000000
vt 0.0000000 1.0000000
vt 0.0000000 1.0000000
vt 0.0000000 1.0000000
vt 0.0000000 1.0000000
vt 0.0000000 1.0000000
vt 0.0000000 1.0000000
vt 0.0000000 1.0000000
vt 0.0000000 1.0000000
vt 0.0000000 1.0000000
vt 0.0000000 1.0000000
vt 0.0000000 1.0000000
vt 0.0000000 1.0000000
vt 0.0000000 1.0000000
vt 0.0000000 1.0000000
vt 0.0000000 1.0000000
vt 0.0000000 1.0000000
vt 0.0000000 1.0000000
vt 0.0000000 1.0000000
vt 0.0000000 1.0000000
vt 0.0000000 1.0000000
vt 0.0000000 1.0000000
vt 0.0000000 1.0000000
vt 0.0000000 1.0000000
vt 0.0000000 1.0000000
vt 0.0000000 1.0000000
vt 0.0000000 1.0000000
vt 0.0000000 1.0000000
vt 0.0000000 1.0000000
vt 0.0000000 1.0000000
vt 0.0000000 1.0000000
vt 0.0000000 1.0000000
vt 0.0000000 1.0000000
vt 0.0000000 1.0000000
vt 0.0000000 1.0000000
vt 0.0000000 1.0000000
vt 0.0000000 1.0000000
vt 0.0000000 1.0000000
vt 0.0000000 1.0000000
vt 0.0000000 1.0000000
vt 0.0000000 1.0000000
vt 0.0000000 1.0000000
vt 0.0000000 1.0000000
vt 0.0000000 1.0000000
vt 0.0000000 1.0000000
vt 0.0000000 1.0000000
vt 0.0000000 1.0000000
vt 0.0000000 1.0000000
vt 0.0000000 1.0000000
vt 0.0000000 1.0000000
vt 0.0000000 1.0000000
vt 0.0000000 1.0000000
vt 0.0000000 1.0000000
vt 0.0000000 1.0000000
vt 0.0000000 1.0000000
vt 0.0000000 1.0000000
vt 0.0000000 1.0000000
vt 0.0000000 1.0000000
vt 0.0000000 1.0000000
vt 0.0000000 1.0000000
vt 0.0000000 1.0000000
vt 0.0000000 1.0000000
vt 0.0000000 1.0000000
vt 0.0000000 1.0000000
vt 0.0000000 1.0000000
vt 0.0000000 1.0000000
vt 0.0000000 1.0000000
vt 0.0000000 1.0000000
vt 0.0000000 1.0000000
vt 0.0000000 1.0000000
vt 0.0000000 1.0000000
vt 0.0000000 1.0000000
vt 0.0000000 1.0000000
vt 0.0000000 1.0000000
vt 0.0000000 1.0000000
vt 0.0000000 1.0000000
vt 0.0000000 1.0000000
vt 0.0000000 1.0000000
vt 0.0000000 1.0000000
vt 0.0000000 1.0000000
vt 0.0000000 1.0000000
vt 0.0000000 1.0000000
vt 0.0000000 1.0000000
vt 0.0000000 1.0000000
vt 0.0000000 1.0000000
vt 0.0000000 1.0000000
vt 0.0000000 1.0000000
vt 0.0000000 1.0000000
vt 0.0000000 1.0000000
vt 0.0000000 1.0000000
vt 0.0000000 1.0000000
vt 0.0000000 1.0000000
vt 0.0000000 1.0000000
vt 0.0000000 1.0000000
vt 0.0000000 1.0000000
vt 0.0000000 1.0000000
vt 0.0000000 1.0000000
vt 0.0000000 1.0000000
vt 0.0000000 1.0000000
vt 0.0000000 1.0000000
vt 0.0000000 1.0000000
vt 0.0000000 1.0000000
vt 0.0000000 1.0000000
vt 0.0000000 1.0000000
vt 0.0000000 1.0000000
vt 0.0000000 1.0000000
vt 0.0000000 1.0000000
vt 0.0000000 1.0000000
vt 0.0000000 1.0000000
vt 0.0000000 1.0000000
vt 0.0000000 1.0000000
vt 0.0000000 1.0000000
vt 0.0000000 1.0000000
vt 0.0000000 1.0000000
vt 0.0000000 1.0000000
vt 0.0000000 1.0000000
vt 0.0000000 1.0000000
vt 0.0000000 1.0000000
vt 0.0000000 1.0000000
vt 0.0000000 1.0000000
vt 0.0000000 1.0000000
vt 0.0000000 1.0000000
vt 0.0000000 1.0000000
vt 0.0000000 1.0000000
vt 0.0000000 1.0000000
vt 0.0000000 1.0000000
vt 0.0000000 1.0000000
vt 0.0000000 1.0000000
vt 0.0000000 1.0000000
vt 0.0000000 1.0000000
vt 0.0000000 1.0000000
vt 0.0000000 1.0000000
vt 0.0000000 1.0000000
vt 0.0000000 1.0000000
vt 0.0000000 1.0000000
vt 0.0000000 1.0000000
vt 0.0000000 1.0000000
vt 0.0000000 1.0000000
vt 0.0000000 1.0000000
vt 0.0000000 1.0000000
vt 0.0000000 1.0000000
vt 0.0000000 1.0000000
vt 0.0000000 1.0000000
vt 0.0000000 1.0000000
vt 0.0000000 1.0000000
vt 0.0000000 1.0000000
vt 0.0000000 1.0000000
vt 0.0000000 1.0000000
vt 0.0000000 1.0000000
vt 0.0000000 1.0000000
vt 0.0000000 1.0000000
vt 0.0000000 1.0000000
vt 0.0000000 1.0000000
vt 0.0000000 1.0000000
vt 0.0000000 1.0000000
vt 0.0000000 1.0000000
vt 0.0000000 1.0000000
vt 0.0000000 1.0000000
vt 0.0000000 1.0000000
vt 0.0000000 1.0000000
vt 0.0000000 1.0000000
vt 0.0000000 1.0000000
vt 0.0000000 1.0000000
vt 0.0000000 1.0000000
vt 0.0000000 1.0000000
vt 0.0000000 1.0000000
vt 0.0000000 1.0000000
vt 0.0000000 1.0000000
vt 0.0000000 1.0000000
vt 0.0000000 1.0000000
vt 0.0000000 1.0000000
vt 0.0000000 1.0000000
vt 0.0000000 1.0000000
vt 0.0000000 1.0000000
vt 0.0000000 1.0000000
vt 0.0000000 1.0000000
vt 0.0000000 1.0000000
vt 0.0000000 1.0000000
vt 0.0000000 1.0000000
vt 0.0000000 1.0000000
vt 0.0000000 1.0000000
vt 0.0000000 1.0000000
vt 0.0000000 1.0000000
vt 0.0000000 1.0000000
vt 0.0000000 1.0000000
vt 0.0000000 1.0000000
vt 0.0000000 1.0000000
vt 0.0000000 1.0000000
vt 0.0000000 1.0000000
vt 0.0000000 1.0000000
vt 0.0000000 1.0000000
vt 0.0000000 1.0000000
vt 0.0000000 1.0000000
vt 0.0000000 1.0000000
vt 0.0000000 1.0000000
vt 0.0000000 1.0000000
vt 0.0000000 1.0000000
vt 0.0000000 1.0000000
vt 0.0000000 1.0000000
vt 0.0000000 1.0000000
vt 0.0000000 1.0000000
vt 0.0000000 1.0000000
vt 0.0000000 1.0000000
vt 0.0000000 1.0000000
vt 0.0000000 1.0000000
vt 0.0000000 1.0000000
vt 0.0000000 1.0000000
vt 0.0000000 1.0000000
vt 0.0000000 1.0000000
vt 0.0000000 1.0000000
vt 0.0000000 1.0000000
vt 0.0000000 1.0000000
vt 0.0000000 1.0000000
vt 0.0000000 1.0000000
vt 0.0000000 1.0000000
vt 0.0000000 1.0000000
vt 0.0000000 1.0000000
vt 0.0000000 1.0000000
vt 0.0000000 1.0000000
vt 0.0000000 1.0000000
vt 0.0000000 1.0000000
vt 0.0000000 1.0000000
vt 0.0000000 1.0000000
vt 0.0000000 1.0000000
vt 0.0000000 1.0000000
vt 0.0000000 1.0000000
vt 0.0000000 1.0000000
vt 0.0000000 1.0000000
vt 0.0000000 1.0000000
vt 0.0000000 1.0000000
vt 0.0000000 1.0000000
vt 0.0000000 1.0000000
vt 0.0000000 1.0000000
vt 0.0000000 1.0000000
vt 0.0000000 1.0000000
vt 0.0000000 1.0000000
vt 0.0000000 1.0000000
vt 0.0000000 1.0000000
vt 0.0000000 1.0000000
vt 0.0000000 1.0000000
vt 0.0000000 1.0000000
vt 0.0000000 1.0000000
vt 0.0000000 1.0000000
vt 0.0000000 1.0000000
vt 0.0000000 1.0000000
vt 0.0000000 1.0000000
vt 0.0000000 1.0000000
vt 0.0000000 1.0000000
vt 0.0000000 1.0000000
vt 0.0000000 1.0000000
vt 0.0000000 1.0000000
vt 0.0000000 1.0000000
vt 0.0000000 1.0000000
vt 0.0000000 1.0000000
vt 0.0000000 1.0000000
vt 0.0000000 1.0000000
vt 0.0000000 1.0000000
vt 0.0000000 1.0000000
vt 0.0000000 1.0000000
vt 0.0000000 1.0000000
vt 0.0000000 1.0000000
vt 0.0000000 1.0000000
vt 0.0000000 1.0000000
vt 0.0000000 1.0000000
vt 0.0000000 1.0000000
vt 0.0000000 1.0000000
vt 0.0000000 1.0000000
vt 0.0000000 1.0000000
vt 0.0000000 1.0000000
vt 0.0000000 1.0000000
vt 0.0000000 1.0000000
vt 0.0000000 1.0000000
vt 0.0000000 1.0000000
vt 0.0000000 1.0000000
vt 0.0000000 1.0000000
vt 0.0000000 1.0000000
vt 0.0000000 1.0000000
vt 0.0000000 1.0000000
vt 0.0000000 1.0000000
vt 0.0000000 1.0000000
vt 0.0000000 1.0000000
vt 0.0000000 1.0000000
vt 0.0000000 1.0000000
vt 0.0000000 1.0000000
vt 0.0000000 1.0000000
vt 0.0000000 1.0000000
vt 0.0000000 1.0000000
vt 0.0000000 1.0000000
vt 0.0000000 1.0000000
vt 0.0000000 1.0000000
vt 0.0000000 1.0000000
vt 0.0000000 1.0000000
vt 0.0000000 1.0000000
vt 0.0000000 1.0000000
vt 0.0000000 1.0000000
vt 0.0000000 1.0000000
vt 0.0000000 1.0000000
vt 0.0000000 1.0000000
vt 0.0000000 1.0000000
vt 0.0000000 1.0000000
vt 0.0000000 1.0000000
vt 0.0000000 1.0000000
vt 0.0000000 1.0000000
vt 0.0000000 1.0000000
vt 0.0000000 1.0000000
vt 0.0000000 1.0000000
vt 0.0000000 1.0000000
vt 0.0000000 1.0000000
vt 0.0000000 1.0000000
vt 0.0000000 1.0000000
vt 0.0000000 1.0000000
vt 0.0000000 1.0000000
vt 0.0000000 1.0000000
vt 0.0000000 1.0000000
vt 0.0000000 1.0000000
vt 0.0000000 1.0000000
vt 0.0000000 1.0000000
vt 0.0000000 1.0000000
vt 0.0000000 1.0000000
vt 0.0000000 1.0000000
vt 0.0000000 1.0000000
vt 0.0000000 1.0000000
vt 0.0000000 1.0000000
vt 0.0000000 1.0000000
vt 0.0000000 1.0000000
vt 0.0000000 1.0000000
vt 0.0000000 1.0000000
vt 0.0000000 1.0000000
vt 0.0000000 1.0000000
vt 0.0000000 1.0000000
vt 0.0000000 1.0000000
vt 0.0000000 1.0000000
vt 0.0000000 1.0000000
vt 0.0000000 1.0000000
vt 0.0000000 1.0000000
vt 0.0000000 1.0000000
vt 0.0000000 1.0000000
vt 0.0000000 1.0000000
vt 0.0000000 1.0000000
vt 0.0000000 1.0000000
vt 0.0000000 1.0000000
vt 0.0000000 1.0000000
vt 0.0000000 1.0000000
vt 0.0000000 1.0000000
vt 0.0000000 1.0000000
vt 0.0000000 1.0000000
vt 0.0000000 1.0000000
vt 0.0000000 1.0000000
vt 0.0000000 1.0000000
vt 0.0000000 1.0000000
vt 0.0000000 1.0000000
vt 0.0000000 1.0000000
vt 0.0000000 1.0000000
vt 0.0000000 1.0000000
vt 0.0000000 1.0000000
vt 0.0000000 1.0000000
vt 0.0000000 1.0000000
vt 0.0000000 1.0000000
vt 0.0000000 1.0000000
vt 0.0000000 1.0000000
vt 0.0000000 1.0000000
vt 0.0000000 1.0000000
vt 0.0000000 1.0000000
vt 0.0000000 1.0000000
vt 0.0000000 1.0000000
vt 0.0000000 1.0000000
vt 0.0000000 1.0000000
vt 0.0000000 1.0000000
vt 0.0000000 1.0000000
vt 0.0000000 1.0000000
vt 0.0000000 1.0000000
vt 0.0000000 1.0000000
vt 0.0000000 1.0000000
vt 0.0000000 1.0000000
vt 0.0000000 1.0000000
vt 0.0000000 1.0000000
vt 0.0000000 1.0000000
vt 0.0000000 1.0000000
vt 0.0000000 1.0000000
vt 0.0000000 1.0000000
vt 0.0000000 1.0000000
vt 0.0000000 1.0000000
vt 0.0000000 1.0000000
vt 0.0000000 1.0000000
vt 0.0000000 1.0000000
vt 0.0000000 1.0000000
vt 0.0000000 1.0000000
vt 0.0000000 1.0000000
vt 0.0000000 1.0000000
vt 0.0000000 1.0000000
vt 0.0000000 1.0000000
vt 0.0000000 1.0000000
vt 0.0000000 1.0000000
vt 0.0000000 1.0000000
vt 0.0000000 1.0000000
vt 0.0000000 1.0000000
vt 0.0000000 1.0000000
vt 0.0000000 1.0000000
vt 0.0000000 1.0000000
vt 0.0000000 1.0000000
vt 0.0000000 1.0000000
vt 0.0000000 1.0000000
vt 0.0000000 1.0000000
vt 0.0000000 1.0000000
vt 0.0000000 1.0000000
vt 0.0000000 1.0000000
vt 0.0000000 1.0000000
vt 0.0000000 1.0000000
vt 0.0000000 1.0000000
vt 0.0000000 1.0000000
vt 0.0000000 1.0000000
vt 0.0000000 1.0000000
vt 0.0000000 1.0000000
vt 0.0000000 1.0000000
vt 0.0000000 1.0000000
vt 0.0000000 1.0000000
vt 0.0000000 1.0000000
vt 0.0000000 1.0000000
vt 0.0000000 1.0000000
vt 0.0000000 1.0000000
vt 0.0000000 1.0000000
vt 0.0000000 1.0000000
vt 0.0000000 1.0000000
vt 0.0000000 1.0000000
vt 0.0000000 1.0000000
vt 0.0000000 1.0000000
vt 0.0000000 1.0000000
vt 0.0000000 1.0000000
vt 0.0000000 1.0000000
vt 0.0000000 1.0000000
vt 0.0000000 1.0000000
vt 0.0000000 1.0000000
vt 0.0000000 1.0000000
vt 0.0000000 1.0000000
vt 0.0000000 1.0000000
vt 0.0000000 1.0000000
vt 0.0000000 1.0000000
vt 0.0000000 1.0000000
vt 0.0000000 1.0000000
vt 0.0000000 1.0000000
vt 0.0000000 1.0000000
vt 0.0000000 1.0000000
vt 0.0000000 1.0000000
vt 0.0000000 1.0000000
vt 0.0000000 1.0000000
vt 0.0000000 1.0000000
vt 0.0000000 1.0000000
vt 0.0000000 1.0000000
vt 0.0000000 1.0000000
vt 0.0000000 1.0000000
vt 0.0000000 1.0000000
vt 0.0000000 1.0000000
vt 0.0000000 1.0000000
vt 0.0000000 1.0000000
vt 0.0000000 1.0000000
vt 0.0000000 1.0000000
vt 0.0000000 1.0000000
vt 0.0000000 1.0000000
vt 0.0000000 1.0000000
vt 0.0000000 1.0000000
vt 0.0000000 1.0000000
vt 0.0000000 1.0000000
vt 0.0000000 1.0000000
vt 0.0000000 1.0000000
vt 0.0000000 1.0000000
vt 0.0000000 1.0000000
vt 0.0000000 1.0000000
vt 0.0000000 1.0000000
vt 0.0000000 1.0000000
vt 0.0000000 1.0000000
vt 0.0000000 1.0000000
vt 0.0000000 1.0000000
vt 0.0000000 1.0000000
vt 0.0000000 1.0000000
vt 0.0000000 1.0000000
vt 0.0000000 1.0000000
vt 0.0000000 1.0000000
vt 0.0000000 1.0000000
vt 0.0000000 1.0000000
vt 0.0000000 1.0000000
vt 0.0000000 1.0000000
vt 0.0000000 1.0000000
vt 0.0000000 1.0000000
vt 0.0000000 1.0000000
vt 0.0000000 1.0000000
vt 0.0000000 1.0000000
vt 0.0000000 1.0000000
vt 0.0000000 1.0000000
vt 0.0000000 1.0000000
vt 0.0000000 1.0000000
vt 0.0000000 1.0000000
vt 0.0000000 1.0000000
vt 0.0000000 1.0000000
vt 0.0000000 1.0000000
vt 0.0000000 1.0000000
vt 0.0000000 1.0000000
vt 0.0000000 1.0000000
vt 0.0000000 1.0000000
vt 0.0000000 1.0000000
vt 0.0000000 1.0000000
vt 0.0000000 1.0000000
vt 0.0000000 1.0000000
vt 0.0000000 1.0000000
vt 0.0000000 1.0000000
vt 0.0000000 1.0000000
vt 0.0000000 1.0000000
vt 0.0000000 1.0000000
vt 0.0000000 1.0000000
vt 0.0000000 1.0000000
vt 0.0000000 1.0000000
vt 0.0000000 1.0000000
vt 0.0000000 1.0000000
vt 0.0000000 1.0000000
vt 0.0000000 1.0000000
usemtl mat2
f 1240/5031 1241/5032 1242/5033
f 1240/5034 1243/5035 1241/5036
f 1240/5037 1244/5038 1243/5039
f 1240/5040 1245/5041 1244/5042
f 1240/5043 1246/5044 1245/5045
f 1240/5046 1247/5047 1246/5048
f 1240/5049 1248/5050 1247/5051
f 1240/5052 1249/5053 1248/5054
f 1240/5055 1250/5056 1249/5057
f 1240/5058 1251/5059 1250/5060
f 1240/5061 1252/5062 1251/5063
f 1240/5064 1253/5065 1252/5066
f 1240/5067 1254/5068 1253/5069
f 1240/5070 1255/5071 1254/5072
f 1240/5073 1256/5074 1255/5075
f 1240/5076 1257/5077 1256/5078
f 1240/5079 1258/5080 1257/5081
f 1240/5082 1259/5083 1258/5084
f 1240/5085 1260/5086 1259/5087
f 1240/5088 1261/5089 1260/5090
f 1240/5091 1262/5092 1261/5093
f 1240/5094 1263/5095 1262/5096
f 1240/5097 1264/5098 1263/5099
f 1240/5100 1265/5101 1264/5102
f 1240/5103 1266/5104 1265/5105
f 1240/5106 1267/5107 1266/5108
f 1240/5109 1268/5110 1267/5111
f 1240/5112 1269/5113 1268/5114
f 1240/5115 1270/5116 1269/5117
f 1240/5118 1271/5119 1270/5120
f 1240/5121 1272/5122 1271/5123
f 1240/5124 1242/5125 1272/5126
f 1433/5767 1431/5768 1432/5769
f 1433/5770 1430/5771 1431/5772
f 1433/5773 1429/5774 1430/5775
f 1433/5776 1428/5777 1429/5778
f 1433/5779 1427/5780 1428/5781
f 1433/5782 1426/5783 1427/5784
f 1433/5785 1425/5786 1426/5787
f 1433/5788 1424/5789 1425/5790
f 1433/5791 1423/5792 1424/5793
f 1433/5794 1422/5795 1423/5796
f 1433/5797 1421/5798 1422/5799
f 1433/5800 1420/5801 1421/5802
f 1433/5803 1419/5804 1420/5805
f 1433/5806 1418/5807 1419/5808
f 1433/5809 1417/5810 1418/5811
f 1433/5812 1416/5813 1417/5814
f 1433/5815 1415/5816 1416/5817
f 1433/5818 1414/5819 1415/5820
f 1433/5821 1413/5822 1414/5823
f 1433/5824 1412/5825 1413/5826
f 1433/5827 1411/5828 1412/5829
f 1433/5830 1410/5831 1411/5832
f 1433/5833 1409/5834 1410/5835
f 1433/5836 1408/5837 1409/5838
f 1433/5839 1407/5840 1408/5841
f 1433/5842 1406/5843 1407/5844
f 1433/5845 1405/5846 1406/5847
f 1433/5848 1404/5849 1405/5850
f 1433/5851 1403/5852 1404/5853
f 1433/5854 1401/5855 1403/5856
f 1433/5857 1402/5858 1401/5859
f 1433/5860 1432/5861 1402/5862
usemtl mat0
f 1242/5127 1241/5128 1273/5129 1274/5130
f 1241/5131 1243/5132 1275/5133 1273/5134
f 1243/5135 1244/5136 1276/5137 1275/5138
f 1244/5139 1245/5140 1277/5141 1276/5142
f 1245/5143 1246/5144 1278/5145 1277/5146
f 1246/5147 1247/5148 1279/5149 1278/5150
f 1247/5151 1248/5152 1280/5153 1279/5154
f 1248/5155 1249/5156 1281/5157 1280/5158
f 1249/5159 1250/5160 1282/5161 1281/5162
f 1250/5163 1251/5164 1283/5165 1282/5166
f 1251/5167 1252/5168 1284/5169 1283/5170
f 1252/5171 1253/5172 1285/5173 1284/5174
f 1253/5175 1254/5176 1286/5177 1285/5178
f 1254/5179 1255/5180 1287/5181 1286/5182
f 1255/5183 1256/5184 1288/5185 1287/5186
f 1256/5187 1257/5188 1289/5189 1288/5190
f 1257/5191 1258/5192 1290/5193 1289/5194
f 1258/5195 1259/5196 1291/5197 1290/5198
f 1259/5199 1260/5200 1292/5201 1291/5202
f 1260/5203 1261/5204 1293/5205 1292/5206
f 1261/5207 1262/5208 1294/5209 1293/5210
f 1262/5211 1263/5212 1295/5213 1294/5214
f 1263/5215 1264/5216 1296/5217 1295/5218
f 1264/5219 1265/5220 1297/5221 1296/5222
f 1265/5223 1266/5224 1298/5225 1297/5226
f 1266/5227 1267/5228 1299/5229 1298/5230
f 1267/5231 1268/5232 1300/5233 1299/5234
f 1268/5235 1269/5236 1301/5237 1300/5238
f 1269/5239 1270/5240 1302/5241 1301/5242
f 1270/5243 1271/5244 1303/5245 1302/5246
f 1271/5247 1272/5248 1304/5249 1303/5250
f 1272/5251 1242/5252 1274/5253 1304/5254
f 1274/5255 1273/5256 1305/5257 1306/5258
f 1273/5259 1275/5260 1307/5261 1305/5262
f 1275/5263 1276/5264 1308/5265 1307/5266
f 1276/5267 1277/5268 1309/5269 1308/5270
f 1277/5271 1278/5272 1310/5273 1309/5274
f 1278/5275 1279/5276 1311/5277 1310/5278
f 1279/5279 1280/5280 1312/5281 1311/5282
f 1280/5283 1281/5284 1313/5285 1312/5286
f 1281/5287 1282/5288 1314/5289 1313/5290
f 1282/5291 1283/5292 1315/5293 1314/5294
f 1283/5295 1284/5296 1316/5297 1315/5298
f 1284/5299 1285/5300 1317/5301 1316/5302
f 1285/5303 1286/5304 1318/5305 1317/5306
f 1286/5307 1287/5308 1319/5309 1318/5310
f 1287/5311 1288/5312 1320/5313 1319/5314
f 1288/5315 1289/5316 1321/5317 1320/5318
f 1289/5319 1290/5320 1322/5321 1321/5322
f 1290/5323 1291/5324 1323/5325 1322/5326
f 1291/5327 1292/5328 1324/5329 1323/5330
f 1292/5331 1293/5332 1325/5333 1324/5334
f 1293/5335 1294/5336 1326/5337 1325/5338
f 1294/5339 1295/5340 1327/5341 1326/5342
f 1295/5343 1296/5344 1328/5345 1327/5346
f 1296/5347 1297/5348 1329/5349 1328/5350
f 1297/5351 1298/5352 1330/5353 1329/5354
f 1298/5355 1299/5356 1331/5357 1330/5358
f 1299/5359 1300/5360 1332/5361 1331/5362
f 1300/5363 1301/5364 1333/5365 1332/5366
f 1301/5367 1302/5368 1334/5369 1333/5370
f 1302/5371 1303/5372 1335/5373 1334/5374
f 1303/5375 1304/5376 1336/5377 1335/5378
f 1304/5379 1274/5380 1306/5381 1336/5382
f 1306/5383 1305/5384 1337/5385 1338/5386
f 1305/5387 1307/5388 1339/5389 1337/5390
f 1307/5391 1308/5392 1340/5393 1339/5394
f 1308/5395 1309/5396 1341/5397 1340/5398
f 1309/5399 1310/5400 1342/5401 1341/5402
f 1310/5403 1311/5404 1343/5405 1342/5406
f 1311/5407 1312/5408 1344/5409 1343/5410
f 1312/5411 1313/5412 1345/5413 1344/5414
f 1313/5415 1314/5416 1346/5417 1345/5418
f 1314/5419 1315/5420 1347/5421 1346/5422
f 1315/5423 1316/5424 1348/5425 1347/5426
f 1316/5427 1317/5428 1349/5429 1348/5430
f 1317/5431 1318/5432 1350/5433 1349/5434
f 1318/5435 1319/5436 1351/5437 1350/5438
f 1319/5439 1320/5440 1352/5441 1351/5442
f 1320/5443 1321/5444 1353/5445 1352/5446
f 1321/5447 1322/5448 1354/5449 1353/5450
f 1322/5451 1323/5452 1355/5453 1354/5454
f 1323/5455 1324/5456 1356/5457 1355/5458
f 1324/5459 1325/5460 1357/5461 1356/5462
f 1325/5463 1326/5464 1358/5465 1357/5466
f 1326/5467 1327/5468 1359/5469 1358/5470
f 1327/5471 1328/5472 1360/5473 1359/5474
f 1328/5475 1329/5476 1361/5477 1360/5478
f 1329/5479 1330/5480 1362/5481 1361/5482
f 1330/5483 1331/5484 1363/5485 1362/5486
f 1331/5487 1332/5488 1364/5489 1363/5490
f 1332/5491 1333/5492 1365/5493 1364/5494
f 1333/5495 1334/5496 1366/5497 1365/5498
f 1334/5499 1335/5500 1367/5501 1366/5502
f 1335/5503 1336/5504 1368/5505 1367/5506
f 1336/5507 1306/5508 1338/5509 1368/5510
f 1338/5511 1337/5512 1369/5513 1370/5514
f 1337/5515 1339/5516 1371/5517 1369/5518
f 1339/5519 1340/5520 1372/5521 1371/5522
f 1340/5523 1341/5524 1373/5525 1372/5526
f 1341/5527 1342/5528 1374/5529 1373/5530
f 1342/5531 1343/5532 1375/5533 1374/5534
f 1343/5535 1344/5536 1376/5537 1375/5538
f 1344/5539 1345/5540 1377/5541 1376/5542
f 1345/5543 1346/5544 1378/5545 1377/5546
f 1346/5547 1347/5548 1379/5549 1378/5550
f 1347/5551 1348/5552 1380/5553 1379/5554
f 1348/5555 1349/5556 1381/5557 1380/5558
f 1349/5559 1350/5560 1382/5561 1381/5562
f 1350/5563 1351/5564 1383/5565 1382/5566
f 1351/5567 1352/5568 1384/5569 1383/5570
f 1352/5571 1353/5572 1385/5573 1384/5574
f 1353/5575 1354/5576 1386/5577 1385/5578
f 1354/5579 1355/5580 1387/5581 1386/5582
f 1355/5583 1356/5584 1388/5585 1387/5586
f 1356/5587 1357/5588 1389/5589 1388/5590
f 1357/5591 1358/5592 1390/5593 1389/5594
f 1358/5595 1359/5596 1391/5597 1390/5598
f 1359/5599 1360/5600 1392/5601 1391/5602
f 1360/5603 1361/5604 1393/5605 1392/5606
f 1361/5607 1362/5608 1394/5609 1393/5610
f 1362/5611 1363/5612 1395/5613 1394/5614
f 1363/5615 1364/5616 1396/5617 1395/5618
f 1364/5619 1365/5620 1397/5621 1396/5622
f 1365/5623 1366/5624 1398/5625 1397/5626
f 1366/5627 1367/5628 1399/5629 1398/5630
f 1367/5631 1368/5632 1400/5633 1399/5634
f 1368/5635 1338/5636 1370/5637 1400/5638
f 1370/5639 1369/5640 1401/5641 1402/5642
f 1369/5643 1371/5644 1403/5645 1401/5646
f 1371/5647 1372/5648 1404/5649 1403/5650
f 1372/5651 1373/5652 1405/5653 1404/5654
f 1373/5655 1374/5656 1406/5657 1405/5658
f 1374/5659 1375/5660 1407/5661 1406/5662
f 1375/5663 1376/5664 1408/5665 1407/5666
f 1376/5667 1377/5668 1409/5669 1408/5670
f 1377/5671 1378/5672 1410/5673 1409/5674
f 1378/5675 1379/5676 1411/5677 1410/5678
f 1379/5679 1380/5680 1412/5681 1411/5682
f 1380/5683 1381/5684 1413/5685 1412/5686
f 1381/5687 1382/5688 1414/5689 1413/5690
f 1382/5691 1383/5692 1415/5693 1414/5694
f 1383/5695 1384/5696 1416/5697 1415/5698
f 1384/5699 1385/5700 1417/5701 1416/5702
f 1385/5703 1386/5704 1418/5705 1417/5706
f 1386/5707 1387/5708 1419/5709 1418/5710
f 1387/5711 1388/5712 1420/5713 1419/5714
f 1388/5715 1389/5716 1421/5717 1420/5718
f 1389/5719 1390/5720 1422/5721 1421/5722
f 1390/5723 1391/5724 1423/5725 1422/5726
f 1391/5727 1392/5728 1424/5729 1423/5730
f 1392/5731 1393/5732 1425/5733 1424/5734
f 1393/5735 1394/5736 1426/5737 1425/5738
f 1394/5739 1395/5740 1427/5741 1426/5742
f 1395/5743 1396/5744 1428/5745 1427/5746
f 1396/5747 1397/5748 1429/5749 1428/5750
f 1397/5751 1398/5752 1430/5753 1429/5754
f 1398/5755 1399/5756 1431/5757 1430/5758
f 1399/5759 1400/5760 1432/5761 1431/5762
f 1400/5763 1370/5764 1402/5765 1432/5766
o Wing
v 0.4510140 0.1306920 -0.0927100
v 0.4510140 0.1306920 -0.1895530
v 0.0000000 0.1143000 -0.0863600
v 0.4510140 0.1306920 -0.4673600
v 0.4507830 0.1370380 -0.4864100
v 0.0000000 0.1206500 -0.4864100
v 0.0000000 0.1143000 -0.4673600
v 0.4505520 0.1433840 -0.4927600
v 0.0000000 0.1270000 -0.4927600
v 0.4503210 0.1497300 -0.4927600
v 0.0000000 0.1333500 -0.4927600
v 0.4498600 0.1624210 -0.4864100
v 0.0000000 0.1460500 -0.4864100
v 0.4496290 0.1687670 -0.4737100
v 0.0000000 0.1524000 -0.4737100
v 0.4493980 0.1751130 -0.4419600
v 0.0000000 0.1587500 -0.4419600
v 0.4493980 0.1751130 -0.3848100
v 0.0000000 0.1587500 -0.3848100
v 0.4498600 0.1624210 -0.2853720
v 0.0000000 0.1460500 -0.2832100
v 0.4504340 0.1466380 -0.1895330
v 0.6604250 0.1383070 -0.4673600
v 0.6601950 0.1446530 -0.4864100
v 0.6599640 0.1509990 -0.4927600
v 0.6597330 0.1573440 -0.4927600
v 0.6592720 0.1700360 -0.4864100
v 0.6590410 0.1763820 -0.4737100
v 0.6588100 0.1827280 -0.4419600
v 0.6588100 0.1827280 -0.3848100
v 0.6592720 0.1700360 -0.2896950
v 0.6598520 0.1540780 -0.1970120
v 0.8888740 0.1466140 -0.4656380
v 0.8886440 0.1529600 -0.4842910
v 0.8884130 0.1593060 -0.4905090
v 0.8881820 0.1656520 -0.4905090
v 0.8877210 0.1783430 -0.4842910
v 0.8874900 0.1846890 -0.4718560
v 0.8872590 0.1910350 -0.4407680
v 0.8872590 0.1910350 -0.3848100
v 0.8877210 0.1783430 -0.2970940
v 0.8883450 0.1611820 -0.2051720
v 1.0475200 0.1523830 -0.4609420
v 1.0473200 0.1578220 -0.4785110
v 1.0471200 0.1632620 -0.4843680
v 1.0469300 0.1687010 -0.4843680
v 1.0465300 0.1795800 -0.4785110
v 1.0463300 0.1850190 -0.4667990
v 1.0461300 0.1904580 -0.4375170
v 1.0461300 0.1904580 -0.3848100
v 1.0465300 0.1795800 -0.3065720
v 1.0471600 0.1624050 -0.2108440
v 1.1871300 0.1574600 -0.1922430
v 1.0922000 0.1540080 -0.2124530
v 1.0922000 0.1540080 -0.1669090
v 1.1871300 0.1574600 -0.4527920
v 1.1869600 0.1619930 -0.4684810
v 1.0922000 0.1591630 -0.4752880
v 1.0922000 0.1540080 -0.4583340
v 1.1868000 0.1665250 -0.4737100
v 1.0922000 0.1643150 -0.4809280
v 1.1866300 0.1710580 -0.4737100
v 1.0922000 0.1694650 -0.4809140
v 1.1863000 0.1801230 -0.4684810
v 1.0922000 0.1797570 -0.4752340
v 1.1861400 0.1846560 -0.4580220
v 1.0922000 0.1849000 -0.4639190
v 1.1859700 0.1891890 -0.4318750
v 1.0922000 0.1900400 -0.4356580
v 1.1859700 0.1891890 -0.3848100
v 1.0922000 0.1900400 -0.3848100
v 1.1863000 0.1801230 -0.3192550
v 1.0922000 0.1797570 -0.3107160
v 1.0922000 0.1621630 -0.2124530
v 1.2886600 0.1611520 -0.2358310
v 1.2886600 0.1611520 -0.4401140
v 1.2885400 0.1643250 -0.4528760
v 1.2884300 0.1674980 -0.4571310
v 1.2883100 0.1706710 -0.4571310
v 1.2880800 0.1770160 -0.4528760
v 1.2879700 0.1801890 -0.4443680
v 1.2878500 0.1833620 -0.4230970
v 1.2878500 0.1833620 -0.3848100
v 1.2880800 0.1770160 -0.3340940
v 1.3521200 0.1634600 -0.2796120
v 1.3521200 0.1634600 -0.4253660
v 1.3520400 0.1655750 -0.4347260
v 1.3519600 0.1676900 -0.4378450
v 1.3518900 0.1698050 -0.4378450
v 1.3517300 0.1740360 -0.4347260
v 1.3516600 0.1761510 -0.4284860
v 1.3515800 0.1782660 -0.4128880
v 1.3515800 0.1782660 -0.3848100
v 1.3517300 0.1740360 -0.3489980
v 1.3838500 0.1646130 -0.3149600
v 1.3838500 0.1646130 -0.4114940
v 1.3837900 0.1662000 -0.4176520
v 1.3837300 0.1677860 -0.4197050
v 1.3836700 0.1693730 -0.4197050
v 1.3835600 0.1725460 -0.4176520
v 1.3835000 0.1741320 -0.4135470
v 1.3834400 0.1757180 -0.4032840
v 1.3834400 0.1757180 -0.3848100
v 1.3835600 0.1725460 -0.3610310
v 1.3965400 0.1650750 -0.3403600
v 1.3965400 0.1650750 -0.4018470
v 1.3964900 0.1663440 -0.4057780
v 1.3964500 0.1676130 -0.4070890
v 1.3964000 0.1688820 -0.4070890
v 1.3963100 0.1714210 -0.4057780
v 1.3962600 0.1726900 -0.4031570
v 1.3962200 0.1739590 -0.3966050
v 1.3962200 0.1739590 -0.3848100
v 1.3963100 0.1714210 -0.3696780
v 1.4028800 0.1660730 -0.3594100
v 1.4028800 0.1660730 -0.3938140
v 1.4028400 0.1670210 -0.3958920
v 1.4028000 0.1679690 -0.3965850
v 1.4027700 0.1689170 -0.3965850
v 1.4026900 0.1708130 -0.3958920
v 1.4026500 0.1717610 -0.3945070
v 1.4026200 0.1727090 -0.3910440
v 1.4026200 0.1727090 -0.3848100
v 1.4026900 0.1708130 -0.3761630
v 1.4079300 0.1684140 -0.3839960
v 1.0475200 0.1523830 -0.2108570
v 0.6604250 0.1383070 -0.1970320
v 0.8888740 0.1466140 -0.2051910
v -0.4510140 0.1306920 -0.1895530
v -0.4510140 0.1306920 -0.0927100
v -0.4507830 0.1370380 -0.4864100
v -0.4510140 0.1306920 -0.4673600
v -0.4505520 0.1433840 -0.4927600
v -0.4503210 0.1497300 -0.4927600
v -0.4498600 0.1624210 -0.4864100
v -0.4496290 0.1687670 -0.4737100
v -0.4493980 0.1751130 -0.4419600
v -0.4493980 0.1751130 -0.3848100
v -0.4498600 0.1624210 -0.2853720
v -0.4504340 0.1466380 -0.1895330
v -0.6601950 0.1446530 -0.4864100
v -0.6604250 0.1383070 -0.4673600
v -0.6599640 0.1509990 -0.4927600
v -0.6597330 0.1573440 -0.4927600
v -0.6592720 0.1700360 -0.4864100
v -0.6590410 0.1763820 -0.4737100
v -0.6588100 0.1827280 -0.4419600
v -0.6588100 0.1827280 -0.3848100
v -0.6592720 0.1700360 -0.2896950
v -0.6598520 0.1540780 -0.1970120
v -0.8886440 0.1529600 -0.4842910
v -0.8888740 0.1466140 -0.4656380
v -0.8884130 0.1593060 -0.4905090
v -0.8881820 0.1656520 -0.4905090
v -0.8877210 0.1783430 -0.4842910
v -0.8874900 0.1846890 -0.4718560
v -0.8872590 0.1910350 -0.4407680
v -0.8872590 0.1910350 -0.3848100
v -0.8877210 0.1783430 -0.2970940
v -0.8883450 0.1611820 -0.2051720
v -1.0473200 0.1578220 -0.4785110
v -1.0475200 0.1523830 -0.4609420
v -1.0471200 0.1632620 -0.4843680
v -1.0469300 0.1687010 -0.4843680
v -1.0465300 0.1795800 -0.4785110
v -1.0463300 0.1850190 -0.4667990
v -1.0461300 0.1904580 -0.4375170
v -1.0461300 0.1904580 -0.3848100
v -1.0465300 0.1795800 -0.3065720
v -1.0471600 0.1624050 -0.2108440
v -1.0922000 0.1540080 -0.1669090
v -1.0922000 0.1540080 -0.2124530
v -1.1871300 0.1574600 -0.1922430
v -1.0922000 0.1540080 -0.4583340
v -1.0922000 0.1591630 -0.4752880
v -1.1869600 0.1619930 -0.4684810
v -1.1871300 0.1574600 -0.4527920
v -1.0922000 0.1643150 -0.4809280
v -1.1868000 0.1665250 -0.4737100
v -1.0922000 0.1694650 -0.4809140
v -1.1866300 0.1710580 -0.4737100
v -1.0922000 0.1797570 -0.4752340
v -1.1863000 0.1801230 -0.4684810
v -1.0922000 0.1849000 -0.4639190
v -1.1861400 0.1846560 -0.4580220
v -1.0922000 0.1900400 -0.4356580
v -1.1859700 0.1891890 -0.4318750
v -1.0922000 0.1900400 -0.3848100
v -1.1859700 0.1891890 -0.3848100
v -1.0922000 0.1797570 -0.3107160
v -1.1863000 0.1801230 -0.3192550
v -1.0922000 0.1621630 -0.2124530
v -1.2886600 0.1611520 -0.4401140
v -1.2886600 0.1611520 -0.2358310
v -1.2885400 0.1643250 -0.4528760
v -1.2884300 0.1674980 -0.4571310
v -1.2883100 0.1706710 -0.4571310
v -1.2880800 0.1770160 -0.4528760
v -1.2879700 0.1801890 -0.4443680
v -1.2878500 0.1833620 -0.4230970
v -1.2878500 0.1833620 -0.3848100
v -1.2880800 0.1770160 -0.3340940
v -1.3521200 0.1634600 -0.4253660
v -1.3521200 0.1634600 -0.2796120
v -1.3520400 0.1655750 -0.4347260
v -1.3519600 0.1676900 -0.4378450
v -1.3518900 0.1698050 -0.4378450
v -1.3517300 0.1740360 -0.4347260
v -1.3516600 0.1761510 -0.4284860
v -1.3515800 0.1782660 -0.4128880
v -1.3515800 0.1782660 -0.3848100
v -1.3517300 0.1740360 -0.3489980
v -1.3838500 0.1646130 -0.4114940
v -1.3838500 0.1646130 -0.3149600
v -1.3837900 0.1662000 -0.4176520
v -1.3837300 0.1677860 -0.4197050
v -1.3836700 0.1693730 -0.4197050
v -1.3835600 0.1725460 -0.4176520
v -1.3835000 0.1741320 -0.4135470
v -1.3834400 0.1757180 -0.4032840
v -1.3834400 0.1757180 -0.3848100
v -1.3835600 0.1725460 -0.3610310
v -1.3965400 0.1650750 -0.4018470
v -1.3965400 0.1650750 -0.3403600
v -1.3964900 0.1663440 -0.4057780
v -1.3964500 0.1676130 -0.4070890
v -1.3964000 0.1688820 -0.4070890
v -1.3963100 0.1714210 -0.4057780
v -1.3962600 0.1726900 -0.4031570
v -1.3962200 0.1739590 -0.3966050
v -1.3962200 0.1739590 -0.3848100
v -1.3963100 0.1714210 -0.3696780
v -1.4028800 0.1660730 -0.3938140
v -1.4028800 0.1660730 -0.3594100
v -1.4028400 0.1670210 -0.3958920
v -1.4028000 0.1679690 -0.3965850
v -1.4027700 0.1689170 -0.3965850
v -1.4026900 0.1708130 -0.3958920
v -1.4026500 0.1717610 -0.3945070
v -1.4026200 0.1727090 -0.3910440
v -1.4026200 0.1727090 -0.3848100
v -1.4026900 0.1708130 -0.3761630
v -1.4079300 0.1684140 -0.3839960
v -1.0475200 0.1523830 -0.2108570
v -0.6604250 0.1383070 -0.1970320
v -0.8888740 0.1466140 -0.2051910
vt 0.4821240 0.4256510
vt 0.4821240 0.3357570
vt 0.6990050 0.4320720
vt 0.4821240 0.0770830
vt 0.4821240 0.0587370
vt 0.6990050 0.0587370
vt 0.6990050 0.0770830
vt 0.4821240 0.0587370
vt 0.4821240 0.0532330
vt 0.6990050 0.0532330
vt 0.6990050 0.0587370
vt 0.4821240 0.0532330
vt 0.4821240 0.0532330
vt 0.6990050 0.0532330
vt 0.6990050 0.0532330
vt 0.4821240 0.0532330
vt 0.4834230 0.0587370
vt 0.6990050 0.0587370
vt 0.6990050 0.0532330
vt 0.4834230 0.0587370
vt 0.4834230 0.0706620
vt 0.6990050 0.0706620
vt 0.6990050 0.0587370
vt 0.4834230 0.0706620
vt 0.4834230 0.1000150
vt 0.6990050 0.1000150
vt 0.6990050 0.0706620
vt 0.4834230 0.1000150
vt 0.4834230 0.1532170
vt 0.6990050 0.1532170
vt 0.6990050 0.1000150
vt 0.4834230 0.1532170
vt 0.4834230 0.2467810
vt 0.6990050 0.2486150
vt 0.6990050 0.1532170
vt 0.4834230 0.2467810
vt 0.4821240 0.3357570
vt 0.6990050 0.2486150
vt 0.3821250 0.0770830
vt 0.3821250 0.0587370
vt 0.4821240 0.0587370
vt 0.4821240 0.0770830
vt 0.3821250 0.0587370
vt 0.3821250 0.0532330
vt 0.4821240 0.0532330
vt 0.4821240 0.0587370
vt 0.3821250 0.0532330
vt 0.3821250 0.0532330
vt 0.4821240 0.0532330
vt 0.4821240 0.0532330
vt 0.3821250 0.0532330
vt 0.3821250 0.0587370
vt 0.4834230 0.0587370
vt 0.4821240 0.0532330
vt 0.3821250 0.0587370
vt 0.3821250 0.0706620
vt 0.4834230 0.0706620
vt 0.4834230 0.0587370
vt 0.3821250 0.0706620
vt 0.3821250 0.1000150
vt 0.4834230 0.1000150
vt 0.4834230 0.0706620
vt 0.3821250 0.1000150
vt 0.3821250 0.1532170
vt 0.4834230 0.1532170
vt 0.4834230 0.1000150
vt 0.3821250 0.1532170
vt 0.3821250 0.2421940
vt 0.4834230 0.2467810
vt 0.4834230 0.1532170
vt 0.3821250 0.2421940
vt 0.3821250 0.3284190
vt 0.4821240 0.3357570
vt 0.4834230 0.2467810
vt 0.2717360 0.0780000
vt 0.2717360 0.0605720
vt 0.3821250 0.0587370
vt 0.3821250 0.0770830
vt 0.2717360 0.0605720
vt 0.2717360 0.0550680
vt 0.3821250 0.0532330
vt 0.3821250 0.0587370
vt 0.2717360 0.0550680
vt 0.2717360 0.0550680
vt 0.3821250 0.0532330
vt 0.3821250 0.0532330
vt 0.2717360 0.0550680
vt 0.2730350 0.0605720
vt 0.3821250 0.0587370
vt 0.3821250 0.0532330
vt 0.2730350 0.0605720
vt 0.2730350 0.0724960
vt 0.3821250 0.0706620
vt 0.3821250 0.0587370
vt 0.2730350 0.0724960
vt 0.2730350 0.1018490
vt 0.3821250 0.1000150
vt 0.3821250 0.0706620
vt 0.2730350 0.1018490
vt 0.2730350 0.1532170
vt 0.3821250 0.1532170
vt 0.3821250 0.1000150
vt 0.2730350 0.1532170
vt 0.2730350 0.2357730
vt 0.3821250 0.2421940
vt 0.3821250 0.1532170
vt 0.2730350 0.2357730
vt 0.2717360 0.3210810
vt 0.3821250 0.3284190
vt 0.3821250 0.2421940
vt 0.1951140 0.0825860
vt 0.1951140 0.0660750
vt 0.2717360 0.0605720
vt 0.2717360 0.0780000
vt 0.1951140 0.0660750
vt 0.1964130 0.0605720
vt 0.2717360 0.0550680
vt 0.2717360 0.0605720
vt 0.1964130 0.0605720
vt 0.1964130 0.0605720
vt 0.2717360 0.0550680
vt 0.2717360 0.0550680
vt 0.1964130 0.0605720
vt 0.1964130 0.0660750
vt 0.2730350 0.0605720
vt 0.2717360 0.0550680
vt 0.1964130 0.0660750
vt 0.1964130 0.0770830
vt 0.2730350 0.0724960
vt 0.2730350 0.0605720
vt 0.1964130 0.0770830
vt 0.1964130 0.1046010
vt 0.2730350 0.1018490
vt 0.2730350 0.0724960
vt 0.1964130 0.1046010
vt 0.1964130 0.1532170
vt 0.2730350 0.1532170
vt 0.2730350 0.1018490
vt 0.1964130 0.1532170
vt 0.1964130 0.2266000
vt 0.2730350 0.2357730
vt 0.2730350 0.1532170
vt 0.1964130 0.2266000
vt 0.1964130 0.3155770
vt 0.2717360 0.3210810
vt 0.2730350 0.2357730
vt 0.1288810 0.3330060
vt 0.1743350 0.3146600
vt 0.1743350 0.3568550
vt 0.1288810 0.0899250
vt 0.1288810 0.0752480
vt 0.1743350 0.0688270
vt 0.1743350 0.0853380
vt 0.1288810 0.0752480
vt 0.1288810 0.0706620
vt 0.1743350 0.0642410
vt 0.1743350 0.0688270
vt 0.1288810 0.0706620
vt 0.1288810 0.0706620
vt 0.1743350 0.0642410
vt 0.1743350 0.0642410
vt 0.1288810 0.0706620
vt 0.1288810 0.0752480
vt 0.1743350 0.0697440
vt 0.1743350 0.0642410
vt 0.1288810 0.0752480
vt 0.1288810 0.0853380
vt 0.1743350 0.0798350
vt 0.1743350 0.0697440
vt 0.1288810 0.0853380
vt 0.1288810 0.1101050
vt 0.1743350 0.1064360
vt 0.1743350 0.0798350
vt 0.1288810 0.1101050
vt 0.1288810 0.1532170
vt 0.1743350 0.1532170
vt 0.1743350 0.1064360
vt 0.1288810 0.1532170
vt 0.1288810 0.2146760
vt 0.1743350 0.2229310
vt 0.1743350 0.1532170
vt 0.1288810 0.2146760
vt 0.1743350 0.3146600
vt 0.1743350 0.2229310
vt 0.0795305 0.2926450
vt 0.0795305 0.1018490
vt 0.1288810 0.0899250
vt 0.1288810 0.3330060
vt 0.0795305 0.1018490
vt 0.0795305 0.0899250
vt 0.1288810 0.0752480
vt 0.1288810 0.0899250
vt 0.0795305 0.0899250
vt 0.0795305 0.0862560
vt 0.1288810 0.0706620
vt 0.1288810 0.0752480
vt 0.0795305 0.0862560
vt 0.0795305 0.0862560
vt 0.1288810 0.0706620
vt 0.1288810 0.0706620
vt 0.0795305 0.0862560
vt 0.0795305 0.0899250
vt 0.1288810 0.0752480
vt 0.1288810 0.0706620
vt 0.0795305 0.0899250
vt 0.0795305 0.0981800
vt 0.1288810 0.0853380
vt 0.1288810 0.0752480
vt 0.0795305 0.0981800
vt 0.0795305 0.1183610
vt 0.1288810 0.1101050
vt 0.1288810 0.0853380
vt 0.0795305 0.1183610
vt 0.0795305 0.1532170
vt 0.1288810 0.1532170
vt 0.1288810 0.1101050
vt 0.0795305 0.1532170
vt 0.0795305 0.2009160
vt 0.1288810 0.2146760
vt 0.1288810 0.1532170
vt 0.0795305 0.2009160
vt 0.0795305 0.2926450
vt 0.1288810 0.3330060
vt 0.1288810 0.2146760
vt 0.0509594 0.2513670
vt 0.0509594 0.1156090
vt 0.0795305 0.1018490
vt 0.0795305 0.2926450
vt 0.0509594 0.1156090
vt 0.0509594 0.1073530
vt 0.0795305 0.0899250
vt 0.0795305 0.1018490
vt 0.0509594 0.1073530
vt 0.0509594 0.1046010
vt 0.0795305 0.0862560
vt 0.0795305 0.0899250
vt 0.0509594 0.1046010
vt 0.0509594 0.1046010
vt 0.0795305 0.0862560
vt 0.0795305 0.0862560
vt 0.0509594 0.1046010
vt 0.0509594 0.1073530
vt 0.0795305 0.0899250
vt 0.0795305 0.0862560
vt 0.0509594 0.1073530
vt 0.0509594 0.1128570
vt 0.0795305 0.0981800
vt 0.0795305 0.0899250
vt 0.0509594 0.1128570
vt 0.0509594 0.1275330
vt 0.0795305 0.1183610
vt 0.0795305 0.0981800
vt 0.0509594 0.1275330
vt 0.0509594 0.1532170
vt 0.0795305 0.1532170
vt 0.0795305 0.1183610
vt 0.0509594 0.1532170
vt 0.0509594 0.1871570
vt 0.0795305 0.2009160
vt 0.0795305 0.1532170
vt 0.0509594 0.1871570
vt 0.0509594 0.2513670
vt 0.0795305 0.2926450
vt 0.0795305 0.2009160
vt 0.0353751 0.2183450
vt 0.0353751 0.1284510
vt 0.0509594 0.1156090
vt 0.0509594 0.2513670
vt 0.0353751 0.1284510
vt 0.0353751 0.1229470
vt 0.0509594 0.1073530
vt 0.0509594 0.1156090
vt 0.0353751 0.1229470
vt 0.0353751 0.1211120
vt 0.0509594 0.1046010
vt 0.0509594 0.1073530
vt 0.0353751 0.1211120
vt 0.0353751 0.1211120
vt 0.0509594 0.1046010
vt 0.0509594 0.1046010
vt 0.0353751 0.1211120
vt 0.0353751 0.1229470
vt 0.0509594 0.1073530
vt 0.0509594 0.1046010
vt 0.0353751 0.1229470
vt 0.0353751 0.1266160
vt 0.0509594 0.1128570
vt 0.0509594 0.1073530
vt 0.0353751 0.1266160
vt 0.0353751 0.1367060
vt 0.0509594 0.1275330
vt 0.0509594 0.1128570
vt 0.0353751 0.1367060
vt 0.0353751 0.1532170
vt 0.0509594 0.1532170
vt 0.0509594 0.1275330
vt 0.0353751 0.1532170
vt 0.0353751 0.1761500
vt 0.0509594 0.1871570
vt 0.0509594 0.1532170
vt 0.0353751 0.1761500
vt 0.0353751 0.2183450
vt 0.0509594 0.2513670
vt 0.0509594 0.1871570
vt 0.0288817 0.1954130
vt 0.0288817 0.1376240
vt 0.0353751 0.1284510
vt 0.0353751 0.2183450
vt 0.0288817 0.1376240
vt 0.0288817 0.1339540
vt 0.0353751 0.1229470
vt 0.0353751 0.1284510
vt 0.0288817 0.1339540
vt 0.0288817 0.1330370
vt 0.0353751 0.1211120
vt 0.0353751 0.1229470
vt 0.0288817 0.1330370
vt 0.0288817 0.1330370
vt 0.0353751 0.1211120
vt 0.0353751 0.1211120
vt 0.0288817 0.1330370
vt 0.0288817 0.1339540
vt 0.0353751 0.1229470
vt 0.0353751 0.1211120
vt 0.0288817 0.1339540
vt 0.0288817 0.1367060
vt 0.0353751 0.1266160
vt 0.0353751 0.1229470
vt 0.0288817 0.1367060
vt 0.0288817 0.1422100
vt 0.0353751 0.1367060
vt 0.0353751 0.1266160
vt 0.0288817 0.1422100
vt 0.0288817 0.1532170
vt 0.0353751 0.1532170
vt 0.0353751 0.1367060
vt 0.0288817 0.1532170
vt 0.0288817 0.1678940
vt 0.0353751 0.1761500
vt 0.0353751 0.1532170
vt 0.0288817 0.1678940
vt 0.0288817 0.1954130
vt 0.0353751 0.2183450
vt 0.0353751 0.1761500
vt 0.0262843 0.1770670
vt 0.0262843 0.1449620
vt 0.0288817 0.1376240
vt 0.0288817 0.1954130
vt 0.0262843 0.1449620
vt 0.0262843 0.1431270
vt 0.0288817 0.1339540
vt 0.0288817 0.1376240
vt 0.0262843 0.1431270
vt 0.0262843 0.1422100
vt 0.0288817 0.1330370
vt 0.0288817 0.1339540
vt 0.0262843 0.1422100
vt 0.0262843 0.1422100
vt 0.0288817 0.1330370
vt 0.0288817 0.1330370
vt 0.0262843 0.1422100
vt 0.0262843 0.1431270
vt 0.0288817 0.1339540
vt 0.0288817 0.1330370
vt 0.0262843 0.1431270
vt 0.0262843 0.1449620
vt 0.0288817 0.1367060
vt 0.0288817 0.1339540
vt 0.0262843 0.1449620
vt 0.0262843 0.1477140
vt 0.0288817 0.1422100
vt 0.0288817 0.1367060
vt 0.0262843 0.1477140
vt 0.0262843 0.1532170
vt 0.0288817 0.1532170
vt 0.0288817 0.1422100
vt 0.0262843 0.1532170
vt 0.0262843 0.1614730
vt 0.0288817 0.1678940
vt 0.0288817 0.1532170
vt 0.0262843 0.1614730
vt 0.0262843 0.1770670
vt 0.0288817 0.1954130
vt 0.0288817 0.1678940
vt 0.0236869 0.1541350
vt 0.0262843 0.1449620
vt 0.0262843 0.1770670
vt 0.0236869 0.1541350
vt 0.0262843 0.1431270
vt 0.0262843 0.1449620
vt 0.0236869 0.1541350
vt 0.0262843 0.1422100
vt 0.0262843 0.1431270
vt 0.0236869 0.1541350
vt 0.0262843 0.1422100
vt 0.0262843 0.1422100
vt 0.0236869 0.1541350
vt 0.0262843 0.1431270
vt 0.0262843 0.1422100
vt 0.0236869 0.1541350
vt 0.0262843 0.1449620
vt 0.0262843 0.1431270
vt 0.0236869 0.1541350
vt 0.0262843 0.1477140
vt 0.0262843 0.1449620
vt 0.0236869 0.1541350
vt 0.0262843 0.1532170
vt 0.0262843 0.1477140
vt 0.0236869 0.1541350
vt 0.0262843 0.1614730
vt 0.0262843 0.1532170
vt 0.0236869 0.1541350
vt 0.0262843 0.1770670
vt 0.0262843 0.1614730
vt 0.1743350 0.0853380
vt 0.1951140 0.0825860
vt 0.1951140 0.3155770
vt 0.1743350 0.3146600
vt 0.1743350 0.0688270
vt 0.1951140 0.0660750
vt 0.1951140 0.0825860
vt 0.1743350 0.0853380
vt 0.1743350 0.0642410
vt 0.1964130 0.0605720
vt 0.1951140 0.0660750
vt 0.1743350 0.0688270
vt 0.1743350 0.0642410
vt 0.1964130 0.0605720
vt 0.1964130 0.0605720
vt 0.1743350 0.0642410
vt 0.1743350 0.0697440
vt 0.1964130 0.0660750
vt 0.1964130 0.0605720
vt 0.1743350 0.0642410
vt 0.1743350 0.0798350
vt 0.1964130 0.0770830
vt 0.1964130 0.0660750
vt 0.1743350 0.0697440
vt 0.1743350 0.1064360
vt 0.1964130 0.1046010
vt 0.1964130 0.0770830
vt 0.1743350 0.0798350
vt 0.1743350 0.1532170
vt 0.1964130 0.1532170
vt 0.1964130 0.1046010
vt 0.1743350 0.1064360
vt 0.1743350 0.2229310
vt 0.1964130 0.2266000
vt 0.1964130 0.1532170
vt 0.1743350 0.1532170
vt 0.3821250 0.3284190
vt 0.3821250 0.0770830
vt 0.4821240 0.0770830
vt 0.4821240 0.3357570
vt 0.2717360 0.3210810
vt 0.2717360 0.0780000
vt 0.3821250 0.0770830
vt 0.3821250 0.3284190
vt 0.1951140 0.3155770
vt 0.1951140 0.0825860
vt 0.2717360 0.0780000
vt 0.2717360 0.3210810
vt 0.1964130 0.3155770
vt 0.1964130 0.2266000
vt 0.1743350 0.2229310
vt 0.1743350 0.3146600
vt 0.4821240 0.3357570
vt 0.6990050 0.4320720
vt 0.6990050 0.2486150
vt 0.4821240 0.3357570
vt 0.4821240 0.4256510
vt 0.6990050 0.4320720
vt 0.4821240 0.3357570
vt 0.6990050 0.0770830
vt 0.6990050 0.4320720
vt 0.4821240 0.3357570
vt 0.4821240 0.0770830
vt 0.6990050 0.0770830
vt 0.1288810 0.3330060
vt 0.1288810 0.0899250
vt 0.1743350 0.3146600
vt 0.1288810 0.0899250
vt 0.1743350 0.0853380
vt 0.1743350 0.3146600
vt 0.1288810 0.3330060
vt 0.1743350 0.3568550
vt 0.1743350 0.3146600
vt 0.1288810 0.2146760
vt 0.1288810 0.3330060
vt 0.1743350 0.3146600
vt 0.4821240 0.3357570
vt 0.4821240 0.3357570
vt 0.3821250 0.3284190
vt 0.3821250 0.3284190
vt 0.4821240 0.3357570
vt 0.4821240 0.4256510
vt 0.4821240 0.3357570
vt 0.3821250 0.3284190
vt 0.2717360 0.3210810
vt 0.2717360 0.3210810
vt 0.3821250 0.3284190
vt 0.2717360 0.3210810
vt 0.1964130 0.3155770
vt 0.1951140 0.3155770
vt 0.2717360 0.3210810
vt 0.1964130 0.3155770
vt 0.1743350 0.3146600
vt 0.1743350 0.3146600
vt 0.1951140 0.3155770
vt 0.1743350 0.3146600
vt 0.1743350 0.3568550
vt 0.1743350 0.3146600
vt 0.6958160 0.4317830
vt 0.4802950 0.3358840
vt 0.4802950 0.4253890
vt 0.6958160 0.0783270
vt 0.6958160 0.0600610
vt 0.4802950 0.0600610
vt 0.4802950 0.0783270
vt 0.6958160 0.0600610
vt 0.6958160 0.0545810
vt 0.4802950 0.0545810
vt 0.4802950 0.0600610
vt 0.6958160 0.0545810
vt 0.6958160 0.0545810
vt 0.4802950 0.0545810
vt 0.4802950 0.0545810
vt 0.6958160 0.0545810
vt 0.6958160 0.0600610
vt 0.4815850 0.0600610
vt 0.4802950 0.0545810
vt 0.6958160 0.0600610
vt 0.6958160 0.0719340
vt 0.4815850 0.0719340
vt 0.4815850 0.0600610
vt 0.6958160 0.0719340
vt 0.6958160 0.1011600
vt 0.4815850 0.1011600
vt 0.4815850 0.0719340
vt 0.6958160 0.1011600
vt 0.6958160 0.1541330
vt 0.4815850 0.1541330
vt 0.4815850 0.1011600
vt 0.6958160 0.1541330
vt 0.6958160 0.2491180
vt 0.4815850 0.2472920
vt 0.4815850 0.1541330
vt 0.6958160 0.2491180
vt 0.4802950 0.3358840
vt 0.4815850 0.2472920
vt 0.4802950 0.0783270
vt 0.4802950 0.0600610
vt 0.3809230 0.0600610
vt 0.3809230 0.0783270
vt 0.4802950 0.0600610
vt 0.4802950 0.0545810
vt 0.3809230 0.0545810
vt 0.3809230 0.0600610
vt 0.4802950 0.0545810
vt 0.4802950 0.0545810
vt 0.3809230 0.0545810
vt 0.3809230 0.0545810
vt 0.4802950 0.0545810
vt 0.4815850 0.0600610
vt 0.3809230 0.0600610
vt 0.3809230 0.0545810
vt 0.4815850 0.0600610
vt 0.4815850 0.0719340
vt 0.3809230 0.0719340
vt 0.3809230 0.0600610
vt 0.4815850 0.0719340
vt 0.4815850 0.1011600
vt 0.3809230 0.1011600
vt 0.3809230 0.0719340
vt 0.4815850 0.1011600
vt 0.4815850 0.1541330
vt 0.3809230 0.1541330
vt 0.3809230 0.1011600
vt 0.4815850 0.1541330
vt 0.4815850 0.2472920
vt 0.3809230 0.2427250
vt 0.3809230 0.1541330
vt 0.4815850 0.2472920
vt 0.4802950 0.3358840
vt 0.3809230 0.3285780
vt 0.3809230 0.2427250
vt 0.3809230 0.0783270
vt 0.3809230 0.0600610
vt 0.2712260 0.0618870
vt 0.2712260 0.0792410
vt 0.3809230 0.0600610
vt 0.3809230 0.0545810
vt 0.2712260 0.0564070
vt 0.2712260 0.0618870
vt 0.3809230 0.0545810
vt 0.3809230 0.0545810
vt 0.2712260 0.0564070
vt 0.2712260 0.0564070
vt 0.3809230 0.0545810
vt 0.3809230 0.0600610
vt 0.2725170 0.0618870
vt 0.2712260 0.0564070
vt 0.3809230 0.0600610
vt 0.3809230 0.0719340
vt 0.2725170 0.0737610
vt 0.2725170 0.0618870
vt 0.3809230 0.0719340
vt 0.3809230 0.1011600
vt 0.2725170 0.1029870
vt 0.2725170 0.0737610
vt 0.3809230 0.1011600
vt 0.3809230 0.1541330
vt 0.2725170 0.1541330
vt 0.2725170 0.1029870
vt 0.3809230 0.1541330
vt 0.3809230 0.2427250
vt 0.2725170 0.2363320
vt 0.2725170 0.1541330
vt 0.3809230 0.2427250
vt 0.3809230 0.3285780
vt 0.2712260 0.3212710
vt 0.2725170 0.2363320
vt 0.2712260 0.0792410
vt 0.2712260 0.0618870
vt 0.1950840 0.0673670
vt 0.1950840 0.0838070
vt 0.2712260 0.0618870
vt 0.2712260 0.0564070
vt 0.1963750 0.0618870
vt 0.1950840 0.0673670
vt 0.2712260 0.0564070
vt 0.2712260 0.0564070
vt 0.1963750 0.0618870
vt 0.1963750 0.0618870
vt 0.2712260 0.0564070
vt 0.2725170 0.0618870
vt 0.1963750 0.0673670
vt 0.1963750 0.0618870
vt 0.2725170 0.0618870
vt 0.2725170 0.0737610
vt 0.1963750 0.0783270
vt 0.1963750 0.0673670
vt 0.2725170 0.0737610
vt 0.2725170 0.1029870
vt 0.1963750 0.1057270
vt 0.1963750 0.0783270
vt 0.2725170 0.1029870
vt 0.2725170 0.1541330
vt 0.1963750 0.1541330
vt 0.1963750 0.1057270
vt 0.2725170 0.1541330
vt 0.2725170 0.2363320
vt 0.1963750 0.2271990
vt 0.1963750 0.1541330
vt 0.2725170 0.2363320
vt 0.2712260 0.3212710
vt 0.1963750 0.3157910
vt 0.1963750 0.2271990
vt 0.1744350 0.3568900
vt 0.1744350 0.3148780
vt 0.1292660 0.3331440
vt 0.1744350 0.0865470
vt 0.1744350 0.0701070
vt 0.1292660 0.0765000
vt 0.1292660 0.0911140
vt 0.1744350 0.0701070
vt 0.1744350 0.0655410
vt 0.1292660 0.0719340
vt 0.1292660 0.0765000
vt 0.1744350 0.0655410
vt 0.1744350 0.0655410
vt 0.1292660 0.0719340
vt 0.1292660 0.0719340
vt 0.1744350 0.0655410
vt 0.1744350 0.0710210
vt 0.1292660 0.0765000
vt 0.1292660 0.0719340
vt 0.1744350 0.0710210
vt 0.1744350 0.0810670
vt 0.1292660 0.0865470
vt 0.1292660 0.0765000
vt 0.1744350 0.0810670
vt 0.1744350 0.1075530
vt 0.1292660 0.1112070
vt 0.1292660 0.0865470
vt 0.1744350 0.1075530
vt 0.1744350 0.1541330
vt 0.1292660 0.1541330
vt 0.1292660 0.1112070
vt 0.1744350 0.1541330
vt 0.1744350 0.2235450
vt 0.1292660 0.2153260
vt 0.1292660 0.1541330
vt 0.1744350 0.2235450
vt 0.1744350 0.3148780
vt 0.1292660 0.2153260
vt 0.1292660 0.3331440
vt 0.1292660 0.0911140
vt 0.0802255 0.1029870
vt 0.0802255 0.2929580
vt 0.1292660 0.0911140
vt 0.1292660 0.0765000
vt 0.0802255 0.0911140
vt 0.0802255 0.1029870
vt 0.1292660 0.0765000
vt 0.1292660 0.0719340
vt 0.0802255 0.0874600
vt 0.0802255 0.0911140
vt 0.1292660 0.0719340
vt 0.1292660 0.0719340
vt 0.0802255 0.0874600
vt 0.0802255 0.0874600
vt 0.1292660 0.0719340
vt 0.1292660 0.0765000
vt 0.0802255 0.0911140
vt 0.0802255 0.0874600
vt 0.1292660 0.0765000
vt 0.1292660 0.0865470
vt 0.0802255 0.0993340
vt 0.0802255 0.0911140
vt 0.1292660 0.0865470
vt 0.1292660 0.1112070
vt 0.0802255 0.1194270
vt 0.0802255 0.0993340
vt 0.1292660 0.1112070
vt 0.1292660 0.1541330
vt 0.0802255 0.1541330
vt 0.0802255 0.1194270
vt 0.1292660 0.1541330
vt 0.1292660 0.2153260
vt 0.0802255 0.2016260
vt 0.0802255 0.1541330
vt 0.1292660 0.2153260
vt 0.1292660 0.3331440
vt 0.0802255 0.2929580
vt 0.0802255 0.2016260
vt 0.0802255 0.2929580
vt 0.0802255 0.1029870
vt 0.0505430 0.1166870
vt 0.0505430 0.2518580
vt 0.0802255 0.1029870
vt 0.0802255 0.0911140
vt 0.0505430 0.1084670
vt 0.0505430 0.1166870
vt 0.0802255 0.0911140
vt 0.0802255 0.0874600
vt 0.0505430 0.1057270
vt 0.0505430 0.1084670
vt 0.0802255 0.0874600
vt 0.0802255 0.0874600
vt 0.0505430 0.1057270
vt 0.0505430 0.1057270
vt 0.0802255 0.0874600
vt 0.0802255 0.0911140
vt 0.0505430 0.1084670
vt 0.0505430 0.1057270
vt 0.0802255 0.0911140
vt 0.0802255 0.0993340
vt 0.0505430 0.1139470
vt 0.0505430 0.1084670
vt 0.0802255 0.0993340
vt 0.0802255 0.1194270
vt 0.0505430 0.1285600
vt 0.0505430 0.1139470
vt 0.0802255 0.1194270
vt 0.0802255 0.1541330
vt 0.0505430 0.1541330
vt 0.0505430 0.1285600
vt 0.0802255 0.1541330
vt 0.0802255 0.2016260
vt 0.0505430 0.1879260
vt 0.0505430 0.1541330
vt 0.0802255 0.2016260
vt 0.0802255 0.2929580
vt 0.0505430 0.2518580
vt 0.0505430 0.1879260
vt 0.0505430 0.2518580
vt 0.0505430 0.1166870
vt 0.0350563 0.1294730
vt 0.0350563 0.2189790
vt 0.0505430 0.1166870
vt 0.0505430 0.1084670
vt 0.0350563 0.1239930
vt 0.0350563 0.1294730
vt 0.0505430 0.1084670
vt 0.0505430 0.1057270
vt 0.0350563 0.1221670
vt 0.0350563 0.1239930
vt 0.0505430 0.1057270
vt 0.0505430 0.1057270
vt 0.0350563 0.1221670
vt 0.0350563 0.1221670
vt 0.0505430 0.1057270
vt 0.0505430 0.1084670
vt 0.0350563 0.1239930
vt 0.0350563 0.1221670
vt 0.0505430 0.1084670
vt 0.0505430 0.1139470
vt 0.0350563 0.1276470
vt 0.0350563 0.1239930
vt 0.0505430 0.1139470
vt 0.0505430 0.1285600
vt 0.0350563 0.1376930
vt 0.0350563 0.1276470
vt 0.0505430 0.1285600
vt 0.0505430 0.1541330
vt 0.0350563 0.1541330
vt 0.0350563 0.1376930
vt 0.0505430 0.1541330
vt 0.0505430 0.1879260
vt 0.0350563 0.1769660
vt 0.0350563 0.1541330
vt 0.0505430 0.1879260
vt 0.0505430 0.2518580
vt 0.0350563 0.2189790
vt 0.0350563 0.1769660
vt 0.0350563 0.2189790
vt 0.0350563 0.1294730
vt 0.0286036 0.1386060
vt 0.0286036 0.1961460
vt 0.0350563 0.1294730
vt 0.0350563 0.1239930
vt 0.0286036 0.1349530
vt 0.0286036 0.1386060
vt 0.0350563 0.1239930
vt 0.0350563 0.1221670
vt 0.0286036 0.1340400
vt 0.0286036 0.1349530
vt 0.0350563 0.1221670
vt 0.0350563 0.1221670
vt 0.0286036 0.1340400
vt 0.0286036 0.1340400
vt 0.0350563 0.1221670
vt 0.0350563 0.1239930
vt 0.0286036 0.1349530
vt 0.0286036 0.1340400
vt 0.0350563 0.1239930
vt 0.0350563 0.1276470
vt 0.0286036 0.1376930
vt 0.0286036 0.1349530
vt 0.0350563 0.1276470
vt 0.0350563 0.1376930
vt 0.0286036 0.1431730
vt 0.0286036 0.1376930
vt 0.0350563 0.1376930
vt 0.0350563 0.1541330
vt 0.0286036 0.1541330
vt 0.0286036 0.1431730
vt 0.0350563 0.1541330
vt 0.0350563 0.1769660
vt 0.0286036 0.1687460
vt 0.0286036 0.1541330
vt 0.0350563 0.1769660
vt 0.0350563 0.2189790
vt 0.0286036 0.1961460
vt 0.0286036 0.1687460
vt 0.0286036 0.1961460
vt 0.0286036 0.1386060
vt 0.0260225 0.1459130
vt 0.0260225 0.1778790
vt 0.0286036 0.1386060
vt 0.0286036 0.1349530
vt 0.0260225 0.1440860
vt 0.0260225 0.1459130
vt 0.0286036 0.1349530
vt 0.0286036 0.1340400
vt 0.0260225 0.1431730
vt 0.0260225 0.1440860
vt 0.0286036 0.1340400
vt 0.0286036 0.1340400
vt 0.0260225 0.1431730
vt 0.0260225 0.1431730
vt 0.0286036 0.1340400
vt 0.0286036 0.1349530
vt 0.0260225 0.1440860
vt 0.0260225 0.1431730
vt 0.0286036 0.1349530
vt 0.0286036 0.1376930
vt 0.0260225 0.1459130
vt 0.0260225 0.1440860
vt 0.0286036 0.1376930
vt 0.0286036 0.1431730
vt 0.0260225 0.1486530
vt 0.0260225 0.1459130
vt 0.0286036 0.1431730
vt 0.0286036 0.1541330
vt 0.0260225 0.1541330
vt 0.0260225 0.1486530
vt 0.0286036 0.1541330
vt 0.0286036 0.1687460
vt 0.0260225 0.1623530
vt 0.0260225 0.1541330
vt 0.0286036 0.1687460
vt 0.0286036 0.1961460
vt 0.0260225 0.1778790
vt 0.0260225 0.1623530
vt 0.0260225 0.1778790
vt 0.0260225 0.1459130
vt 0.0234414 0.1550460
vt 0.0260225 0.1459130
vt 0.0260225 0.1440860
vt 0.0234414 0.1550460
vt 0.0260225 0.1440860
vt 0.0260225 0.1431730
vt 0.0234414 0.1550460
vt 0.0260225 0.1431730
vt 0.0260225 0.1431730
vt 0.0234414 0.1550460
vt 0.0260225 0.1431730
vt 0.0260225 0.1440860
vt 0.0234414 0.1550460
vt 0.0260225 0.1440860
vt 0.0260225 0.1459130
vt 0.0234414 0.1550460
vt 0.0260225 0.1459130
vt 0.0260225 0.1486530
vt 0.0234414 0.1550460
vt 0.0260225 0.1486530
vt 0.0260225 0.1541330
vt 0.0234414 0.1550460
vt 0.0260225 0.1541330
vt 0.0260225 0.1623530
vt 0.0234414 0.1550460
vt 0.0260225 0.1623530
vt 0.0260225 0.1778790
vt 0.0234414 0.1550460
vt 0.1744350 0.3148780
vt 0.1950840 0.3157910
vt 0.1950840 0.0838070
vt 0.1744350 0.0865470
vt 0.1744350 0.0865470
vt 0.1950840 0.0838070
vt 0.1950840 0.0673670
vt 0.1744350 0.0701070
vt 0.1744350 0.0701070
vt 0.1950840 0.0673670
vt 0.1963750 0.0618870
vt 0.1744350 0.0655410
vt 0.1744350 0.0655410
vt 0.1963750 0.0618870
vt 0.1963750 0.0618870
vt 0.1744350 0.0655410
vt 0.1744350 0.0655410
vt 0.1963750 0.0618870
vt 0.1963750 0.0673670
vt 0.1744350 0.0710210
vt 0.1744350 0.0710210
vt 0.1963750 0.0673670
vt 0.1963750 0.0783270
vt 0.1744350 0.0810670
vt 0.1744350 0.0810670
vt 0.1963750 0.0783270
vt 0.1963750 0.1057270
vt 0.1744350 0.1075530
vt 0.1744350 0.1075530
vt 0.1963750 0.1057270
vt 0.1963750 0.1541330
vt 0.1744350 0.1541330
vt 0.1744350 0.1541330
vt 0.1963750 0.1541330
vt 0.1963750 0.2271990
vt 0.1744350 0.2235450
vt 0.4802950 0.3358840
vt 0.4802950 0.0783270
vt 0.3809230 0.0783270
vt 0.3809230 0.3285780
vt 0.3809230 0.3285780
vt 0.3809230 0.0783270
vt 0.2712260 0.0792410
vt 0.2712260 0.3212710
vt 0.2712260 0.3212710
vt 0.2712260 0.0792410
vt 0.1950840 0.0838070
vt 0.1950840 0.3157910
vt 0.1744350 0.3148780
vt 0.1744350 0.2235450
vt 0.1963750 0.2271990
vt 0.1963750 0.3157910
vt 0.6958160 0.2491180
vt 0.6958160 0.4317830
vt 0.4802950 0.3358840
vt 0.6958160 0.4317830
vt 0.4802950 0.4253890
vt 0.4802950 0.3358840
vt 0.6958160 0.4317830
vt 0.6958160 0.0783270
vt 0.4802950 0.3358840
vt 0.6958160 0.0783270
vt 0.4802950 0.0783270
vt 0.4802950 0.3358840
vt 0.1744350 0.3148780
vt 0.1292660 0.0911140
vt 0.1292660 0.3331440
vt 0.1744350 0.3148780
vt 0.1744350 0.0865470
vt 0.1292660 0.0911140
vt 0.1744350 0.3148780
vt 0.1744350 0.3568900
vt 0.1292660 0.3331440
vt 0.1744350 0.3148780
vt 0.1292660 0.3331440
vt 0.1292660 0.2153260
vt 0.3809230 0.3285780
vt 0.3809230 0.3285780
vt 0.4802950 0.3358840
vt 0.4802950 0.3358840
vt 0.4802950 0.3358840
vt 0.4802950 0.4253890
vt 0.4802950 0.3358840
vt 0.3809230 0.3285780
vt 0.2712260 0.3212710
vt 0.2712260 0.3212710
vt 0.3809230 0.3285780
vt 0.2712260 0.3212710
vt 0.1950840 0.3157910
vt 0.1963750 0.3157910
vt 0.2712260 0.3212710
vt 0.1950840 0.3157910
vt 0.1744350 0.3148780
vt 0.1744350 0.3148780
vt 0.1963750 0.3157910
vt 0.1744350 0.3148780
vt 0.1744350 0.3568900
vt 0.1744350 0.3148780
usemtl tex_mat1
f 1434/5863 1435/5864 1436/5865
f 1437/5866 1438/5867 1439/5868 1440/5869
f 1438/5870 1441/5871 1442/5872 1439/5873
f 1441/5874 1443/5875 1444/5876 1442/5877
f 1443/5878 1445/5879 1446/5880 1444/5881
f 1445/5882 1447/5883 1448/5884 1446/5885
f 1447/5886 1449/5887 1450/5888 1448/5889
f 1449/5890 1451/5891 1452/5892 1450/5893
f 1451/5894 1453/5895 1454/5896 1452/5897
f 1453/5898 1455/5899 1454/5900
f 1456/5901 1457/5902 1438/5903 1437/5904
f 1457/5905 1458/5906 1441/5907 1438/5908
f 1458/5909 1459/5910 1443/5911 1441/5912
f 1459/5913 1460/5914 1445/5915 1443/5916
f 1460/5917 1461/5918 1447/5919 1445/5920
f 1461/5921 1462/5922 1449/5923 1447/5924
f 1462/5925 1463/5926 1451/5927 1449/5928
f 1463/5929 1464/5930 1453/5931 1451/5932
f 1464/5933 1465/5934 1455/5935 1453/5936
f 1466/5937 1467/5938 1457/5939 1456/5940
f 1467/5941 1468/5942 1458/5943 1457/5944
f 1468/5945 1469/5946 1459/5947 1458/5948
f 1469/5949 1470/5950 1460/5951 1459/5952
f 1470/5953 1471/5954 1461/5955 1460/5956
f 1471/5957 1472/5958 1462/5959 1461/5960
f 1472/5961 1473/5962 1463/5963 1462/5964
f 1473/5965 1474/5966 1464/5967 1463/5968
f 1474/5969 1475/5970 1465/5971 1464/5972
f 1476/5973 1477/5974 1467/5975 1466/5976
f 1477/5977 1478/5978 1468/5979 1467/5980
f 1478/5981 1479/5982 1469/5983 1468/5984
f 1479/5985 1480/5986 1470/5987 1469/5988
f 1480/5989 1481/5990 1471/5991 1470/5992
f 1481/5993 1482/5994 1472/5995 1471/5996
f 1482/5997 1483/5998 1473/5999 1472/6000
f 1483/6001 1484/6002 1474/6003 1473/6004
f 1484/6005 1485/6006 1475/6007 1474/6008
f 1486/6009 1487/6010 1488/6011
f 1489/6012 1490/6013 1491/6014 1492/6015
f 1490/6016 1493/6017 1494/6018 1491/6019
f 1493/6020 1495/6021 1496/6022 1494/6023
f 1495/6024 1497/6025 1498/6026 1496/6027
f 1497/6028 1499/6029 1500/6030 1498/6031
f 1499/6032 1501/6033 1502/6034 1500/6035
f 1501/6036 1503/6037 1504/6038 1502/6039
f 1503/6040 1505/6041 1506/6042 1504/6043
f 1505/6044 1507/6045 1506/6046
f 1508/6047 1509/6048 1489/6049 1486/6050
f 1509/6051 1510/6052 1490/6053 1489/6054
f 1510/6055 1511/6056 1493/6057 1490/6058
f 1511/6059 1512/6060 1495/6061 1493/6062
f 1512/6063 1513/6064 1497/6065 1495/6066
f 1513/6067 1514/6068 1499/6069 1497/6070
f 1514/6071 1515/6072 1501/6073 1499/6074
f 1515/6075 1516/6076 1503/6077 1501/6078
f 1516/6079 1517/6080 1505/6081 1503/6082
f 1517/6083 1508/6084 1486/6085 1505/6086
f 1518/6087 1519/6088 1509/6089 1508/6090
f 1519/6091 1520/6092 1510/6093 1509/6094
f 1520/6095 1521/6096 1511/6097 1510/6098
f 1521/6099 1522/6100 1512/6101 1511/6102
f 1522/6103 1523/6104 1513/6105 1512/6106
f 1523/6107 1524/6108 1514/6109 1513/6110
f 1524/6111 1525/6112 1515/6113 1514/6114
f 1525/6115 1526/6116 1516/6117 1515/6118
f 1526/6119 1527/6120 1517/6121 1516/6122
f 1527/6123 1518/6124 1508/6125 1517/6126
f 1528/6127 1529/6128 1519/6129 1518/6130
f 1529/6131 1530/6132 1520/6133 1519/6134
f 1530/6135 1531/6136 1521/6137 1520/6138
f 1531/6139 1532/6140 1522/6141 1521/6142
f 1532/6143 1533/6144 1523/6145 1522/6146
f 1533/6147 1534/6148 1524/6149 1523/6150
f 1534/6151 1535/6152 1525/6153 1524/6154
f 1535/6155 1536/6156 1526/6157 1525/6158
f 1536/6159 1537/6160 1527/6161 1526/6162
f 1537/6163 1528/6164 1518/6165 1527/6166
f 1538/6167 1539/6168 1529/6169 1528/6170
f 1539/6171 1540/6172 1530/6173 1529/6174
f 1540/6175 1541/6176 1531/6177 1530/6178
f 1541/6179 1542/6180 1532/6181 1531/6182
f 1542/6183 1543/6184 1533/6185 1532/6186
f 1543/6187 1544/6188 1534/6189 1533/6190
f 1544/6191 1545/6192 1535/6193 1534/6194
f 1545/6195 1546/6196 1536/6197 1535/6198
f 1546/6199 1547/6200 1537/6201 1536/6202
f 1547/6203 1538/6204 1528/6205 1537/6206
f 1548/6207 1549/6208 1539/6209 1538/6210
f 1549/6211 1550/6212 1540/6213 1539/6214
f 1550/6215 1551/6216 1541/6217 1540/6218
f 1551/6219 1552/6220 1542/6221 1541/6222
f 1552/6223 1553/6224 1543/6225 1542/6226
f 1553/6227 1554/6228 1544/6229 1543/6230
f 1554/6231 1555/6232 1545/6233 1544/6234
f 1555/6235 1556/6236 1546/6237 1545/6238
f 1556/6239 1557/6240 1547/6241 1546/6242
f 1557/6243 1548/6244 1538/6245 1547/6246
f 1558/6247 1549/6248 1548/6249
f 1558/6250 1550/6251 1549/6252
f 1558/6253 1551/6254 1550/6255
f 1558/6256 1552/6257 1551/6258
f 1558/6259 1553/6260 1552/6261
f 1558/6262 1554/6263 1553/6264
f 1558/6265 1555/6266 1554/6267
f 1558/6268 1556/6269 1555/6270
f 1558/6271 1557/6272 1556/6273
f 1558/6274 1548/6275 1557/6276
f 1492/6277 1476/6278 1559/6279 1487/6280
f 1491/6281 1477/6282 1476/6283 1492/6284
f 1494/6285 1478/6286 1477/6287 1491/6288
f 1496/6289 1479/6290 1478/6291 1494/6292
f 1498/6293 1480/6294 1479/6295 1496/6296
f 1500/6297 1481/6298 1480/6299 1498/6300
f 1502/6301 1482/6302 1481/6303 1500/6304
f 1504/6305 1483/6306 1482/6307 1502/6308
f 1506/6309 1484/6310 1483/6311 1504/6312
f 1560/6313 1456/6314 1437/6315 1435/6316
f 1561/6317 1466/6318 1456/6319 1560/6320
f 1559/6321 1476/6322 1466/6323 1561/6324
f 1485/6325 1484/6326 1506/6327 1507/6328
f 1455/6329 1436/6330 1454/6331
f 1455/6332 1434/6333 1436/6334
f 1435/6335 1440/6336 1436/6337
f 1435/6338 1437/6339 1440/6340
f 1486/6341 1489/6342 1487/6343
f 1489/6344 1492/6345 1487/6346
f 1486/6347 1488/6348 1507/6349
f 1505/6350 1486/6351 1507/6352
f 1435/6353 1455/6354 1465/6355 1560/6356
f 1435/6357 1434/6358 1455/6359
f 1465/6360 1475/6361 1561/6362 1560/6363
f 1475/6364 1485/6365 1559/6366 1561/6367
f 1485/6368 1507/6369 1487/6370 1559/6371
f 1507/6372 1488/6373 1487/6374
f 1436/6375 1562/6376 1563/6377
f 1440/6378 1439/6379 1564/6380 1565/6381
f 1439/6382 1442/6383 1566/6384 1564/6385
f 1442/6386 1444/6387 1567/6388 1566/6389
f 1444/6390 1446/6391 1568/6392 1567/6393
f 1446/6394 1448/6395 1569/6396 1568/6397
f 1448/6398 1450/6399 1570/6400 1569/6401
f 1450/6402 1452/6403 1571/6404 1570/6405
f 1452/6406 1454/6407 1572/6408 1571/6409
f 1454/6410 1573/6411 1572/6412
f 1565/6413 1564/6414 1574/6415 1575/6416
f 1564/6417 1566/6418 1576/6419 1574/6420
f 1566/6421 1567/6422 1577/6423 1576/6424
f 1567/6425 1568/6426 1578/6427 1577/6428
f 1568/6429 1569/6430 1579/6431 1578/6432
f 1569/6433 1570/6434 1580/6435 1579/6436
f 1570/6437 1571/6438 1581/6439 1580/6440
f 1571/6441 1572/6442 1582/6443 1581/6444
f 1572/6445 1573/6446 1583/6447 1582/6448
f 1575/6449 1574/6450 1584/6451 1585/6452
f 1574/6453 1576/6454 1586/6455 1584/6456
f 1576/6457 1577/6458 1587/6459 1586/6460
f 1577/6461 1578/6462 1588/6463 1587/6464
f 1578/6465 1579/6466 1589/6467 1588/6468
f 1579/6469 1580/6470 1590/6471 1589/6472
f 1580/6473 1581/6474 1591/6475 1590/6476
f 1581/6477 1582/6478 1592/6479 1591/6480
f 1582/6481 1583/6482 1593/6483 1592/6484
f 1585/6485 1584/6486 1594/6487 1595/6488
f 1584/6489 1586/6490 1596/6491 1594/6492
f 1586/6493 1587/6494 1597/6495 1596/6496
f 1587/6497 1588/6498 1598/6499 1597/6500
f 1588/6501 1589/6502 1599/6503 1598/6504
f 1589/6505 1590/6506 1600/6507 1599/6508
f 1590/6509 1591/6510 1601/6511 1600/6512
f 1591/6513 1592/6514 1602/6515 1601/6516
f 1592/6517 1593/6518 1603/6519 1602/6520
f 1604/6521 1605/6522 1606/6523
f 1607/6524 1608/6525 1609/6526 1610/6527
f 1608/6528 1611/6529 1612/6530 1609/6531
f 1611/6532 1613/6533 1614/6534 1612/6535
f 1613/6536 1615/6537 1616/6538 1614/6539
f 1615/6540 1617/6541 1618/6542 1616/6543
f 1617/6544 1619/6545 1620/6546 1618/6547
f 1619/6548 1621/6549 1622/6550 1620/6551
f 1621/6552 1623/6553 1624/6554 1622/6555
f 1623/6556 1625/6557 1624/6558
f 1606/6559 1610/6560 1626/6561 1627/6562
f 1610/6563 1609/6564 1628/6565 1626/6566
f 1609/6567 1612/6568 1629/6569 1628/6570
f 1612/6571 1614/6572 1630/6573 1629/6574
f 1614/6575 1616/6576 1631/6577 1630/6578
f 1616/6579 1618/6580 1632/6581 1631/6582
f 1618/6583 1620/6584 1633/6585 1632/6586
f 1620/6587 1622/6588 1634/6589 1633/6590
f 1622/6591 1624/6592 1635/6593 1634/6594
f 1624/6595 1606/6596 1627/6597 1635/6598
f 1627/6599 1626/6600 1636/6601 1637/6602
f 1626/6603 1628/6604 1638/6605 1636/6606
f 1628/6607 1629/6608 1639/6609 1638/6610
f 1629/6611 1630/6612 1640/6613 1639/6614
f 1630/6615 1631/6616 1641/6617 1640/6618
f 1631/6619 1632/6620 1642/6621 1641/6622
f 1632/6623 1633/6624 1643/6625 1642/6626
f 1633/6627 1634/6628 1644/6629 1643/6630
f 1634/6631 1635/6632 1645/6633 1644/6634
f 1635/6635 1627/6636 1637/6637 1645/6638
f 1637/6639 1636/6640 1646/6641 1647/6642
f 1636/6643 1638/6644 1648/6645 1646/6646
f 1638/6647 1639/6648 1649/6649 1648/6650
f 1639/6651 1640/6652 1650/6653 1649/6654
f 1640/6655 1641/6656 1651/6657 1650/6658
f 1641/6659 1642/6660 1652/6661 1651/6662
f 1642/6663 1643/6664 1653/6665 1652/6666
f 1643/6667 1644/6668 1654/6669 1653/6670
f 1644/6671 1645/6672 1655/6673 1654/6674
f 1645/6675 1637/6676 1647/6677 1655/6678
f 1647/6679 1646/6680 1656/6681 1657/6682
f 1646/6683 1648/6684 1658/6685 1656/6686
f 1648/6687 1649/6688 1659/6689 1658/6690
f 1649/6691 1650/6692 1660/6693 1659/6694
f 1650/6695 1651/6696 1661/6697 1660/6698
f 1651/6699 1652/6700 1662/6701 1661/6702
f 1652/6703 1653/6704 1663/6705 1662/6706
f 1653/6707 1654/6708 1664/6709 1663/6710
f 1654/6711 1655/6712 1665/6713 1664/6714
f 1655/6715 1647/6716 1657/6717 1665/6718
f 1657/6719 1656/6720 1666/6721 1667/6722
f 1656/6723 1658/6724 1668/6725 1666/6726
f 1658/6727 1659/6728 1669/6729 1668/6730
f 1659/6731 1660/6732 1670/6733 1669/6734
f 1660/6735 1661/6736 1671/6737 1670/6738
f 1661/6739 1662/6740 1672/6741 1671/6742
f 1662/6743 1663/6744 1673/6745 1672/6746
f 1663/6747 1664/6748 1674/6749 1673/6750
f 1664/6751 1665/6752 1675/6753 1674/6754
f 1665/6755 1657/6756 1667/6757 1675/6758
f 1667/6759 1666/6760 1676/6761
f 1666/6762 1668/6763 1676/6764
f 1668/6765 1669/6766 1676/6767
f 1669/6768 1670/6769 1676/6770
f 1670/6771 1671/6772 1676/6773
f 1671/6774 1672/6775 1676/6776
f 1672/6777 1673/6778 1676/6779
f 1673/6780 1674/6781 1676/6782
f 1674/6783 1675/6784 1676/6785
f 1675/6786 1667/6787 1676/6788
f 1605/6789 1677/6790 1595/6791 1607/6792
f 1607/6793 1595/6794 1594/6795 1608/6796
f 1608/6797 1594/6798 1596/6799 1611/6800
f 1611/6801 1596/6802 1597/6803 1613/6804
f 1613/6805 1597/6806 1598/6807 1615/6808
f 1615/6809 1598/6810 1599/6811 1617/6812
f 1617/6813 1599/6814 1600/6815 1619/6816
f 1619/6817 1600/6818 1601/6819 1621/6820
f 1621/6821 1601/6822 1602/6823 1623/6824
f 1562/6825 1565/6826 1575/6827 1678/6828
f 1678/6829 1575/6830 1585/6831 1679/6832
f 1679/6833 1585/6834 1595/6835 1677/6836
f 1625/6837 1623/6838 1602/6839 1603/6840
f 1454/6841 1436/6842 1573/6843
f 1436/6844 1563/6845 1573/6846
f 1436/6847 1440/6848 1562/6849
f 1440/6850 1565/6851 1562/6852
f 1605/6853 1610/6854 1606/6855
f 1605/6856 1607/6857 1610/6858
f 1625/6859 1604/6860 1606/6861
f 1625/6862 1606/6863 1624/6864
f 1678/6865 1583/6866 1573/6867 1562/6868
f 1573/6869 1563/6870 1562/6871
f 1678/6872 1679/6873 1593/6874 1583/6875
f 1679/6876 1677/6877 1603/6878 1593/6879
f 1677/6880 1605/6881 1625/6882 1603/6883
f 1605/6884 1604/6885 1625/6886
o Wing_Brace_L
v 0.0574664 -0.0984255 -0.3533330
v 0.6610370 0.1642050 -0.3533330
v 0.6610370 0.1642050 -0.3084910
v 0.0574664 -0.0984255 -0.3084910
v 0.0584581 -0.1007050 -0.3060050
v 0.6620280 0.1619260 -0.3060050
v 0.6639340 0.1575470 -0.3060050
v 0.0603633 -0.1050830 -0.3060050
v 0.0613550 -0.1073620 -0.3084910
v 0.6649250 0.1552680 -0.3084910
v 0.6649250 0.1552680 -0.3533330
v 0.0613550 -0.1073620 -0.3533330
v 0.0603633 -0.1050830 -0.3558190
v 0.6639340 0.1575470 -0.3558190
v 0.6620280 0.1619260 -0.3558190
v 0.0584581 -0.1007050 -0.3558190
vt 0.0000000 1.0000000
vt 0.0000000 1.0000000
vt 0.0000000 1.0000000
vt 0.0000000 1.0000000
vt 0.0000000 1.0000000
vt 0.0000000 1.0000000
vt 0.0000000 1.0000000
vt 0.0000000 1.0000000
vt 0.0000000 1.0000000
vt 0.0000000 1.0000000
vt 0.0000000 1.0000000
vt 0.0000000 1.0000000
vt 0.0000000 1.0000000
vt 0.0000000 1.0000000
vt 0.0000000 1.0000000
vt 0.0000000 1.0000000
vt 0.0000000 1.0000000
vt 0.0000000 1.0000000
vt 0.0000000 1.0000000
vt 0.0000000 1.0000000
vt 0.0000000 1.0000000
vt 0.0000000 1.0000000
vt 0.0000000 1.0000000
vt 0.0000000 1.0000000
vt 0.0000000 1.0000000
vt 0.0000000 1.0000000
vt 0.0000000 1.0000000
vt 0.0000000 1.0000000
vt 0.0000000 1.0000000
vt 0.0000000 1.0000000
vt 0.0000000 1.0000000
vt 0.0000000 1.0000000
vt 0.0000000 1.0000000
vt 0.0000000 1.0000000
vt 0.0000000 1.0000000
vt 0.0000000 1.0000000
vt 0.0000000 1.0000000
vt 0.0000000 1.0000000
vt 0.0000000 1.0000000
vt 0.0000000 1.0000000
vt 0.0000000 1.0000000
vt 0.0000000 1.0000000
vt 0.0000000 1.0000000
vt 0.0000000 1.0000000
vt 0.0000000 1.0000000
vt 0.0000000 1.0000000
vt 0.0000000 1.0000000
vt 0.0000000 1.0000000
usemtl mat1
f 1680/6887 1681/6888 1682/6889 1683/6890
f 1684/6891 1685/6892 1686/6893 1687/6894
f 1688/6895 1689/6896 1690/6897 1691/6898
f 1692/6899 1693/6900 1694/6901 1695/6902
f 1695/6903 1680/6904 1683/6905 1684/6906 1687/6907 1688/6908 1691/6909 1692/6910
f 1681/6911 1694/6912 1693/6913 1690/6914 1689/6915 1686/6916 1685/6917 1682/6918
f 1680/6919 1695/6920 1694/6921 1681/6922
f 1682/6923 1685/6924 1684/6925 1683/6926
f 1686/6927 1689/6928 1688/6929 1687/6930
f 1690/6931 1693/6932 1692/6933 1691/6934
o Wing_Brace_R
v -0.0574664 -0.0984255 -0.3084910
v -0.6610370 0.1642050 -0.3084910
v -0.6610370 0.1642050 -0.3533330
v -0.0574664 -0.0984255 -0.3533330
v -0.0603633 -0.1050830 -0.3060050
v -0.6639340 0.1575470 -0.3060050
v -0.6620280 0.1619260 -0.3060050
v -0.0584581 -0.1007050 -0.3060050
v -0.0613550 -0.1073620 -0.3533330
v -0.6649250 0.1552680 -0.3533330
v -0.6649250 0.1552680 -0.3084910
v -0.0613550 -0.1073620 -0.3084910
v -0.0584581 -0.1007050 -0.3558190
v -0.6620280 0.1619260 -0.3558190
v -0.6639340 0.1575470 -0.3558190
v -0.0603633 -0.1050830 -0.3558190
vt 0.0000000 1.0000000
vt 0.0000000 1.0000000
vt 0.0000000 1.0000000
vt 0.0000000 1.0000000
vt 0.0000000 1.0000000
vt 0.0000000 1.0000000
vt 0.0000000 1.0000000
vt 0.0000000 1.0000000
vt 0.0000000 1.0000000
vt 0.0000000 1.0000000
vt 0.0000000 1.0000000
vt 0.0000000 1.0000000
vt 0.0000000 1.0000000
vt 0.0000000 1.0000000
vt 0.0000000 1.0000000
vt 0.0000000 1.0000000
vt 0.0000000 1.0000000
vt 0.0000000 1.0000000
vt 0.0000000 1.0000000
vt 0.0000000 1.0000000
vt 0.0000000 1.0000000
vt 0.0000000 1.0000000
vt 0.0000000 1.0000000
vt 0.0000000 1.0000000
vt 0.0000000 1.0000000
vt 0.0000000 1.0000000
vt 0.0000000 1.0000000
vt 0.0000000 1.0000000
vt 0.0000000 1.0000000
vt 0.0000000 1.0000000
vt 0.0000000 1.0000000
vt 0.0000000 1.0000000
vt 0.0000000 1.0000000
vt 0.0000000 1.0000000
vt 0.0000000 1.0000000
vt 0.0000000 1.0000000
vt 0.0000000 1.0000000
vt 0.0000000 1.0000000
vt 0.0000000 1.0000000
vt 0.0000000 1.0000000
vt 0.0000000 1.0000000
vt 0.0000000 1.0000000
vt 0.0000000 1.0000000
vt 0.0000000 1.0000000
vt 0.0000000 1.0000000
vt 0.0000000 1.0000000
vt 0.0000000 1.0000000
vt 0.0000000 1.0000000
usemtl mat1
f 1696/6935 1697/6936 1698/6937 1699/6938
f 1700/6939 1701/6940 1702/6941 1703/6942
f 1704/6943 1705/6944 1706/6945 1707/6946
f 1708/6947 1709/6948 1710/6949 1711/6950
f 1711/6951 1704/6952 1707/6953 1700/6954 1703/6955 1696/6956 1699/6957 1708/6958
f 1697/6959 1702/6960 1701/6961 1706/6962 1705/6963 1710/6964 1709/6965 1698/6966
f 1698/6967 1709/6968 1708/6969 1699/6970
f 1696/6971 1703/6972 1702/6973 1697/6974
f 1700/6975 1707/6976 1706/6977 1701/6978
f 1704/6979 1711/6980 1710/6981 1705/6982
o HStab
v -0.0190500 0.0579271 0.6692900
v -0.0190500 0.0570764 0.6661100
v 0.0000000 0.0570764 0.6661100
v 0.0000000 0.0579271 0.6692900
v -0.0190500 0.0547521 0.6637900
v 0.0000000 0.0547521 0.6637900
v -0.0190500 0.0515771 0.6629400
v 0.0000000 0.0515771 0.6629400
v -0.0190500 0.0484021 0.6637900
v 0.0000000 0.0484021 0.6637900
v -0.0190500 0.0460779 0.6661100
v 0.0000000 0.0460779 0.6661100
v -0.0190500 0.0452271 0.6692900
v 0.0000000 0.0452271 0.6692900
v -0.4592310 0.0570764 0.7669400
v -0.4592700 0.0570764 0.7766000
v -0.4611570 0.0547521 0.7779500
v -0.4610820 0.0547521 0.7655400
v -0.0254000 0.0579271 0.6692900
v -0.0254000 0.0570764 0.6661100
v -0.0190500 0.0579271 0.8280400
v -0.0254000 0.0579271 0.8280400
v -0.0254000 0.0460779 0.6661100
v -0.0254000 0.0452271 0.6692900
v -0.0254000 0.0484021 0.6637900
v -0.0254000 0.0515771 0.6629400
v -0.0254000 0.0547521 0.6637900
v -0.0381000 0.0579271 0.6692900
v -0.0381000 0.0570764 0.6661100
v -0.0381000 0.0579271 0.8280400
v -0.0381000 0.0460779 0.6661100
v -0.0381000 0.0452271 0.6692900
v -0.0381000 0.0484021 0.6637900
v -0.0381000 0.0515771 0.6629400
v -0.0381000 0.0547521 0.6637900
v -0.0571500 0.0579271 0.6692900
v -0.0571500 0.0570764 0.6661100
v -0.0571500 0.0579271 0.8280400
v -0.0571500 0.0460779 0.6661100
v -0.0571500 0.0452271 0.6692900
v -0.0571500 0.0484021 0.6637900
v -0.0571500 0.0515771 0.6629400
v -0.0571500 0.0547521 0.6637900
v -0.0762000 0.0579271 0.6692900
v -0.0762000 0.0570764 0.6661100
v -0.0762000 0.0579271 0.8280400
v -0.0762000 0.0460779 0.6661100
v -0.0762000 0.0452271 0.6692900
v -0.0762000 0.0484021 0.6637900
v -0.0762000 0.0515771 0.6629400
v -0.0762000 0.0547521 0.6637900
v -0.1016000 0.0579271 0.6692900
v -0.1016000 0.0570764 0.6661100
v -0.1016000 0.0579271 0.8280400
v -0.1016000 0.0460779 0.6661100
v -0.1016000 0.0452271 0.6692900
v -0.1016000 0.0484021 0.6637900
v -0.1016000 0.0515771 0.6629400
v -0.1016000 0.0547521 0.6637900
v -0.1397000 0.0579271 0.6699300
v -0.1397000 0.0570764 0.6667500
v -0.1397000 0.0579271 0.8280400
v -0.1397000 0.0460779 0.6667500
v -0.1397000 0.0452271 0.6699300
v -0.1397000 0.0484021 0.6644300
v -0.1397000 0.0515771 0.6635800
v -0.1397000 0.0547521 0.6644300
v -0.1778000 0.0579271 0.6716300
v -0.1778000 0.0570764 0.6684600
v -0.1778000 0.0579271 0.8280400
v -0.1778000 0.0460779 0.6684600
v -0.1778000 0.0452271 0.6716300
v -0.1778000 0.0484021 0.6661400
v -0.1778000 0.0515771 0.6652800
v -0.1778000 0.0547521 0.6661400
v -0.2289950 0.0579271 0.6749700
v -0.2289950 0.0570764 0.6718000
v -0.2289950 0.0579271 0.8280400
v -0.2289950 0.0460779 0.6718000
v -0.2289950 0.0452271 0.6749700
v -0.2289950 0.0484021 0.6694700
v -0.2289950 0.0515771 0.6686200
v -0.2289950 0.0547521 0.6694700
v -0.2801910 0.0579271 0.6800200
v -0.2801910 0.0570764 0.6768400
v -0.2801910 0.0579271 0.8280400
v -0.2801910 0.0460779 0.6768400
v -0.2801910 0.0452271 0.6800200
v -0.2801910 0.0484021 0.6745200
v -0.2801910 0.0515771 0.6736700
v -0.2801910 0.0547521 0.6745200
v -0.3313860 0.0579271 0.6880500
v -0.3313860 0.0570764 0.6848700
v -0.3313860 0.0579271 0.8280400
v -0.3313860 0.0460779 0.6848700
v -0.3313860 0.0452271 0.6880500
v -0.3313860 0.0484021 0.6825500
v -0.3313860 0.0515771 0.6817000
v -0.3313860 0.0547521 0.6825500
v -0.3821860 0.0579271 0.6990300
v -0.3821860 0.0570764 0.6958500
v -0.3821860 0.0579271 0.8280400
v -0.3821860 0.0460779 0.6958500
v -0.3821860 0.0452271 0.6990300
v -0.3821860 0.0484021 0.6935300
v -0.3821860 0.0515771 0.6926800
v -0.3821860 0.0547521 0.6935300
v -0.4083680 0.0579271 0.7108600
v -0.4083680 0.0570764 0.7076900
v -0.3821860 0.0579271 0.8490900
v -0.3821860 0.0570764 0.8522600
v -0.4083680 0.0570764 0.8384300
v -0.4083680 0.0579271 0.8352600
v -0.3821860 0.0547521 0.8545900
v -0.4083680 0.0547521 0.8407600
v -0.3821860 0.0515771 0.8554400
v -0.4083680 0.0515771 0.8416100
v -0.3821860 0.0484021 0.8545900
v -0.4083680 0.0484021 0.8407600
v -0.3821860 0.0460779 0.8522600
v -0.4083680 0.0460779 0.8384300
v -0.3821860 0.0452271 0.8490900
v -0.4083680 0.0452271 0.8352600
v -0.3821860 0.0452271 0.8280400
v -0.4083680 0.0460779 0.7076900
v -0.4083680 0.0452271 0.7108600
v -0.4083680 0.0484021 0.7053600
v -0.4083680 0.0515771 0.7045100
v -0.4083680 0.0547521 0.7053600
v -0.4337680 0.0579271 0.7285500
v -0.4337680 0.0570764 0.7253800
v -0.4337680 0.0579271 0.8169600
v -0.4337680 0.0570764 0.8201400
v -0.4337680 0.0547521 0.8224600
v -0.4337680 0.0515771 0.8233100
v -0.4337680 0.0484021 0.8224600
v -0.4337680 0.0460779 0.8201400
v -0.4337680 0.0452271 0.8169600
v -0.4337680 0.0452271 0.7285500
v -0.4337680 0.0460779 0.7253800
v -0.4337680 0.0484021 0.7230500
v -0.4337680 0.0515771 0.7222000
v -0.4337680 0.0547521 0.7230500
v -0.4427480 0.0579271 0.7378700
v -0.4427480 0.0570764 0.7346900
v -0.4427480 0.0579271 0.8076000
v -0.4427480 0.0570764 0.8107700
v -0.4427480 0.0547521 0.8131000
v -0.4427480 0.0515771 0.8139500
v -0.4427480 0.0484021 0.8131000
v -0.4427480 0.0460779 0.8107700
v -0.4427480 0.0452271 0.8076000
v -0.4427480 0.0452271 0.7378700
v -0.4427480 0.0460779 0.7346900
v -0.4427480 0.0484021 0.7323700
v -0.4427480 0.0515771 0.7315200
v -0.4427480 0.0547521 0.7323700
v -0.4554480 0.0579271 0.7556100
v -0.4554480 0.0570764 0.7524300
v -0.4554480 0.0579271 0.7896100
v -0.4554480 0.0570764 0.7927800
v -0.4554480 0.0547521 0.7951100
v -0.4554480 0.0515771 0.7959600
v -0.4554480 0.0484021 0.7951100
v -0.4554480 0.0460779 0.7927800
v -0.4554480 0.0452271 0.7896100
v -0.4554480 0.0452271 0.7556100
v -0.4554480 0.0460779 0.7524300
v -0.4554480 0.0484021 0.7501100
v -0.4554480 0.0515771 0.7492600
v -0.4554480 0.0547521 0.7501100
v -0.4567020 0.0579271 0.7688600
v -0.4566940 0.0579271 0.7747400
v -0.4618470 0.0515771 0.7784500
v -0.4611570 0.0484021 0.7779500
v -0.4592700 0.0460779 0.7766000
v -0.4566940 0.0452271 0.7747400
v -0.4567020 0.0452271 0.7688600
v -0.4592310 0.0460779 0.7669400
v -0.4610820 0.0484021 0.7655400
v -0.4617590 0.0515771 0.7650200
v 0.0190500 0.0570764 0.6661100
v 0.0190500 0.0579271 0.6692900
v 0.0190500 0.0547521 0.6637900
v 0.0190500 0.0515771 0.6629400
v 0.0190500 0.0484021 0.6637900
v 0.0190500 0.0460779 0.6661100
v 0.0190500 0.0452271 0.6692900
v 0.0190500 0.0579271 0.8280400
v 0.0000000 0.0579271 0.8280400
v 0.0000000 0.0452271 0.8280400
v 0.0190500 0.0452271 0.8280400
v 0.4610820 0.0547521 0.7655400
v 0.4611570 0.0547521 0.7779500
v 0.4592700 0.0570764 0.7766000
v 0.4592310 0.0570764 0.7669400
v 0.0254000 0.0570764 0.6661100
v 0.0254000 0.0579271 0.6692900
v 0.0254000 0.0579271 0.8280400
v 0.0254000 0.0452271 0.6692900
v 0.0254000 0.0460779 0.6661100
v 0.0254000 0.0484021 0.6637900
v 0.0254000 0.0515771 0.6629400
v 0.0254000 0.0547521 0.6637900
v 0.0381000 0.0570764 0.6661100
v 0.0381000 0.0579271 0.6692900
v 0.0381000 0.0579271 0.8280400
v 0.0381000 0.0452271 0.6692900
v 0.0381000 0.0460779 0.6661100
v 0.0381000 0.0484021 0.6637900
v 0.0381000 0.0515771 0.6629400
v 0.0381000 0.0547521 0.6637900
v 0.0571500 0.0570764 0.6661100
v 0.0571500 0.0579271 0.6692900
v 0.0571500 0.0579271 0.8280400
v 0.0571500 0.0452271 0.6692900
v 0.0571500 0.0460779 0.6661100
v 0.0571500 0.0484021 0.6637900
v 0.0571500 0.0515771 0.6629400
v 0.0571500 0.0547521 0.6637900
v 0.0762000 0.0570764 0.6661100
v 0.0762000 0.0579271 0.6692900
v 0.0762000 0.0579271 0.8280400
v 0.0762000 0.0452271 0.6692900
v 0.0762000 0.0460779 0.6661100
v 0.0762000 0.0484021 0.6637900
v 0.0762000 0.0515771 0.6629400
v 0.0762000 0.0547521 0.6637900
v 0.1016000 0.0570764 0.6661100
v 0.1016000 0.0579271 0.6692900
v 0.1016000 0.0579271 0.8280400
v 0.1016000 0.0452271 0.6692900
v 0.1016000 0.0460779 0.6661100
v 0.1016000 0.0484021 0.6637900
v 0.1016000 0.0515771 0.6629400
v 0.1016000 0.0547521 0.6637900
v 0.1397000 0.0570764 0.6667500
v 0.1397000 0.0579271 0.6699300
v 0.1397000 0.0579271 0.8280400
v 0.1397000 0.0452271 0.6699300
v 0.1397000 0.0460779 0.6667500
v 0.1397000 0.0484021 0.6644300
v 0.1397000 0.0515771 0.6635800
v 0.1397000 0.0547521 0.6644300
v 0.1778000 0.0570764 0.6684600
v 0.1778000 0.0579271 0.6716300
v 0.1778000 0.0579271 0.8280400
v 0.1778000 0.0452271 0.6716300
v 0.1778000 0.0460779 0.6684600
v 0.1778000 0.0484021 0.6661400
v 0.1778000 0.0515771 0.6652800
v 0.1778000 0.0547521 0.6661400
v 0.2289950 0.0570764 0.6718000
v 0.2289950 0.0579271 0.6749700
v 0.2289950 0.0579271 0.8280400
v 0.2289950 0.0452271 0.6749700
v 0.2289950 0.0460779 0.6718000
v 0.2289950 0.0484021 0.6694700
v 0.2289950 0.0515771 0.6686200
v 0.2289950 0.0547521 0.6694700
v 0.2801910 0.0570764 0.6768400
v 0.2801910 0.0579271 0.6800200
v 0.2801910 0.0579271 0.8280400
v 0.2801910 0.0452271 0.6800200
v 0.2801910 0.0460779 0.6768400
v 0.2801910 0.0484021 0.6745200
v 0.2801910 0.0515771 0.6736700
v 0.2801910 0.0547521 0.6745200
v 0.3313860 0.0570764 0.6848700
v 0.3313860 0.0579271 0.6880500
v 0.3313860 0.0579271 0.8280400
v 0.3313860 0.0452271 0.6880500
v 0.3313860 0.0460779 0.6848700
v 0.3313860 0.0484021 0.6825500
v 0.3313860 0.0515771 0.6817000
v 0.3313860 0.0547521 0.6825500
v 0.3821860 0.0570764 0.6958500
v 0.3821860 0.0579271 0.6990300
v 0.3821860 0.0579271 0.8280400
v 0.3821860 0.0452271 0.6990300
v 0.3821860 0.0460779 0.6958500
v 0.3821860 0.0484021 0.6935300
v 0.3821860 0.0515771 0.6926800
v 0.3821860 0.0547521 0.6935300
v 0.4083680 0.0570764 0.7076900
v 0.4083680 0.0579271 0.7108600
v 0.4083680 0.0579271 0.8352600
v 0.4083680 0.0570764 0.8384300
v 0.3821860 0.0570764 0.8522600
v 0.3821860 0.0579271 0.8490900
v 0.4083680 0.0547521 0.8407600
v 0.3821860 0.0547521 0.8545900
v 0.4083680 0.0515771 0.8416100
v 0.3821860 0.0515771 0.8554400
v 0.4083680 0.0484021 0.8407600
v 0.3821860 0.0484021 0.8545900
v 0.4083680 0.0460779 0.8384300
v 0.3821860 0.0460779 0.8522600
v 0.4083680 0.0452271 0.8352600
v 0.3821860 0.0452271 0.8490900
v 0.3821860 0.0452271 0.8280400
v 0.4083680 0.0452271 0.7108600
v 0.4083680 0.0460779 0.7076900
v 0.4083680 0.0484021 0.7053600
v 0.4083680 0.0515771 0.7045100
v 0.4083680 0.0547521 0.7053600
v 0.4337680 0.0570764 0.7253800
v 0.4337680 0.0579271 0.7285500
v 0.4337680 0.0579271 0.8169600
v 0.4337680 0.0570764 0.8201400
v 0.4337680 0.0547521 0.8224600
v 0.4337680 0.0515771 0.8233100
v 0.4337680 0.0484021 0.8224600
v 0.4337680 0.0460779 0.8201400
v 0.4337680 0.0452271 0.8169600
v 0.4337680 0.0452271 0.7285500
v 0.4337680 0.0460779 0.7253800
v 0.4337680 0.0484021 0.7230500
v 0.4337680 0.0515771 0.7222000
v 0.4337680 0.0547521 0.7230500
v 0.4427480 0.0570764 0.7346900
v 0.4427480 0.0579271 0.7378700
v 0.4427480 0.0579271 0.8076000
v 0.4427480 0.0570764 0.8107700
v 0.4427480 0.0547521 0.8131000
v 0.4427480 0.0515771 0.8139500
v 0.4427480 0.0484021 0.8131000
v 0.4427480 0.0460779 0.8107700
v 0.4427480 0.0452271 0.8076000
v 0.4427480 0.0452271 0.7378700
v 0.4427480 0.0460779 0.7346900
v 0.4427480 0.0484021 0.7323700
v 0.4427480 0.0515771 0.7315200
v 0.4427480 0.0547521 0.7323700
v 0.4554480 0.0570764 0.7524300
v 0.4554480 0.0579271 0.7556100
v 0.4554480 0.0579271 0.7896100
v 0.4554480 0.0570764 0.7927800
v 0.4554480 0.0547521 0.7951100
v 0.4554480 0.0515771 0.7959600
v 0.4554480 0.0484021 0.7951100
v 0.4554480 0.0460779 0.7927800
v 0.4554480 0.0452271 0.7896100
v 0.4554480 0.0452271 0.7556100
v 0.4554480 0.0460779 0.7524300
v 0.4554480 0.0484021 0.7501100
v 0.4554480 0.0515771 0.7492600
v 0.4554480 0.0547521 0.7501100
v 0.4567020 0.0579271 0.7688600
v 0.4566940 0.0579271 0.7747400
v 0.4618470 0.0515771 0.7784500
v 0.4611570 0.0484021 0.7779500
v 0.4592700 0.0460779 0.7766000
v 0.4566940 0.0452271 0.7747400
v 0.4567020 0.0452271 0.7688600
v 0.4592310 0.0460779 0.7669400
v 0.4610820 0.0484021 0.7655400
v 0.4617590 0.0515771 0.7650200
v -0.0190500 0.0452271 0.8280400
v -0.0254000 0.0452271 0.8280400
v -0.0381000 0.0452271 0.8280400
v -0.0571500 0.0452271 0.8280400
v -0.0762000 0.0452271 0.8280400
v -0.1016000 0.0452271 0.8280400
v -0.1397000 0.0452271 0.8280400
v -0.1778000 0.0452271 0.8280400
v -0.2289950 0.0452271 0.8280400
v -0.2801910 0.0452271 0.8280400
v -0.3313860 0.0452271 0.8280400
v 0.0254000 0.0452271 0.8280400
v 0.0381000 0.0452271 0.8280400
v 0.0571500 0.0452271 0.8280400
v 0.0762000 0.0452271 0.8280400
v 0.1016000 0.0452271 0.8280400
v 0.1397000 0.0452271 0.8280400
v 0.1778000 0.0452271 0.8280400
v 0.2289950 0.0452271 0.8280400
v 0.2801910 0.0452271 0.8280400
v 0.3313860 0.0452271 0.8280400
vt 0.7441040 0.0770410
vt 0.7426270 0.0770410
vt 0.7426270 0.0587580
vt 0.7441040 0.0587580
vt 0.7426270 0.0770410
vt 0.7415500 0.0770410
vt 0.7415500 0.0587580
vt 0.7426270 0.0587580
vt 0.7415500 0.0770410
vt 0.7411550 0.0770410
vt 0.7411550 0.0587580
vt 0.7415500 0.0587580
vt 0.7411550 0.0770410
vt 0.7415500 0.0770410
vt 0.7415500 0.0587580
vt 0.7411550 0.0587580
vt 0.7415500 0.0770410
vt 0.7426270 0.0770410
vt 0.7426270 0.0587580
vt 0.7415500 0.0587580
vt 0.7426270 0.0770410
vt 0.7441040 0.0770410
vt 0.7441040 0.0587580
vt 0.7426270 0.0587580
vt 0.7894560 0.4995000
vt 0.7939430 0.4995370
vt 0.7945700 0.5013480
vt 0.7888060 0.5012770
vt 0.7426270 0.0770410
vt 0.7441040 0.0770410
vt 0.7441040 0.0831350
vt 0.7426270 0.0831350
vt 0.7441040 0.0770410
vt 0.8178330 0.0770410
vt 0.8178330 0.0831350
vt 0.7441040 0.0831350
vt 0.7441040 0.0770410
vt 0.7426270 0.0770410
vt 0.7426270 0.0831350
vt 0.7441040 0.0831350
vt 0.7426270 0.0770410
vt 0.7415500 0.0770410
vt 0.7415500 0.0831350
vt 0.7426270 0.0831350
vt 0.7415500 0.0770410
vt 0.7411550 0.0770410
vt 0.7411550 0.0831350
vt 0.7415500 0.0831350
vt 0.7411550 0.0770410
vt 0.7415500 0.0770410
vt 0.7415500 0.0831350
vt 0.7411550 0.0831350
vt 0.7415500 0.0770410
vt 0.7426270 0.0770410
vt 0.7426270 0.0831350
vt 0.7415500 0.0831350
vt 0.7426270 0.0831350
vt 0.7441040 0.0831350
vt 0.7441040 0.0953240
vt 0.7426270 0.0953240
vt 0.7441040 0.0831350
vt 0.8178330 0.0831350
vt 0.8178330 0.0953240
vt 0.7441040 0.0953240
vt 0.7441040 0.0831350
vt 0.7426270 0.0831350
vt 0.7426270 0.0953240
vt 0.7441040 0.0953240
vt 0.7426270 0.0831350
vt 0.7415500 0.0831350
vt 0.7415500 0.0953240
vt 0.7426270 0.0953240
vt 0.7415500 0.0831350
vt 0.7411550 0.0831350
vt 0.7411550 0.0953240
vt 0.7415500 0.0953240
vt 0.7411550 0.0831350
vt 0.7415500 0.0831350
vt 0.7415500 0.0953240
vt 0.7411550 0.0953240
vt 0.7415500 0.0831350
vt 0.7426270 0.0831350
vt 0.7426270 0.0953240
vt 0.7415500 0.0953240
vt 0.7426270 0.0953240
vt 0.7441040 0.0953240
vt 0.7441040 0.1136070
vt 0.7426270 0.1136070
vt 0.7441040 0.0953240
vt 0.8178330 0.0953240
vt 0.8178330 0.1136070
vt 0.7441040 0.1136070
vt 0.7441040 0.0953240
vt 0.7426270 0.0953240
vt 0.7426270 0.1136070
vt 0.7441040 0.1136070
vt 0.7426270 0.0953240
vt 0.7415500 0.0953240
vt 0.7415500 0.1136070
vt 0.7426270 0.1136070
vt 0.7415500 0.0953240
vt 0.7411550 0.0953240
vt 0.7411550 0.1136070
vt 0.7415500 0.1136070
vt 0.7411550 0.0953240
vt 0.7415500 0.0953240
vt 0.7415500 0.1136070
vt 0.7411550 0.1136070
vt 0.7415500 0.0953240
vt 0.7426270 0.0953240
vt 0.7426270 0.1136070
vt 0.7415500 0.1136070
vt 0.7426270 0.1136070
vt 0.7441040 0.1136070
vt 0.7441040 0.1318900
vt 0.7426270 0.1318900
vt 0.7441040 0.1136070
vt 0.8178330 0.1136070
vt 0.8178330 0.1318900
vt 0.7441040 0.1318900
vt 0.7441040 0.1136070
vt 0.7426270 0.1136070
vt 0.7426270 0.1318900
vt 0.7441040 0.1318900
vt 0.7426270 0.1136070
vt 0.7415500 0.1136070
vt 0.7415500 0.1318900
vt 0.7426270 0.1318900
vt 0.7415500 0.1136070
vt 0.7411550 0.1136070
vt 0.7411550 0.1318900
vt 0.7415500 0.1318900
vt 0.7411550 0.1136070
vt 0.7415500 0.1136070
vt 0.7415500 0.1318900
vt 0.7411550 0.1318900
vt 0.7415500 0.1136070
vt 0.7426270 0.1136070
vt 0.7426270 0.1318900
vt 0.7415500 0.1318900
vt 0.7426270 0.1318900
vt 0.7441040 0.1318900
vt 0.7441040 0.1562670
vt 0.7426270 0.1562670
vt 0.7441040 0.1318900
vt 0.8178330 0.1318900
vt 0.8178330 0.1562670
vt 0.7441040 0.1562670
vt 0.7441040 0.1318900
vt 0.7426270 0.1318900
vt 0.7426270 0.1562670
vt 0.7441040 0.1562670
vt 0.7426270 0.1318900
vt 0.7415500 0.1318900
vt 0.7415500 0.1562670
vt 0.7426270 0.1562670
vt 0.7415500 0.1318900
vt 0.7411550 0.1318900
vt 0.7411550 0.1562670
vt 0.7415500 0.1562670
vt 0.7411550 0.1318900
vt 0.7415500 0.1318900
vt 0.7415500 0.1562670
vt 0.7411550 0.1562670
vt 0.7415500 0.1318900
vt 0.7426270 0.1318900
vt 0.7426270 0.1562670
vt 0.7415500 0.1562670
vt 0.7426270 0.1562670
vt 0.7441040 0.1562670
vt 0.7444010 0.1928330
vt 0.7429240 0.1928330
vt 0.7441040 0.1562670
vt 0.8178330 0.1562670
vt 0.8178330 0.1928330
vt 0.7444010 0.1928330
vt 0.7441040 0.1562670
vt 0.7426270 0.1562670
vt 0.7429240 0.1928330
vt 0.7444010 0.1928330
vt 0.7426270 0.1562670
vt 0.7415500 0.1562670
vt 0.7418470 0.1928330
vt 0.7429240 0.1928330
vt 0.7415500 0.1562670
vt 0.7411550 0.1562670
vt 0.7414520 0.1928330
vt 0.7418470 0.1928330
vt 0.7411550 0.1562670
vt 0.7415500 0.1562670
vt 0.7418470 0.1928330
vt 0.7414520 0.1928330
vt 0.7415500 0.1562670
vt 0.7426270 0.1562670
vt 0.7429240 0.1928330
vt 0.7418470 0.1928330
vt 0.7429240 0.1928330
vt 0.7444010 0.1928330
vt 0.7451910 0.2294000
vt 0.7437180 0.2294000
vt 0.7444010 0.1928330
vt 0.8178330 0.1928330
vt 0.8178330 0.2294000
vt 0.7451910 0.2294000
vt 0.7444010 0.1928330
vt 0.7429240 0.1928330
vt 0.7437180 0.2294000
vt 0.7451910 0.2294000
vt 0.7429240 0.1928330
vt 0.7418470 0.1928330
vt 0.7426410 0.2294000
vt 0.7437180 0.2294000
vt 0.7418470 0.1928330
vt 0.7414520 0.1928330
vt 0.7422420 0.2294000
vt 0.7426410 0.2294000
vt 0.7414520 0.1928330
vt 0.7418470 0.1928330
vt 0.7426410 0.2294000
vt 0.7422420 0.2294000
vt 0.7418470 0.1928330
vt 0.7429240 0.1928330
vt 0.7437180 0.2294000
vt 0.7426410 0.2294000
vt 0.7437180 0.2294000
vt 0.7451910 0.2294000
vt 0.7467420 0.2785330
vt 0.7452700 0.2785330
vt 0.7451910 0.2294000
vt 0.8178330 0.2294000
vt 0.8178330 0.2785330
vt 0.7467420 0.2785330
vt 0.7451910 0.2294000
vt 0.7437180 0.2294000
vt 0.7452700 0.2785330
vt 0.7467420 0.2785330
vt 0.7437180 0.2294000
vt 0.7426410 0.2294000
vt 0.7441880 0.2785330
vt 0.7452700 0.2785330
vt 0.7426410 0.2294000
vt 0.7422420 0.2294000
vt 0.7437930 0.2785330
vt 0.7441880 0.2785330
vt 0.7422420 0.2294000
vt 0.7426410 0.2294000
vt 0.7441880 0.2785330
vt 0.7437930 0.2785330
vt 0.7426410 0.2294000
vt 0.7437180 0.2294000
vt 0.7452700 0.2785330
vt 0.7441880 0.2785330
vt 0.7452700 0.2785330
vt 0.7467420 0.2785330
vt 0.7490870 0.3276680
vt 0.7476110 0.3276680
vt 0.7467420 0.2785330
vt 0.8178330 0.2785330
vt 0.8178330 0.3276680
vt 0.7490870 0.3276680
vt 0.7467420 0.2785330
vt 0.7452700 0.2785330
vt 0.7476110 0.3276680
vt 0.7490870 0.3276680
vt 0.7452700 0.2785330
vt 0.7441880 0.2785330
vt 0.7465330 0.3276680
vt 0.7476110 0.3276680
vt 0.7441880 0.2785330
vt 0.7437930 0.2785330
vt 0.7461380 0.3276680
vt 0.7465330 0.3276680
vt 0.7437930 0.2785330
vt 0.7441880 0.2785330
vt 0.7465330 0.3276680
vt 0.7461380 0.3276680
vt 0.7441880 0.2785330
vt 0.7452700 0.2785330
vt 0.7476110 0.3276680
vt 0.7465330 0.3276680
vt 0.7476110 0.3276680
vt 0.7490870 0.3276680
vt 0.7528170 0.3768020
vt 0.7513400 0.3768020
vt 0.7490870 0.3276680
vt 0.8178330 0.3276680
vt 0.8178330 0.3768020
vt 0.7528170 0.3768020
vt 0.7490870 0.3276680
vt 0.7476110 0.3276680
vt 0.7513400 0.3768020
vt 0.7528170 0.3768020
vt 0.7476110 0.3276680
vt 0.7465330 0.3276680
vt 0.7502620 0.3768020
vt 0.7513400 0.3768020
vt 0.7465330 0.3276680
vt 0.7461380 0.3276680
vt 0.7498680 0.3768020
vt 0.7502620 0.3768020
vt 0.7461380 0.3276680
vt 0.7465330 0.3276680
vt 0.7502620 0.3768020
vt 0.7498680 0.3768020
vt 0.7465330 0.3276680
vt 0.7476110 0.3276680
vt 0.7513400 0.3768020
vt 0.7502620 0.3768020
vt 0.7513400 0.3768020
vt 0.7528170 0.3768020
vt 0.7579160 0.4255570
vt 0.7564390 0.4255570
vt 0.7528170 0.3768020
vt 0.8178330 0.3768020
vt 0.8178330 0.4255570
vt 0.7579160 0.4255570
vt 0.7528170 0.3768020
vt 0.7513400 0.3768020
vt 0.7564390 0.4255570
vt 0.7579160 0.4255570
vt 0.7513400 0.3768020
vt 0.7502620 0.3768020
vt 0.7553620 0.4255570
vt 0.7564390 0.4255570
vt 0.7502620 0.3768020
vt 0.7498680 0.3768020
vt 0.7549670 0.4255570
vt 0.7553620 0.4255570
vt 0.7498680 0.3768020
vt 0.7502620 0.3768020
vt 0.7553620 0.4255570
vt 0.7549670 0.4255570
vt 0.7502620 0.3768020
vt 0.7513400 0.3768020
vt 0.7564390 0.4255570
vt 0.7553620 0.4255570
vt 0.7564390 0.4255570
vt 0.7579160 0.4255570
vt 0.7634110 0.4506850
vt 0.7619380 0.4506850
vt 0.7579160 0.4255570
vt 0.8178330 0.4255570
vt 0.7634110 0.4506850
vt 0.8276100 0.4255570
vt 0.8290820 0.4255570
vt 0.8226590 0.4506850
vt 0.8211870 0.4506850
vt 0.8290820 0.4255570
vt 0.8301640 0.4255570
vt 0.8237410 0.4506850
vt 0.8226590 0.4506850
vt 0.8301640 0.4255570
vt 0.8305590 0.4255570
vt 0.8241360 0.4506850
vt 0.8237410 0.4506850
vt 0.8305590 0.4255570
vt 0.8301640 0.4255570
vt 0.8237410 0.4506850
vt 0.8241360 0.4506850
vt 0.8301640 0.4255570
vt 0.8290820 0.4255570
vt 0.8226590 0.4506850
vt 0.8237410 0.4506850
vt 0.8290820 0.4255570
vt 0.8276100 0.4255570
vt 0.8211870 0.4506850
vt 0.8226590 0.4506850
vt 0.8276100 0.4255570
vt 0.8178330 0.4255570
vt 0.8211870 0.4506850
vt 0.7579160 0.4255570
vt 0.7564390 0.4255570
vt 0.7619380 0.4506850
vt 0.7634110 0.4506850
vt 0.7564390 0.4255570
vt 0.7553620 0.4255570
vt 0.7608560 0.4506850
vt 0.7619380 0.4506850
vt 0.7553620 0.4255570
vt 0.7549670 0.4255570
vt 0.7604620 0.4506850
vt 0.7608560 0.4506850
vt 0.7549670 0.4255570
vt 0.7553620 0.4255570
vt 0.7608560 0.4506850
vt 0.7604620 0.4506850
vt 0.7553620 0.4255570
vt 0.7564390 0.4255570
vt 0.7619380 0.4506850
vt 0.7608560 0.4506850
vt 0.7619380 0.4506850
vt 0.7634110 0.4506850
vt 0.7716270 0.4750620
vt 0.7701540 0.4750620
vt 0.7634110 0.4506850
vt 0.8211870 0.4506850
vt 0.8126880 0.4750620
vt 0.7716270 0.4750620
vt 0.8211870 0.4506850
vt 0.8226590 0.4506850
vt 0.8141640 0.4750620
vt 0.8126880 0.4750620
vt 0.8226590 0.4506850
vt 0.8237410 0.4506850
vt 0.8152420 0.4750620
vt 0.8141640 0.4750620
vt 0.8237410 0.4506850
vt 0.8241360 0.4506850
vt 0.8156370 0.4750620
vt 0.8152420 0.4750620
vt 0.8241360 0.4506850
vt 0.8237410 0.4506850
vt 0.8152420 0.4750620
vt 0.8156370 0.4750620
vt 0.8237410 0.4506850
vt 0.8226590 0.4506850
vt 0.8141640 0.4750620
vt 0.8152420 0.4750620
vt 0.8226590 0.4506850
vt 0.8211870 0.4506850
vt 0.8126880 0.4750620
vt 0.8141640 0.4750620
vt 0.8211870 0.4506850
vt 0.7634110 0.4506850
vt 0.7716270 0.4750620
vt 0.8126880 0.4750620
vt 0.7634110 0.4506850
vt 0.7619380 0.4506850
vt 0.7701540 0.4750620
vt 0.7716270 0.4750620
vt 0.7619380 0.4506850
vt 0.7608560 0.4506850
vt 0.7690720 0.4750620
vt 0.7701540 0.4750620
vt 0.7608560 0.4506850
vt 0.7604620 0.4506850
vt 0.7686770 0.4750620
vt 0.7690720 0.4750620
vt 0.7604620 0.4506850
vt 0.7608560 0.4506850
vt 0.7690720 0.4750620
vt 0.7686770 0.4750620
vt 0.7608560 0.4506850
vt 0.7619380 0.4506850
vt 0.7701540 0.4750620
vt 0.7690720 0.4750620
vt 0.7701540 0.4750620
vt 0.7716270 0.4750620
vt 0.7759550 0.4836810
vt 0.7744780 0.4836810
vt 0.7716270 0.4750620
vt 0.8126880 0.4750620
vt 0.8083400 0.4836810
vt 0.7759550 0.4836810
vt 0.8126880 0.4750620
vt 0.8141640 0.4750620
vt 0.8098130 0.4836810
vt 0.8083400 0.4836810
vt 0.8141640 0.4750620
vt 0.8152420 0.4750620
vt 0.8108950 0.4836810
vt 0.8098130 0.4836810
vt 0.8152420 0.4750620
vt 0.8156370 0.4750620
vt 0.8112900 0.4836810
vt 0.8108950 0.4836810
vt 0.8156370 0.4750620
vt 0.8152420 0.4750620
vt 0.8108950 0.4836810
vt 0.8112900 0.4836810
vt 0.8152420 0.4750620
vt 0.8141640 0.4750620
vt 0.8098130 0.4836810
vt 0.8108950 0.4836810
vt 0.8141640 0.4750620
vt 0.8126880 0.4750620
vt 0.8083400 0.4836810
vt 0.8098130 0.4836810
vt 0.8126880 0.4750620
vt 0.7716270 0.4750620
vt 0.7759550 0.4836810
vt 0.8083400 0.4836810
vt 0.7716270 0.4750620
vt 0.7701540 0.4750620
vt 0.7744780 0.4836810
vt 0.7759550 0.4836810
vt 0.7701540 0.4750620
vt 0.7690720 0.4750620
vt 0.7734010 0.4836810
vt 0.7744780 0.4836810
vt 0.7690720 0.4750620
vt 0.7686770 0.4750620
vt 0.7730060 0.4836810
vt 0.7734010 0.4836810
vt 0.7686770 0.4750620
vt 0.7690720 0.4750620
vt 0.7734010 0.4836810
vt 0.7730060 0.4836810
vt 0.7690720 0.4750620
vt 0.7701540 0.4750620
vt 0.7744780 0.4836810
vt 0.7734010 0.4836810
vt 0.7744780 0.4836810
vt 0.7759550 0.4836810
vt 0.7841940 0.4958690
vt 0.7827170 0.4958690
vt 0.7759550 0.4836810
vt 0.8083400 0.4836810
vt 0.7999850 0.4958690
vt 0.7841940 0.4958690
vt 0.8083400 0.4836810
vt 0.8098130 0.4836810
vt 0.8014570 0.4958690
vt 0.7999850 0.4958690
vt 0.8098130 0.4836810
vt 0.8108950 0.4836810
vt 0.8025400 0.4958690
vt 0.8014570 0.4958690
vt 0.8108950 0.4836810
vt 0.8112900 0.4836810
vt 0.8029340 0.4958690
vt 0.8025400 0.4958690
vt 0.8112900 0.4836810
vt 0.8108950 0.4836810
vt 0.8025400 0.4958690
vt 0.8029340 0.4958690
vt 0.8108950 0.4836810
vt 0.8098130 0.4836810
vt 0.8014570 0.4958690
vt 0.8025400 0.4958690
vt 0.8098130 0.4836810
vt 0.8083400 0.4836810
vt 0.7999850 0.4958690
vt 0.8014570 0.4958690
vt 0.8083400 0.4836810
vt 0.7759550 0.4836810
vt 0.7841940 0.4958690
vt 0.7999850 0.4958690
vt 0.7759550 0.4836810
vt 0.7744780 0.4836810
vt 0.7827170 0.4958690
vt 0.7841940 0.4958690
vt 0.7744780 0.4836810
vt 0.7734010 0.4836810
vt 0.7816400 0.4958690
vt 0.7827170 0.4958690
vt 0.7734010 0.4836810
vt 0.7730060 0.4836810
vt 0.7812450 0.4958690
vt 0.7816400 0.4958690
vt 0.7730060 0.4836810
vt 0.7734010 0.4836810
vt 0.7816400 0.4958690
vt 0.7812450 0.4958690
vt 0.7734010 0.4836810
vt 0.7744780 0.4836810
vt 0.7827170 0.4958690
vt 0.7816400 0.4958690
vt 0.7827170 0.4958690
vt 0.7841940 0.4958690
vt 0.7903480 0.4970730
vt 0.7894560 0.4995000
vt 0.7841940 0.4958690
vt 0.7999850 0.4958690
vt 0.7930790 0.4970650
vt 0.7903480 0.4970730
vt 0.7999850 0.4958690
vt 0.8014570 0.4958690
vt 0.7939430 0.4995370
vt 0.7930790 0.4970650
vt 0.8014570 0.4958690
vt 0.8025400 0.4958690
vt 0.7945700 0.5013480
vt 0.7939430 0.4995370
vt 0.8025400 0.4958690
vt 0.8029340 0.4958690
vt 0.7948020 0.5020110
vt 0.7945700 0.5013480
vt 0.8029340 0.4958690
vt 0.8025400 0.4958690
vt 0.7945700 0.5013480
vt 0.7948020 0.5020110
vt 0.8025400 0.4958690
vt 0.8014570 0.4958690
vt 0.7939430 0.4995370
vt 0.7945700 0.5013480
vt 0.8014570 0.4958690
vt 0.7999850 0.4958690
vt 0.7930790 0.4970650
vt 0.7939430 0.4995370
vt 0.7999850 0.4958690
vt 0.7841940 0.4958690
vt 0.7903480 0.4970730
vt 0.7930790 0.4970650
vt 0.7841940 0.4958690
vt 0.7827170 0.4958690
vt 0.7894560 0.4995000
vt 0.7903480 0.4970730
vt 0.7827170 0.4958690
vt 0.7816400 0.4958690
vt 0.7888060 0.5012770
vt 0.7894560 0.4995000
vt 0.7816400 0.4958690
vt 0.7812450 0.4958690
vt 0.7885650 0.5019260
vt 0.7888060 0.5012770
vt 0.7812450 0.4958690
vt 0.7816400 0.4958690
vt 0.7888060 0.5012770
vt 0.7885650 0.5019260
vt 0.7816400 0.4958690
vt 0.7827170 0.4958690
vt 0.7894560 0.4995000
vt 0.7888060 0.5012770
vt 0.7894560 0.4995000
vt 0.7903480 0.4970730
vt 0.7930790 0.4970650
vt 0.7939430 0.4995370
vt 0.7945700 0.5013480
vt 0.7948020 0.5020110
vt 0.7885650 0.5019260
vt 0.7888060 0.5012770
vt 0.7948020 0.5020110
vt 0.7945700 0.5013480
vt 0.7888060 0.5012770
vt 0.7885650 0.5019260
vt 0.7945700 0.5013480
vt 0.7939430 0.4995370
vt 0.7894560 0.4995000
vt 0.7888060 0.5012770
vt 0.7939430 0.4995370
vt 0.7930790 0.4970650
vt 0.7903480 0.4970730
vt 0.7894560 0.4995000
vt 0.7441050 0.0587600
vt 0.7426280 0.0587600
vt 0.7426280 0.0770430
vt 0.7441050 0.0770430
vt 0.7426280 0.0587600
vt 0.7415510 0.0587600
vt 0.7415510 0.0770430
vt 0.7426280 0.0770430
vt 0.7415510 0.0587600
vt 0.7411560 0.0587600
vt 0.7411560 0.0770430
vt 0.7415510 0.0770430
vt 0.7411560 0.0587600
vt 0.7415510 0.0587600
vt 0.7415510 0.0770430
vt 0.7411560 0.0770430
vt 0.7415510 0.0587600
vt 0.7426280 0.0587600
vt 0.7426280 0.0770430
vt 0.7415510 0.0770430
vt 0.7426280 0.0587600
vt 0.7441050 0.0587600
vt 0.7441050 0.0770430
vt 0.7426280 0.0770430
vt 0.7441050 0.0587600
vt 0.7441050 0.0770430
vt 0.8178340 0.0770430
vt 0.8178340 0.0587600
vt 0.7441050 0.0770430
vt 0.7441050 0.0587600
vt 0.8178340 0.0587600
vt 0.8178340 0.0770430
vt 0.7888070 0.5012780
vt 0.7945710 0.5013500
vt 0.7939440 0.4995390
vt 0.7894570 0.4995020
vt 0.7426280 0.0831370
vt 0.7441050 0.0831370
vt 0.7441050 0.0770430
vt 0.7426280 0.0770430
vt 0.7441050 0.0831370
vt 0.8178340 0.0831370
vt 0.8178340 0.0770430
vt 0.7441050 0.0770430
vt 0.7441050 0.0831370
vt 0.7426280 0.0831370
vt 0.7426280 0.0770430
vt 0.7441050 0.0770430
vt 0.7426280 0.0831370
vt 0.7415510 0.0831370
vt 0.7415510 0.0770430
vt 0.7426280 0.0770430
vt 0.7415510 0.0831370
vt 0.7411560 0.0831370
vt 0.7411560 0.0770430
vt 0.7415510 0.0770430
vt 0.7411560 0.0831370
vt 0.7415510 0.0831370
vt 0.7415510 0.0770430
vt 0.7411560 0.0770430
vt 0.7415510 0.0831370
vt 0.7426280 0.0831370
vt 0.7426280 0.0770430
vt 0.7415510 0.0770430
vt 0.7426280 0.0953260
vt 0.7441050 0.0953260
vt 0.7441050 0.0831370
vt 0.7426280 0.0831370
vt 0.7441050 0.0953260
vt 0.8178340 0.0953260
vt 0.8178340 0.0831370
vt 0.7441050 0.0831370
vt 0.7441050 0.0953260
vt 0.7426280 0.0953260
vt 0.7426280 0.0831370
vt 0.7441050 0.0831370
vt 0.7426280 0.0953260
vt 0.7415510 0.0953260
vt 0.7415510 0.0831370
vt 0.7426280 0.0831370
vt 0.7415510 0.0953260
vt 0.7411560 0.0953260
vt 0.7411560 0.0831370
vt 0.7415510 0.0831370
vt 0.7411560 0.0953260
vt 0.7415510 0.0953260
vt 0.7415510 0.0831370
vt 0.7411560 0.0831370
vt 0.7415510 0.0953260
vt 0.7426280 0.0953260
vt 0.7426280 0.0831370
vt 0.7415510 0.0831370
vt 0.7426280 0.1136090
vt 0.7441050 0.1136090
vt 0.7441050 0.0953260
vt 0.7426280 0.0953260
vt 0.7441050 0.1136090
vt 0.8178340 0.1136090
vt 0.8178340 0.0953260
vt 0.7441050 0.0953260
vt 0.7441050 0.1136090
vt 0.7426280 0.1136090
vt 0.7426280 0.0953260
vt 0.7441050 0.0953260
vt 0.7426280 0.1136090
vt 0.7415510 0.1136090
vt 0.7415510 0.0953260
vt 0.7426280 0.0953260
vt 0.7415510 0.1136090
vt 0.7411560 0.1136090
vt 0.7411560 0.0953260
vt 0.7415510 0.0953260
vt 0.7411560 0.1136090
vt 0.7415510 0.1136090
vt 0.7415510 0.0953260
vt 0.7411560 0.0953260
vt 0.7415510 0.1136090
vt 0.7426280 0.1136090
vt 0.7426280 0.0953260
vt 0.7415510 0.0953260
vt 0.7426280 0.1318920
vt 0.7441050 0.1318920
vt 0.7441050 0.1136090
vt 0.7426280 0.1136090
vt 0.7441050 0.1318920
vt 0.8178340 0.1318920
vt 0.8178340 0.1136090
vt 0.7441050 0.1136090
vt 0.7441050 0.1318920
vt 0.7426280 0.1318920
vt 0.7426280 0.1136090
vt 0.7441050 0.1136090
vt 0.7426280 0.1318920
vt 0.7415510 0.1318920
vt 0.7415510 0.1136090
vt 0.7426280 0.1136090
vt 0.7415510 0.1318920
vt 0.7411560 0.1318920
vt 0.7411560 0.1136090
vt 0.7415510 0.1136090
vt 0.7411560 0.1318920
vt 0.7415510 0.1318920
vt 0.7415510 0.1136090
vt 0.7411560 0.1136090
vt 0.7415510 0.1318920
vt 0.7426280 0.1318920
vt 0.7426280 0.1136090
vt 0.7415510 0.1136090
vt 0.7426280 0.1562690
vt 0.7441050 0.1562690
vt 0.7441050 0.1318920
vt 0.7426280 0.1318920
vt 0.7441050 0.1562690
vt 0.8178340 0.1562690
vt 0.8178340 0.1318920
vt 0.7441050 0.1318920
vt 0.7441050 0.1562690
vt 0.7426280 0.1562690
vt 0.7426280 0.1318920
vt 0.7441050 0.1318920
vt 0.7426280 0.1562690
vt 0.7415510 0.1562690
vt 0.7415510 0.1318920
vt 0.7426280 0.1318920
vt 0.7415510 0.1562690
vt 0.7411560 0.1562690
vt 0.7411560 0.1318920
vt 0.7415510 0.1318920
vt 0.7411560 0.1562690
vt 0.7415510 0.1562690
vt 0.7415510 0.1318920
vt 0.7411560 0.1318920
vt 0.7415510 0.1562690
vt 0.7426280 0.1562690
vt 0.7426280 0.1318920
vt 0.7415510 0.1318920
vt 0.7429250 0.1928350
vt 0.7444020 0.1928350
vt 0.7441050 0.1562690
vt 0.7426280 0.1562690
vt 0.7444020 0.1928350
vt 0.8178340 0.1928350
vt 0.8178340 0.1562690
vt 0.7441050 0.1562690
vt 0.7444020 0.1928350
vt 0.7429250 0.1928350
vt 0.7426280 0.1562690
vt 0.7441050 0.1562690
vt 0.7429250 0.1928350
vt 0.7418480 0.1928350
vt 0.7415510 0.1562690
vt 0.7426280 0.1562690
vt 0.7418480 0.1928350
vt 0.7414530 0.1928350
vt 0.7411560 0.1562690
vt 0.7415510 0.1562690
vt 0.7414530 0.1928350
vt 0.7418480 0.1928350
vt 0.7415510 0.1562690
vt 0.7411560 0.1562690
vt 0.7418480 0.1928350
vt 0.7429250 0.1928350
vt 0.7426280 0.1562690
vt 0.7415510 0.1562690
vt 0.7437200 0.2294010
vt 0.7451920 0.2294010
vt 0.7444020 0.1928350
vt 0.7429250 0.1928350
vt 0.7451920 0.2294010
vt 0.8178340 0.2294010
vt 0.8178340 0.1928350
vt 0.7444020 0.1928350
vt 0.7451920 0.2294010
vt 0.7437200 0.2294010
vt 0.7429250 0.1928350
vt 0.7444020 0.1928350
vt 0.7437200 0.2294010
vt 0.7426420 0.2294010
vt 0.7418480 0.1928350
vt 0.7429250 0.1928350
vt 0.7426420 0.2294010
vt 0.7422430 0.2294010
vt 0.7414530 0.1928350
vt 0.7418480 0.1928350
vt 0.7422430 0.2294010
vt 0.7426420 0.2294010
vt 0.7418480 0.1928350
vt 0.7414530 0.1928350
vt 0.7426420 0.2294010
vt 0.7437200 0.2294010
vt 0.7429250 0.1928350
vt 0.7418480 0.1928350
vt 0.7452710 0.2785350
vt 0.7467430 0.2785350
vt 0.7451920 0.2294010
vt 0.7437200 0.2294010
vt 0.7467430 0.2785350
vt 0.8178340 0.2785350
vt 0.8178340 0.2294010
vt 0.7451920 0.2294010
vt 0.7467430 0.2785350
vt 0.7452710 0.2785350
vt 0.7437200 0.2294010
vt 0.7451920 0.2294010
vt 0.7452710 0.2785350
vt 0.7441890 0.2785350
vt 0.7426420 0.2294010
vt 0.7437200 0.2294010
vt 0.7441890 0.2785350
vt 0.7437940 0.2785350
vt 0.7422430 0.2294010
vt 0.7426420 0.2294010
vt 0.7437940 0.2785350
vt 0.7441890 0.2785350
vt 0.7426420 0.2294010
vt 0.7422430 0.2294010
vt 0.7441890 0.2785350
vt 0.7452710 0.2785350
vt 0.7437200 0.2294010
vt 0.7426420 0.2294010
vt 0.7476120 0.3276700
vt 0.7490880 0.3276700
vt 0.7467430 0.2785350
vt 0.7452710 0.2785350
vt 0.7490880 0.3276700
vt 0.8178340 0.3276700
vt 0.8178340 0.2785350
vt 0.7467430 0.2785350
vt 0.7490880 0.3276700
vt 0.7476120 0.3276700
vt 0.7452710 0.2785350
vt 0.7467430 0.2785350
vt 0.7476120 0.3276700
vt 0.7465340 0.3276700
vt 0.7441890 0.2785350
vt 0.7452710 0.2785350
vt 0.7465340 0.3276700
vt 0.7461390 0.3276700
vt 0.7437940 0.2785350
vt 0.7441890 0.2785350
vt 0.7461390 0.3276700
vt 0.7465340 0.3276700
vt 0.7441890 0.2785350
vt 0.7437940 0.2785350
vt 0.7465340 0.3276700
vt 0.7476120 0.3276700
vt 0.7452710 0.2785350
vt 0.7441890 0.2785350
vt 0.7513410 0.3768040
vt 0.7528180 0.3768040
vt 0.7490880 0.3276700
vt 0.7476120 0.3276700
vt 0.7528180 0.3768040
vt 0.8178340 0.3768040
vt 0.8178340 0.3276700
vt 0.7490880 0.3276700
vt 0.7528180 0.3768040
vt 0.7513410 0.3768040
vt 0.7476120 0.3276700
vt 0.7490880 0.3276700
vt 0.7513410 0.3768040
vt 0.7502640 0.3768040
vt 0.7465340 0.3276700
vt 0.7476120 0.3276700
vt 0.7502640 0.3768040
vt 0.7498690 0.3768040
vt 0.7461390 0.3276700
vt 0.7465340 0.3276700
vt 0.7498690 0.3768040
vt 0.7502640 0.3768040
vt 0.7465340 0.3276700
vt 0.7461390 0.3276700
vt 0.7502640 0.3768040
vt 0.7513410 0.3768040
vt 0.7476120 0.3276700
vt 0.7465340 0.3276700
vt 0.7564410 0.4255590
vt 0.7579170 0.4255590
vt 0.7528180 0.3768040
vt 0.7513410 0.3768040
vt 0.7579170 0.4255590
vt 0.8178340 0.4255590
vt 0.8178340 0.3768040
vt 0.7528180 0.3768040
vt 0.7579170 0.4255590
vt 0.7564410 0.4255590
vt 0.7513410 0.3768040
vt 0.7528180 0.3768040
vt 0.7564410 0.4255590
vt 0.7553630 0.4255590
vt 0.7502640 0.3768040
vt 0.7513410 0.3768040
vt 0.7553630 0.4255590
vt 0.7549680 0.4255590
vt 0.7498690 0.3768040
vt 0.7502640 0.3768040
vt 0.7549680 0.4255590
vt 0.7553630 0.4255590
vt 0.7502640 0.3768040
vt 0.7498690 0.3768040
vt 0.7553630 0.4255590
vt 0.7564410 0.4255590
vt 0.7513410 0.3768040
vt 0.7502640 0.3768040
vt 0.7619390 0.4506870
vt 0.7634120 0.4506870
vt 0.7579170 0.4255590
vt 0.7564410 0.4255590
vt 0.7634120 0.4506870
vt 0.8178340 0.4255590
vt 0.7579170 0.4255590
vt 0.8211880 0.4506870
vt 0.8226600 0.4506870
vt 0.8290830 0.4255590
vt 0.8276110 0.4255590
vt 0.8226600 0.4506870
vt 0.8237420 0.4506870
vt 0.8301650 0.4255590
vt 0.8290830 0.4255590
vt 0.8237420 0.4506870
vt 0.8241370 0.4506870
vt 0.8305600 0.4255590
vt 0.8301650 0.4255590
vt 0.8241370 0.4506870
vt 0.8237420 0.4506870
vt 0.8301650 0.4255590
vt 0.8305600 0.4255590
vt 0.8237420 0.4506870
vt 0.8226600 0.4506870
vt 0.8290830 0.4255590
vt 0.8301650 0.4255590
vt 0.8226600 0.4506870
vt 0.8211880 0.4506870
vt 0.8276110 0.4255590
vt 0.8290830 0.4255590
vt 0.8211880 0.4506870
vt 0.8178340 0.4255590
vt 0.8276110 0.4255590
vt 0.7634120 0.4506870
vt 0.7619390 0.4506870
vt 0.7564410 0.4255590
vt 0.7579170 0.4255590
vt 0.7619390 0.4506870
vt 0.7608570 0.4506870
vt 0.7553630 0.4255590
vt 0.7564410 0.4255590
vt 0.7608570 0.4506870
vt 0.7604630 0.4506870
vt 0.7549680 0.4255590
vt 0.7553630 0.4255590
vt 0.7604630 0.4506870
vt 0.7608570 0.4506870
vt 0.7553630 0.4255590
vt 0.7549680 0.4255590
vt 0.7608570 0.4506870
vt 0.7619390 0.4506870
vt 0.7564410 0.4255590
vt 0.7553630 0.4255590
vt 0.7701550 0.4750640
vt 0.7716280 0.4750640
vt 0.7634120 0.4506870
vt 0.7619390 0.4506870
vt 0.7716280 0.4750640
vt 0.8126890 0.4750640
vt 0.8211880 0.4506870
vt 0.7634120 0.4506870
vt 0.8126890 0.4750640
vt 0.8141660 0.4750640
vt 0.8226600 0.4506870
vt 0.8211880 0.4506870
vt 0.8141660 0.4750640
vt 0.8152430 0.4750640
vt 0.8237420 0.4506870
vt 0.8226600 0.4506870
vt 0.8152430 0.4750640
vt 0.8156380 0.4750640
vt 0.8241370 0.4506870
vt 0.8237420 0.4506870
vt 0.8156380 0.4750640
vt 0.8152430 0.4750640
vt 0.8237420 0.4506870
vt 0.8241370 0.4506870
vt 0.8152430 0.4750640
vt 0.8141660 0.4750640
vt 0.8226600 0.4506870
vt 0.8237420 0.4506870
vt 0.8141660 0.4750640
vt 0.8126890 0.4750640
vt 0.8211880 0.4506870
vt 0.8226600 0.4506870
vt 0.8126890 0.4750640
vt 0.7716280 0.4750640
vt 0.7634120 0.4506870
vt 0.8211880 0.4506870
vt 0.7716280 0.4750640
vt 0.7701550 0.4750640
vt 0.7619390 0.4506870
vt 0.7634120 0.4506870
vt 0.7701550 0.4750640
vt 0.7690730 0.4750640
vt 0.7608570 0.4506870
vt 0.7619390 0.4506870
vt 0.7690730 0.4750640
vt 0.7686790 0.4750640
vt 0.7604630 0.4506870
vt 0.7608570 0.4506870
vt 0.7686790 0.4750640
vt 0.7690730 0.4750640
vt 0.7608570 0.4506870
vt 0.7604630 0.4506870
vt 0.7690730 0.4750640
vt 0.7701550 0.4750640
vt 0.7619390 0.4506870
vt 0.7608570 0.4506870
vt 0.7744790 0.4836830
vt 0.7759560 0.4836830
vt 0.7716280 0.4750640
vt 0.7701550 0.4750640
vt 0.7759560 0.4836830
vt 0.8083420 0.4836830
vt 0.8126890 0.4750640
vt 0.7716280 0.4750640
vt 0.8083420 0.4836830
vt 0.8098140 0.4836830
vt 0.8141660 0.4750640
vt 0.8126890 0.4750640
vt 0.8098140 0.4836830
vt 0.8108960 0.4836830
vt 0.8152430 0.4750640
vt 0.8141660 0.4750640
vt 0.8108960 0.4836830
vt 0.8112910 0.4836830
vt 0.8156380 0.4750640
vt 0.8152430 0.4750640
vt 0.8112910 0.4836830
vt 0.8108960 0.4836830
vt 0.8152430 0.4750640
vt 0.8156380 0.4750640
vt 0.8108960 0.4836830
vt 0.8098140 0.4836830
vt 0.8141660 0.4750640
vt 0.8152430 0.4750640
vt 0.8098140 0.4836830
vt 0.8083420 0.4836830
vt 0.8126890 0.4750640
vt 0.8141660 0.4750640
vt 0.8083420 0.4836830
vt 0.7759560 0.4836830
vt 0.7716280 0.4750640
vt 0.8126890 0.4750640
vt 0.7759560 0.4836830
vt 0.7744790 0.4836830
vt 0.7701550 0.4750640
vt 0.7716280 0.4750640
vt 0.7744790 0.4836830
vt 0.7734020 0.4836830
vt 0.7690730 0.4750640
vt 0.7701550 0.4750640
vt 0.7734020 0.4836830
vt 0.7730070 0.4836830
vt 0.7686790 0.4750640
vt 0.7690730 0.4750640
vt 0.7730070 0.4836830
vt 0.7734020 0.4836830
vt 0.7690730 0.4750640
vt 0.7686790 0.4750640
vt 0.7734020 0.4836830
vt 0.7744790 0.4836830
vt 0.7701550 0.4750640
vt 0.7690730 0.4750640
vt 0.7827180 0.4958710
vt 0.7841950 0.4958710
vt 0.7759560 0.4836830
vt 0.7744790 0.4836830
vt 0.7841950 0.4958710
vt 0.7999860 0.4958710
vt 0.8083420 0.4836830
vt 0.7759560 0.4836830
vt 0.7999860 0.4958710
vt 0.8014590 0.4958710
vt 0.8098140 0.4836830
vt 0.8083420 0.4836830
vt 0.8014590 0.4958710
vt 0.8025410 0.4958710
vt 0.8108960 0.4836830
vt 0.8098140 0.4836830
vt 0.8025410 0.4958710
vt 0.8029350 0.4958710
vt 0.8112910 0.4836830
vt 0.8108960 0.4836830
vt 0.8029350 0.4958710
vt 0.8025410 0.4958710
vt 0.8108960 0.4836830
vt 0.8112910 0.4836830
vt 0.8025410 0.4958710
vt 0.8014590 0.4958710
vt 0.8098140 0.4836830
vt 0.8108960 0.4836830
vt 0.8014590 0.4958710
vt 0.7999860 0.4958710
vt 0.8083420 0.4836830
vt 0.8098140 0.4836830
vt 0.7999860 0.4958710
vt 0.7841950 0.4958710
vt 0.7759560 0.4836830
vt 0.8083420 0.4836830
vt 0.7841950 0.4958710
vt 0.7827180 0.4958710
vt 0.7744790 0.4836830
vt 0.7759560 0.4836830
vt 0.7827180 0.4958710
vt 0.7816410 0.4958710
vt 0.7734020 0.4836830
vt 0.7744790 0.4836830
vt 0.7816410 0.4958710
vt 0.7812460 0.4958710
vt 0.7730070 0.4836830
vt 0.7734020 0.4836830
vt 0.7812460 0.4958710
vt 0.7816410 0.4958710
vt 0.7734020 0.4836830
vt 0.7730070 0.4836830
vt 0.7816410 0.4958710
vt 0.7827180 0.4958710
vt 0.7744790 0.4836830
vt 0.7734020 0.4836830
vt 0.7894570 0.4995020
vt 0.7903490 0.4970750
vt 0.7841950 0.4958710
vt 0.7827180 0.4958710
vt 0.7903490 0.4970750
vt 0.7930800 0.4970670
vt 0.7999860 0.4958710
vt 0.7841950 0.4958710
vt 0.7930800 0.4970670
vt 0.7939440 0.4995390
vt 0.8014590 0.4958710
vt 0.7999860 0.4958710
vt 0.7939440 0.4995390
vt 0.7945710 0.5013500
vt 0.8025410 0.4958710
vt 0.8014590 0.4958710
vt 0.7945710 0.5013500
vt 0.7948030 0.5020120
vt 0.8029350 0.4958710
vt 0.8025410 0.4958710
vt 0.7948030 0.5020120
vt 0.7945710 0.5013500
vt 0.8025410 0.4958710
vt 0.8029350 0.4958710
vt 0.7945710 0.5013500
vt 0.7939440 0.4995390
vt 0.8014590 0.4958710
vt 0.8025410 0.4958710
vt 0.7939440 0.4995390
vt 0.7930800 0.4970670
vt 0.7999860 0.4958710
vt 0.8014590 0.4958710
vt 0.7930800 0.4970670
vt 0.7903490 0.4970750
vt 0.7841950 0.4958710
vt 0.7999860 0.4958710
vt 0.7903490 0.4970750
vt 0.7894570 0.4995020
vt 0.7827180 0.4958710
vt 0.7841950 0.4958710
vt 0.7894570 0.4995020
vt 0.7888070 0.5012780
vt 0.7816410 0.4958710
vt 0.7827180 0.4958710
vt 0.7888070 0.5012780
vt 0.7885660 0.5019280
vt 0.7812460 0.4958710
vt 0.7816410 0.4958710
vt 0.7885660 0.5019280
vt 0.7888070 0.5012780
vt 0.7816410 0.4958710
vt 0.7812460 0.4958710
vt 0.7888070 0.5012780
vt 0.7894570 0.4995020
vt 0.7827180 0.4958710
vt 0.7816410 0.4958710
vt 0.7939440 0.4995390
vt 0.7930800 0.4970670
vt 0.7903490 0.4970750
vt 0.7894570 0.4995020
vt 0.7888070 0.5012780
vt 0.7885660 0.5019280
vt 0.7948030 0.5020120
vt 0.7945710 0.5013500
vt 0.7885660 0.5019280
vt 0.7888070 0.5012780
vt 0.7945710 0.5013500
vt 0.7948030 0.5020120
vt 0.7888070 0.5012780
vt 0.7894570 0.4995020
vt 0.7939440 0.4995390
vt 0.7945710 0.5013500
vt 0.7894570 0.4995020
vt 0.7903490 0.4970750
vt 0.7930800 0.4970670
vt 0.7939440 0.4995390
vt 0.8178330 0.0770410
vt 0.7441040 0.0770410
vt 0.7441040 0.0587580
vt 0.8178330 0.0587580
vt 0.8178330 0.0587580
vt 0.7441040 0.0587580
vt 0.7441040 0.0770410
vt 0.8178330 0.0770410
vt 0.8178330 0.0770410
vt 0.7441040 0.0770410
vt 0.7441040 0.0831350
vt 0.8178330 0.0831350
vt 0.8178330 0.0831350
vt 0.7441040 0.0831350
vt 0.7441040 0.0953240
vt 0.8178330 0.0953240
vt 0.8178330 0.0953240
vt 0.7441040 0.0953240
vt 0.7441040 0.1136070
vt 0.8178330 0.1136070
vt 0.8178330 0.1136070
vt 0.7441040 0.1136070
vt 0.7441040 0.1318900
vt 0.8178330 0.1318900
vt 0.8178330 0.1318900
vt 0.7441040 0.1318900
vt 0.7441040 0.1562670
vt 0.8178330 0.1562670
vt 0.8178330 0.1562670
vt 0.7441040 0.1562670
vt 0.7444010 0.1928330
vt 0.8178330 0.1928330
vt 0.8178330 0.1928330
vt 0.7444010 0.1928330
vt 0.7451910 0.2294000
vt 0.8178330 0.2294000
vt 0.8178330 0.2294000
vt 0.7451910 0.2294000
vt 0.7467420 0.2785330
vt 0.8178330 0.2785330
vt 0.8178330 0.2785330
vt 0.7467420 0.2785330
vt 0.7490870 0.3276680
vt 0.8178330 0.3276680
vt 0.8178330 0.3276680
vt 0.7490870 0.3276680
vt 0.7528170 0.3768020
vt 0.8178330 0.3768020
vt 0.8178330 0.3768020
vt 0.7528170 0.3768020
vt 0.7579160 0.4255570
vt 0.8178330 0.4255570
vt 0.8178340 0.0831370
vt 0.7441050 0.0831370
vt 0.7441050 0.0770430
vt 0.8178340 0.0770430
vt 0.8178340 0.0953260
vt 0.7441050 0.0953260
vt 0.7441050 0.0831370
vt 0.8178340 0.0831370
vt 0.8178340 0.1136090
vt 0.7441050 0.1136090
vt 0.7441050 0.0953260
vt 0.8178340 0.0953260
vt 0.8178340 0.1318920
vt 0.7441050 0.1318920
vt 0.7441050 0.1136090
vt 0.8178340 0.1136090
vt 0.8178340 0.1562690
vt 0.7441050 0.1562690
vt 0.7441050 0.1318920
vt 0.8178340 0.1318920
vt 0.8178340 0.1928350
vt 0.7444020 0.1928350
vt 0.7441050 0.1562690
vt 0.8178340 0.1562690
vt 0.8178340 0.2294010
vt 0.7451920 0.2294010
vt 0.7444020 0.1928350
vt 0.8178340 0.1928350
vt 0.8178340 0.2785350
vt 0.7467430 0.2785350
vt 0.7451920 0.2294010
vt 0.8178340 0.2294010
vt 0.8178340 0.3276700
vt 0.7490880 0.3276700
vt 0.7467430 0.2785350
vt 0.8178340 0.2785350
vt 0.8178340 0.3768040
vt 0.7528180 0.3768040
vt 0.7490880 0.3276700
vt 0.8178340 0.3276700
vt 0.8178340 0.4255590
vt 0.7579170 0.4255590
vt 0.7528180 0.3768040
vt 0.8178340 0.3768040
vt 0.8211880 0.4506870
vt 0.8276110 0.4255590
vt 0.8178340 0.4255590
vt 0.7634120 0.4506870
vt 0.8211880 0.4506870
vt 0.8178340 0.4255590
vt 0.8211880 0.4506870
vt 0.7634120 0.4506870
vt 0.8178340 0.4255590
vt 0.7634120 0.4506870
vt 0.7579170 0.4255590
vt 0.8178340 0.4255590
vt 0.8178330 0.4255570
vt 0.8276100 0.4255570
vt 0.8211870 0.4506850
vt 0.8178330 0.4255570
vt 0.8211870 0.4506850
vt 0.7634110 0.4506850
vt 0.8178330 0.4255570
vt 0.7634110 0.4506850
vt 0.8211870 0.4506850
vt 0.8178330 0.4255570
vt 0.7579160 0.4255570
vt 0.7634110 0.4506850
vt 0.8178330 0.0770410
vt 0.8178330 0.0770410
vt 0.8178330 0.0831350
vt 0.8178330 0.0831350
vt 0.8301640 0.4255570
vt 0.8305590 0.4255570
vt 0.8301640 0.4255570
vt 0.8290820 0.4255570
vt 0.8301640 0.4255570
vt 0.8301640 0.4255570
vt 0.8290820 0.4255570
vt 0.8276100 0.4255570
vt 0.8290820 0.4255570
vt 0.8290820 0.4255570
vt 0.8276100 0.4255570
vt 0.8178330 0.4255570
vt 0.8276100 0.4255570
vt 0.8276100 0.4255570
vt 0.8178330 0.4255570
vt 0.8178330 0.3768020
vt 0.8178330 0.4255570
vt 0.8178330 0.4255570
vt 0.8178330 0.3768020
vt 0.8301650 0.4255590
vt 0.8305600 0.4255590
vt 0.8301650 0.4255590
vt 0.8290830 0.4255590
vt 0.8301650 0.4255590
vt 0.8301650 0.4255590
vt 0.8290830 0.4255590
vt 0.8276110 0.4255590
vt 0.8290830 0.4255590
vt 0.8290830 0.4255590
vt 0.8276110 0.4255590
vt 0.8178340 0.4255590
vt 0.8276110 0.4255590
vt 0.8276110 0.4255590
vt 0.8178340 0.4255590
vt 0.8178340 0.3768040
vt 0.8178340 0.4255590
vt 0.8178340 0.4255590
vt 0.8178340 0.3768040
vt 0.8178340 0.3276700
vt 0.8178340 0.3768040
vt 0.8178340 0.3768040
vt 0.8178340 0.3276700
vt 0.8178340 0.2785350
vt 0.8178340 0.3276700
vt 0.8178340 0.3276700
vt 0.8178340 0.2785350
vt 0.8178340 0.2294010
vt 0.8178340 0.2785350
vt 0.8178340 0.2785350
vt 0.8178340 0.2294010
vt 0.8178340 0.1928350
vt 0.8178340 0.2294010
vt 0.8178340 0.2294010
vt 0.8178340 0.1928350
vt 0.8178340 0.1562690
vt 0.8178340 0.1928350
vt 0.8178340 0.1928350
vt 0.8178340 0.1562690
vt 0.8178340 0.1318920
vt 0.8178340 0.1562690
vt 0.8178340 0.1562690
vt 0.8178340 0.1318920
vt 0.8178340 0.1136090
vt 0.8178340 0.1318920
vt 0.8178340 0.1318920
vt 0.8178340 0.1136090
vt 0.8178340 0.0953260
vt 0.8178340 0.1136090
vt 0.8178340 0.1136090
vt 0.8178340 0.0953260
vt 0.8178340 0.0831370
vt 0.8178340 0.0953260
vt 0.8178340 0.0953260
vt 0.8178340 0.0831370
vt 0.8178340 0.0770430
vt 0.8178340 0.0831370
vt 0.8178340 0.0831370
vt 0.8178340 0.0770430
vt 0.8178340 0.0587600
vt 0.8178340 0.0770430
vt 0.8178340 0.0770430
vt 0.8178340 0.0587600
vt 0.8178330 0.0770410
vt 0.8178330 0.0587580
vt 0.8178330 0.0587580
vt 0.8178330 0.0770410
vt 0.8178330 0.0831350
vt 0.8178330 0.0953240
vt 0.8178330 0.0953240
vt 0.8178330 0.0831350
vt 0.8178330 0.0953240
vt 0.8178330 0.1136070
vt 0.8178330 0.1136070
vt 0.8178330 0.0953240
vt 0.8178330 0.1136070
vt 0.8178330 0.1318900
vt 0.8178330 0.1318900
vt 0.8178330 0.1136070
vt 0.8178330 0.1318900
vt 0.8178330 0.1562670
vt 0.8178330 0.1562670
vt 0.8178330 0.1318900
vt 0.8178330 0.1562670
vt 0.8178330 0.1928330
vt 0.8178330 0.1928330
vt 0.8178330 0.1562670
vt 0.8178330 0.1928330
vt 0.8178330 0.2294000
vt 0.8178330 0.2294000
vt 0.8178330 0.1928330
vt 0.8178330 0.2294000
vt 0.8178330 0.2785330
vt 0.8178330 0.2785330
vt 0.8178330 0.2294000
vt 0.8178330 0.2785330
vt 0.8178330 0.3276680
vt 0.8178330 0.3276680
vt 0.8178330 0.2785330
vt 0.8178330 0.3276680
vt 0.8178330 0.3768020
vt 0.8178330 0.3768020
vt 0.8178330 0.3276680
usemtl tex_mat1
f 1712/6983 1713/6984 1714/6985 1715/6986
f 1713/6987 1716/6988 1717/6989 1714/6990
f 1716/6991 1718/6992 1719/6993 1717/6994
f 1718/6995 1720/6996 1721/6997 1719/6998
f 1720/6999 1722/7000 1723/7001 1721/7002
f 1722/7003 1724/7004 1725/7005 1723/7006
f 1726/7007 1727/7008 1728/7009 1729/7010
f 1713/7011 1712/7012 1730/7013 1731/7014
f 1712/7015 1732/7016 1733/7017 1730/7018
f 1724/7019 1722/7020 1734/7021 1735/7022
f 1722/7023 1720/7024 1736/7025 1734/7026
f 1720/7027 1718/7028 1737/7029 1736/7030
f 1718/7031 1716/7032 1738/7033 1737/7034
f 1716/7035 1713/7036 1731/7037 1738/7038
f 1731/7039 1730/7040 1739/7041 1740/7042
f 1730/7043 1733/7044 1741/7045 1739/7046
f 1735/7047 1734/7048 1742/7049 1743/7050
f 1734/7051 1736/7052 1744/7053 1742/7054
f 1736/7055 1737/7056 1745/7057 1744/7058
f 1737/7059 1738/7060 1746/7061 1745/7062
f 1738/7063 1731/7064 1740/7065 1746/7066
f 1740/7067 1739/7068 1747/7069 1748/7070
f 1739/7071 1741/7072 1749/7073 1747/7074
f 1743/7075 1742/7076 1750/7077 1751/7078
f 1742/7079 1744/7080 1752/7081 1750/7082
f 1744/7083 1745/7084 1753/7085 1752/7086
f 1745/7087 1746/7088 1754/7089 1753/7090
f 1746/7091 1740/7092 1748/7093 1754/7094
f 1748/7095 1747/7096 1755/7097 1756/7098
f 1747/7099 1749/7100 1757/7101 1755/7102
f 1751/7103 1750/7104 1758/7105 1759/7106
f 1750/7107 1752/7108 1760/7109 1758/7110
f 1752/7111 1753/7112 1761/7113 1760/7114
f 1753/7115 1754/7116 1762/7117 1761/7118
f 1754/7119 1748/7120 1756/7121 1762/7122
f 1756/7123 1755/7124 1763/7125 1764/7126
f 1755/7127 1757/7128 1765/7129 1763/7130
f 1759/7131 1758/7132 1766/7133 1767/7134
f 1758/7135 1760/7136 1768/7137 1766/7138
f 1760/7139 1761/7140 1769/7141 1768/7142
f 1761/7143 1762/7144 1770/7145 1769/7146
f 1762/7147 1756/7148 1764/7149 1770/7150
f 1764/7151 1763/7152 1771/7153 1772/7154
f 1763/7155 1765/7156 1773/7157 1771/7158
f 1767/7159 1766/7160 1774/7161 1775/7162
f 1766/7163 1768/7164 1776/7165 1774/7166
f 1768/7167 1769/7168 1777/7169 1776/7170
f 1769/7171 1770/7172 1778/7173 1777/7174
f 1770/7175 1764/7176 1772/7177 1778/7178
f 1772/7179 1771/7180 1779/7181 1780/7182
f 1771/7183 1773/7184 1781/7185 1779/7186
f 1775/7187 1774/7188 1782/7189 1783/7190
f 1774/7191 1776/7192 1784/7193 1782/7194
f 1776/7195 1777/7196 1785/7197 1784/7198
f 1777/7199 1778/7200 1786/7201 1785/7202
f 1778/7203 1772/7204 1780/7205 1786/7206
f 1780/7207 1779/7208 1787/7209 1788/7210
f 1779/7211 1781/7212 1789/7213 1787/7214
f 1783/7215 1782/7216 1790/7217 1791/7218
f 1782/7219 1784/7220 1792/7221 1790/7222
f 1784/7223 1785/7224 1793/7225 1792/7226
f 1785/7227 1786/7228 1794/7229 1793/7230
f 1786/7231 1780/7232 1788/7233 1794/7234
f 1788/7235 1787/7236 1795/7237 1796/7238
f 1787/7239 1789/7240 1797/7241 1795/7242
f 1791/7243 1790/7244 1798/7245 1799/7246
f 1790/7247 1792/7248 1800/7249 1798/7250
f 1792/7251 1793/7252 1801/7253 1800/7254
f 1793/7255 1794/7256 1802/7257 1801/7258
f 1794/7259 1788/7260 1796/7261 1802/7262
f 1796/7263 1795/7264 1803/7265 1804/7266
f 1795/7267 1797/7268 1805/7269 1803/7270
f 1799/7271 1798/7272 1806/7273 1807/7274
f 1798/7275 1800/7276 1808/7277 1806/7278
f 1800/7279 1801/7280 1809/7281 1808/7282
f 1801/7283 1802/7284 1810/7285 1809/7286
f 1802/7287 1796/7288 1804/7289 1810/7290
f 1804/7291 1803/7292 1811/7293 1812/7294
f 1803/7295 1805/7296 1813/7297 1811/7298
f 1807/7299 1806/7300 1814/7301 1815/7302
f 1806/7303 1808/7304 1816/7305 1814/7306
f 1808/7307 1809/7308 1817/7309 1816/7310
f 1809/7311 1810/7312 1818/7313 1817/7314
f 1810/7315 1804/7316 1812/7317 1818/7318
f 1812/7319 1811/7320 1819/7321 1820/7322
f 1811/7323 1813/7324 1819/7325
f 1821/7326 1822/7327 1823/7328 1824/7329
f 1822/7330 1825/7331 1826/7332 1823/7333
f 1825/7334 1827/7335 1828/7336 1826/7337
f 1827/7338 1829/7339 1830/7340 1828/7341
f 1829/7342 1831/7343 1832/7344 1830/7345
f 1831/7346 1833/7347 1834/7348 1832/7349
f 1833/7350 1835/7351 1834/7352
f 1815/7353 1814/7354 1836/7355 1837/7356
f 1814/7357 1816/7358 1838/7359 1836/7360
f 1816/7361 1817/7362 1839/7363 1838/7364
f 1817/7365 1818/7366 1840/7367 1839/7368
f 1818/7369 1812/7370 1820/7371 1840/7372
f 1820/7373 1819/7374 1841/7375 1842/7376
f 1819/7377 1824/7378 1843/7379 1841/7380
f 1824/7381 1823/7382 1844/7383 1843/7384
f 1823/7385 1826/7386 1845/7387 1844/7388
f 1826/7389 1828/7390 1846/7391 1845/7392
f 1828/7393 1830/7394 1847/7395 1846/7396
f 1830/7397 1832/7398 1848/7399 1847/7400
f 1832/7401 1834/7402 1849/7403 1848/7404
f 1834/7405 1837/7406 1850/7407 1849/7408
f 1837/7409 1836/7410 1851/7411 1850/7412
f 1836/7413 1838/7414 1852/7415 1851/7416
f 1838/7417 1839/7418 1853/7419 1852/7420
f 1839/7421 1840/7422 1854/7423 1853/7424
f 1840/7425 1820/7426 1842/7427 1854/7428
f 1842/7429 1841/7430 1855/7431 1856/7432
f 1841/7433 1843/7434 1857/7435 1855/7436
f 1843/7437 1844/7438 1858/7439 1857/7440
f 1844/7441 1845/7442 1859/7443 1858/7444
f 1845/7445 1846/7446 1860/7447 1859/7448
f 1846/7449 1847/7450 1861/7451 1860/7452
f 1847/7453 1848/7454 1862/7455 1861/7456
f 1848/7457 1849/7458 1863/7459 1862/7460
f 1849/7461 1850/7462 1864/7463 1863/7464
f 1850/7465 1851/7466 1865/7467 1864/7468
f 1851/7469 1852/7470 1866/7471 1865/7472
f 1852/7473 1853/7474 1867/7475 1866/7476
f 1853/7477 1854/7478 1868/7479 1867/7480
f 1854/7481 1842/7482 1856/7483 1868/7484
f 1856/7485 1855/7486 1869/7487 1870/7488
f 1855/7489 1857/7490 1871/7491 1869/7492
f 1857/7493 1858/7494 1872/7495 1871/7496
f 1858/7497 1859/7498 1873/7499 1872/7500
f 1859/7501 1860/7502 1874/7503 1873/7504
f 1860/7505 1861/7506 1875/7507 1874/7508
f 1861/7509 1862/7510 1876/7511 1875/7512
f 1862/7513 1863/7514 1877/7515 1876/7516
f 1863/7517 1864/7518 1878/7519 1877/7520
f 1864/7521 1865/7522 1879/7523 1878/7524
f 1865/7525 1866/7526 1880/7527 1879/7528
f 1866/7529 1867/7530 1881/7531 1880/7532
f 1867/7533 1868/7534 1882/7535 1881/7536
f 1868/7537 1856/7538 1870/7539 1882/7540
f 1870/7541 1869/7542 1883/7543 1726/7544
f 1869/7545 1871/7546 1884/7547 1883/7548
f 1871/7549 1872/7550 1727/7551 1884/7552
f 1872/7553 1873/7554 1728/7555 1727/7556
f 1873/7557 1874/7558 1885/7559 1728/7560
f 1874/7561 1875/7562 1886/7563 1885/7564
f 1875/7565 1876/7566 1887/7567 1886/7568
f 1876/7569 1877/7570 1888/7571 1887/7572
f 1877/7573 1878/7574 1889/7575 1888/7576
f 1878/7577 1879/7578 1890/7579 1889/7580
f 1879/7581 1880/7582 1891/7583 1890/7584
f 1880/7585 1881/7586 1892/7587 1891/7588
f 1881/7589 1882/7590 1729/7591 1892/7592
f 1882/7593 1870/7594 1726/7595 1729/7596
f 1726/7597 1883/7598 1884/7599 1727/7600
f 1728/7601 1885/7602 1892/7603 1729/7604
f 1885/7605 1886/7606 1891/7607 1892/7608
f 1886/7609 1887/7610 1890/7611 1891/7612
f 1887/7613 1888/7614 1889/7615 1890/7616
f 1715/7617 1714/7618 1893/7619 1894/7620
f 1714/7621 1717/7622 1895/7623 1893/7624
f 1717/7625 1719/7626 1896/7627 1895/7628
f 1719/7629 1721/7630 1897/7631 1896/7632
f 1721/7633 1723/7634 1898/7635 1897/7636
f 1723/7637 1725/7638 1899/7639 1898/7640
f 1715/7641 1894/7642 1900/7643 1901/7644
f 1899/7645 1725/7646 1902/7647 1903/7648
f 1904/7649 1905/7650 1906/7651 1907/7652
f 1908/7653 1909/7654 1894/7655 1893/7656
f 1909/7657 1910/7658 1900/7659 1894/7660
f 1911/7661 1912/7662 1898/7663 1899/7664
f 1912/7665 1913/7666 1897/7667 1898/7668
f 1913/7669 1914/7670 1896/7671 1897/7672
f 1914/7673 1915/7674 1895/7675 1896/7676
f 1915/7677 1908/7678 1893/7679 1895/7680
f 1916/7681 1917/7682 1909/7683 1908/7684
f 1917/7685 1918/7686 1910/7687 1909/7688
f 1919/7689 1920/7690 1912/7691 1911/7692
f 1920/7693 1921/7694 1913/7695 1912/7696
f 1921/7697 1922/7698 1914/7699 1913/7700
f 1922/7701 1923/7702 1915/7703 1914/7704
f 1923/7705 1916/7706 1908/7707 1915/7708
f 1924/7709 1925/7710 1917/7711 1916/7712
f 1925/7713 1926/7714 1918/7715 1917/7716
f 1927/7717 1928/7718 1920/7719 1919/7720
f 1928/7721 1929/7722 1921/7723 1920/7724
f 1929/7725 1930/7726 1922/7727 1921/7728
f 1930/7729 1931/7730 1923/7731 1922/7732
f 1931/7733 1924/7734 1916/7735 1923/7736
f 1932/7737 1933/7738 1925/7739 1924/7740
f 1933/7741 1934/7742 1926/7743 1925/7744
f 1935/7745 1936/7746 1928/7747 1927/7748
f 1936/7749 1937/7750 1929/7751 1928/7752
f 1937/7753 1938/7754 1930/7755 1929/7756
f 1938/7757 1939/7758 1931/7759 1930/7760
f 1939/7761 1932/7762 1924/7763 1931/7764
f 1940/7765 1941/7766 1933/7767 1932/7768
f 1941/7769 1942/7770 1934/7771 1933/7772
f 1943/7773 1944/7774 1936/7775 1935/7776
f 1944/7777 1945/7778 1937/7779 1936/7780
f 1945/7781 1946/7782 1938/7783 1937/7784
f 1946/7785 1947/7786 1939/7787 1938/7788
f 1947/7789 1940/7790 1932/7791 1939/7792
f 1948/7793 1949/7794 1941/7795 1940/7796
f 1949/7797 1950/7798 1942/7799 1941/7800
f 1951/7801 1952/7802 1944/7803 1943/7804
f 1952/7805 1953/7806 1945/7807 1944/7808
f 1953/7809 1954/7810 1946/7811 1945/7812
f 1954/7813 1955/7814 1947/7815 1946/7816
f 1955/7817 1948/7818 1940/7819 1947/7820
f 1956/7821 1957/7822 1949/7823 1948/7824
f 1957/7825 1958/7826 1950/7827 1949/7828
f 1959/7829 1960/7830 1952/7831 1951/7832
f 1960/7833 1961/7834 1953/7835 1952/7836
f 1961/7837 1962/7838 1954/7839 1953/7840
f 1962/7841 1963/7842 1955/7843 1954/7844
f 1963/7845 1956/7846 1948/7847 1955/7848
f 1964/7849 1965/7850 1957/7851 1956/7852
f 1965/7853 1966/7854 1958/7855 1957/7856
f 1967/7857 1968/7858 1960/7859 1959/7860
f 1968/7861 1969/7862 1961/7863 1960/7864
f 1969/7865 1970/7866 1962/7867 1961/7868
f 1970/7869 1971/7870 1963/7871 1962/7872
f 1971/7873 1964/7874 1956/7875 1963/7876
f 1972/7877 1973/7878 1965/7879 1964/7880
f 1973/7881 1974/7882 1966/7883 1965/7884
f 1975/7885 1976/7886 1968/7887 1967/7888
f 1976/7889 1977/7890 1969/7891 1968/7892
f 1977/7893 1978/7894 1970/7895 1969/7896
f 1978/7897 1979/7898 1971/7899 1970/7900
f 1979/7901 1972/7902 1964/7903 1971/7904
f 1980/7905 1981/7906 1973/7907 1972/7908
f 1981/7909 1982/7910 1974/7911 1973/7912
f 1983/7913 1984/7914 1976/7915 1975/7916
f 1984/7917 1985/7918 1977/7919 1976/7920
f 1985/7921 1986/7922 1978/7923 1977/7924
f 1986/7925 1987/7926 1979/7927 1978/7928
f 1987/7929 1980/7930 1972/7931 1979/7932
f 1988/7933 1989/7934 1981/7935 1980/7936
f 1989/7937 1990/7938 1982/7939 1981/7940
f 1991/7941 1992/7942 1984/7943 1983/7944
f 1992/7945 1993/7946 1985/7947 1984/7948
f 1993/7949 1994/7950 1986/7951 1985/7952
f 1994/7953 1995/7954 1987/7955 1986/7956
f 1995/7957 1988/7958 1980/7959 1987/7960
f 1996/7961 1997/7962 1989/7963 1988/7964
f 1997/7965 1990/7966 1989/7967
f 1998/7968 1999/7969 2000/7970 2001/7971
f 1999/7972 2002/7973 2003/7974 2000/7975
f 2002/7976 2004/7977 2005/7978 2003/7979
f 2004/7980 2006/7981 2007/7982 2005/7983
f 2006/7984 2008/7985 2009/7986 2007/7987
f 2008/7988 2010/7989 2011/7990 2009/7991
f 2010/7992 2012/7993 2011/7994
f 2013/7995 2014/7996 1992/7997 1991/7998
f 2014/7999 2015/8000 1993/8001 1992/8002
f 2015/8003 2016/8004 1994/8005 1993/8006
f 2016/8007 2017/8008 1995/8009 1994/8010
f 2017/8011 1996/8012 1988/8013 1995/8014
f 2018/8015 2019/8016 1997/8017 1996/8018
f 2019/8019 2020/8020 1998/8021 1997/8022
f 2020/8023 2021/8024 1999/8025 1998/8026
f 2021/8027 2022/8028 2002/8029 1999/8030
f 2022/8031 2023/8032 2004/8033 2002/8034
f 2023/8035 2024/8036 2006/8037 2004/8038
f 2024/8039 2025/8040 2008/8041 2006/8042
f 2025/8043 2026/8044 2010/8045 2008/8046
f 2026/8047 2027/8048 2013/8049 2010/8050
f 2027/8051 2028/8052 2014/8053 2013/8054
f 2028/8055 2029/8056 2015/8057 2014/8058
f 2029/8059 2030/8060 2016/8061 2015/8062
f 2030/8063 2031/8064 2017/8065 2016/8066
f 2031/8067 2018/8068 1996/8069 2017/8070
f 2032/8071 2033/8072 2019/8073 2018/8074
f 2033/8075 2034/8076 2020/8077 2019/8078
f 2034/8079 2035/8080 2021/8081 2020/8082
f 2035/8083 2036/8084 2022/8085 2021/8086
f 2036/8087 2037/8088 2023/8089 2022/8090
f 2037/8091 2038/8092 2024/8093 2023/8094
f 2038/8095 2039/8096 2025/8097 2024/8098
f 2039/8099 2040/8100 2026/8101 2025/8102
f 2040/8103 2041/8104 2027/8105 2026/8106
f 2041/8107 2042/8108 2028/8109 2027/8110
f 2042/8111 2043/8112 2029/8113 2028/8114
f 2043/8115 2044/8116 2030/8117 2029/8118
f 2044/8119 2045/8120 2031/8121 2030/8122
f 2045/8123 2032/8124 2018/8125 2031/8126
f 2046/8127 2047/8128 2033/8129 2032/8130
f 2047/8131 2048/8132 2034/8133 2033/8134
f 2048/8135 2049/8136 2035/8137 2034/8138
f 2049/8139 2050/8140 2036/8141 2035/8142
f 2050/8143 2051/8144 2037/8145 2036/8146
f 2051/8147 2052/8148 2038/8149 2037/8150
f 2052/8151 2053/8152 2039/8153 2038/8154
f 2053/8155 2054/8156 2040/8157 2039/8158
f 2054/8159 2055/8160 2041/8161 2040/8162
f 2055/8163 2056/8164 2042/8165 2041/8166
f 2056/8167 2057/8168 2043/8169 2042/8170
f 2057/8171 2058/8172 2044/8173 2043/8174
f 2058/8175 2059/8176 2045/8177 2044/8178
f 2059/8179 2046/8180 2032/8181 2045/8182
f 1907/8183 2060/8184 2047/8185 2046/8186
f 2060/8187 2061/8188 2048/8189 2047/8190
f 2061/8191 1906/8192 2049/8193 2048/8194
f 1906/8195 1905/8196 2050/8197 2049/8198
f 1905/8199 2062/8200 2051/8201 2050/8202
f 2062/8203 2063/8204 2052/8205 2051/8206
f 2063/8207 2064/8208 2053/8209 2052/8210
f 2064/8211 2065/8212 2054/8213 2053/8214
f 2065/8215 2066/8216 2055/8217 2054/8218
f 2066/8219 2067/8220 2056/8221 2055/8222
f 2067/8223 2068/8224 2057/8225 2056/8226
f 2068/8227 2069/8228 2058/8229 2057/8230
f 2069/8231 1904/8232 2059/8233 2058/8234
f 1904/8235 1907/8236 2046/8237 2059/8238
f 1906/8239 2061/8240 2060/8241 1907/8242
f 1904/8243 2069/8244 2062/8245 1905/8246
f 2069/8247 2068/8248 2063/8249 2062/8250
f 2068/8251 2067/8252 2064/8253 2063/8254
f 2067/8255 2066/8256 2065/8257 2064/8258
f 1732/8259 1712/8260 1715/8261 1901/8262
f 1902/8263 1725/8264 1724/8265 2070/8266
f 2070/8267 1724/8268 1735/8269 2071/8270
f 2071/8271 1735/8272 1743/8273 2072/8274
f 2072/8275 1743/8276 1751/8277 2073/8278
f 2073/8279 1751/8280 1759/8281 2074/8282
f 2074/8283 1759/8284 1767/8285 2075/8286
f 2075/8287 1767/8288 1775/8289 2076/8290
f 2076/8291 1775/8292 1783/8293 2077/8294
f 2077/8295 1783/8296 1791/8297 2078/8298
f 2078/8299 1791/8300 1799/8301 2079/8302
f 2079/8303 1799/8304 1807/8305 2080/8306
f 2080/8307 1807/8308 1815/8309 1835/8310
f 2081/8311 1911/8312 1899/8313 1903/8314
f 2082/8315 1919/8316 1911/8317 2081/8318
f 2083/8319 1927/8320 1919/8321 2082/8322
f 2084/8323 1935/8324 1927/8325 2083/8326
f 2085/8327 1943/8328 1935/8329 2084/8330
f 2086/8331 1951/8332 1943/8333 2085/8334
f 2087/8335 1959/8336 1951/8337 2086/8338
f 2088/8339 1967/8340 1959/8341 2087/8342
f 2089/8343 1975/8344 1967/8345 2088/8346
f 2090/8347 1983/8348 1975/8349 2089/8350
f 2012/8351 1991/8352 1983/8353 2090/8354
f 1998/8355 2001/8356 1990/8357
f 1997/8358 1998/8359 1990/8360
f 2010/8361 2013/8362 2012/8363
f 2013/8364 1991/8365 2012/8366
f 1813/8367 1821/8368 1824/8369
f 1813/8370 1824/8371 1819/8372
f 1835/8373 1837/8374 1834/8375
f 1835/8376 1815/8377 1837/8378
f 1732/8379 2070/8380 2071/8381 1733/8382
f 1829/8383 1827/8384 1825/8385
f 1831/8386 1829/8387 1825/8388 1822/8389
f 1833/8390 1831/8391 1822/8392 1821/8393
f 1835/8394 1833/8395 1821/8396 1813/8397
f 2080/8398 1835/8399 1813/8400 1805/8401
f 2003/8402 2005/8403 2007/8404
f 2000/8405 2003/8406 2007/8407 2009/8408
f 2001/8409 2000/8410 2009/8411 2011/8412
f 1990/8413 2001/8414 2011/8415 2012/8416
f 1982/8417 1990/8418 2012/8419 2090/8420
f 1974/8421 1982/8422 2090/8423 2089/8424
f 1966/8425 1974/8426 2089/8427 2088/8428
f 1958/8429 1966/8430 2088/8431 2087/8432
f 1950/8433 1958/8434 2087/8435 2086/8436
f 1942/8437 1950/8438 2086/8439 2085/8440
f 1934/8441 1942/8442 2085/8443 2084/8444
f 1926/8445 1934/8446 2084/8447 2083/8448
f 1918/8449 1926/8450 2083/8451 2082/8452
f 1910/8453 1918/8454 2082/8455 2081/8456
f 1900/8457 1910/8458 2081/8459 1903/8460
f 1901/8461 1900/8462 1903/8463 1902/8464
f 1732/8465 1901/8466 1902/8467 2070/8468
f 2071/8469 2072/8470 1741/8471 1733/8472
f 2072/8473 2073/8474 1749/8475 1741/8476
f 2073/8477 2074/8478 1757/8479 1749/8480
f 2074/8481 2075/8482 1765/8483 1757/8484
f 2075/8485 2076/8486 1773/8487 1765/8488
f 2076/8489 2077/8490 1781/8491 1773/8492
f 2077/8493 2078/8494 1789/8495 1781/8496
f 2078/8497 2079/8498 1797/8499 1789/8500
f 2079/8501 2080/8502 1805/8503 1797/8504
o Fin
v 0.0054993 0.3341600 0.8115700
v 0.0054993 0.3341930 0.8212300
v 0.0031750 0.3357650 0.8225800
v 0.0031750 0.3357030 0.8101700
v 0.0054993 -0.0493484 0.6472400
v 0.0063500 -0.0493484 0.6504200
v 0.0063500 -0.0429984 0.6504200
v 0.0054993 -0.0429984 0.6472400
v 0.0063500 -0.0493484 0.8155200
v 0.0063500 -0.0467241 0.8280400
v 0.0063500 -0.0429984 0.8280400
v 0.0054993 -0.0493484 0.8186900
v 0.0054993 -0.0473896 0.8280400
v 0.0031750 -0.0493484 0.8210200
v 0.0031750 -0.0478767 0.8280400
v 0.0000000 -0.0493484 0.8218700
v 0.0000000 -0.0480550 0.8280400
v -0.0031750 -0.0493484 0.8210200
v -0.0031750 -0.0478767 0.8280400
v -0.0054993 -0.0493484 0.8186900
v -0.0054993 -0.0473896 0.8280400
v -0.0063500 -0.0493484 0.8155200
v -0.0063500 -0.0467241 0.8280400
v -0.0063500 -0.0493484 0.6504200
v -0.0063500 -0.0429984 0.6504200
v -0.0063500 -0.0429984 0.8280400
v -0.0054993 -0.0493484 0.6472400
v -0.0054993 -0.0429984 0.6472400
v -0.0031750 -0.0493484 0.6449200
v -0.0031750 -0.0429984 0.6449200
v 0.0000000 -0.0493484 0.6440700
v 0.0000000 -0.0429984 0.6440700
v 0.0031750 -0.0493484 0.6449200
v 0.0031750 -0.0429984 0.6449200
v 0.0063500 -0.0302984 0.6504200
v 0.0054993 -0.0302984 0.6472400
v 0.0063500 -0.0302984 0.8280400
v -0.0054993 -0.0302984 0.6472400
v -0.0063500 -0.0302984 0.6504200
v -0.0031750 -0.0302984 0.6449200
v 0.0000000 -0.0302984 0.6440700
v 0.0031750 -0.0302984 0.6449200
v 0.0063500 -0.0112484 0.6504200
v 0.0054993 -0.0112484 0.6472400
v 0.0063500 -0.0112484 0.8280400
v -0.0054993 -0.0112484 0.6472400
v -0.0063500 -0.0112484 0.6504200
v -0.0031750 -0.0112484 0.6449200
v 0.0000000 -0.0112484 0.6440700
v 0.0031750 -0.0112484 0.6449200
v 0.0063500 0.0078016 0.6504200
v 0.0054993 0.0078016 0.6472400
v 0.0063500 0.0078016 0.8280400
v -0.0054993 0.0078016 0.6472400
v -0.0063500 0.0078016 0.6504200
v -0.0031750 0.0078016 0.6449200
v 0.0000000 0.0078016 0.6440700
v 0.0031750 0.0078016 0.6449200
v 0.0063500 0.0332016 0.6504200
v 0.0054993 0.0332016 0.6472400
v 0.0063500 0.0332016 0.8280400
v -0.0054993 0.0332016 0.6472400
v -0.0063500 0.0332016 0.6504200
v -0.0031750 0.0332016 0.6449200
v 0.0000000 0.0332016 0.6440700
v 0.0031750 0.0332016 0.6449200
v 0.0063500 0.0670341 0.5554300
v 0.0054993 0.0670341 0.5522500
v 0.0063500 0.0676649 0.8280400
v -0.0054993 0.0670341 0.5522500
v -0.0063500 0.0670341 0.5554300
v -0.0031750 0.0670341 0.5499300
v 0.0000000 0.0670341 0.5490800
v 0.0031750 0.0670341 0.5499300
v 0.0063500 0.0825500 0.6374500
v 0.0054993 0.0825500 0.6342800
v 0.0063500 0.0996346 0.8280400
v 0.0063500 0.0996346 0.6610500
v -0.0054993 0.0825500 0.6342800
v -0.0063500 0.0825500 0.6374500
v -0.0031750 0.0825500 0.6319500
v 0.0000000 0.0825500 0.6311000
v 0.0031750 0.0825500 0.6319500
v 0.0054993 0.0996346 0.6578800
v 0.0063500 0.1422970 0.6818700
v 0.0054993 0.1422970 0.6787000
v 0.0063500 0.1422970 0.8280400
v -0.0063500 0.0996346 0.6610500
v -0.0054993 0.0996346 0.6578800
v -0.0054993 0.1422970 0.6787000
v -0.0063500 0.1422970 0.6818700
v -0.0031750 0.0996346 0.6555500
v -0.0031750 0.1422970 0.6763700
v 0.0000000 0.0996346 0.6547000
v 0.0000000 0.1422970 0.6755200
v 0.0031750 0.0996346 0.6555500
v 0.0031750 0.1422970 0.6763700
v 0.0063500 0.1849600 0.7029600
v 0.0054993 0.1849600 0.6997800
v 0.0063500 0.1849600 0.8280400
v -0.0054993 0.1849600 0.6997800
v -0.0063500 0.1849600 0.7029600
v -0.0031750 0.1849600 0.6974600
v 0.0000000 0.1849600 0.6966100
v 0.0031750 0.1849600 0.6974600
v 0.0063500 0.2276230 0.7223900
v 0.0054993 0.2276230 0.7192100
v 0.0063500 0.2276230 0.8280400
v -0.0054993 0.2276230 0.7192100
v -0.0063500 0.2276230 0.7223900
v -0.0031750 0.2276230 0.7168900
v 0.0000000 0.2276230 0.7160400
v 0.0031750 0.2276230 0.7168900
v 0.0063500 0.2699560 0.7450600
v 0.0054993 0.2699560 0.7418800
v 0.0063500 0.2699560 0.8280400
v -0.0054993 0.2699560 0.7418800
v -0.0063500 0.2699560 0.7450600
v -0.0031750 0.2699560 0.7395600
v 0.0000000 0.2699560 0.7387100
v 0.0031750 0.2699560 0.7395600
v 0.0063500 0.2917740 0.7596500
v 0.0054993 0.2917740 0.7564800
v 0.0063500 0.2699560 0.8755500
v 0.0054993 0.2699560 0.8787200
v 0.0054993 0.2917740 0.8695300
v 0.0063500 0.2917740 0.8663600
v 0.0031750 0.2699560 0.8810400
v 0.0031750 0.2917740 0.8718600
v 0.0000000 0.2699560 0.8819000
v 0.0000000 0.2917740 0.8727100
v -0.0031750 0.2699560 0.8810400
v -0.0031750 0.2917740 0.8718600
v -0.0054993 0.2699560 0.8787200
v -0.0054993 0.2917740 0.8695300
v -0.0063500 0.2699560 0.8755500
v -0.0063500 0.2917740 0.8663600
v -0.0063500 0.2699560 0.8280400
v -0.0054993 0.2917740 0.7564800
v -0.0063500 0.2917740 0.7596500
v -0.0031750 0.2917740 0.7541600
v 0.0000000 0.2917740 0.7533000
v 0.0031750 0.2917740 0.7541600
v 0.0063500 0.3129410 0.7759500
v 0.0054993 0.3129410 0.7727700
v 0.0063500 0.3129410 0.8532800
v 0.0054993 0.3129410 0.8564600
v 0.0031750 0.3129410 0.8587800
v 0.0000000 0.3129410 0.8596300
v -0.0031750 0.3129410 0.8587800
v -0.0054993 0.3129410 0.8564600
v -0.0063500 0.3129410 0.8532800
v -0.0063500 0.3129410 0.7759500
v -0.0054993 0.3129410 0.7727700
v -0.0031750 0.3129410 0.7704500
v 0.0000000 0.3129410 0.7696000
v 0.0031750 0.3129410 0.7704500
v 0.0063500 0.3204250 0.7852600
v 0.0054993 0.3204250 0.7820800
v 0.0063500 0.3204250 0.8464700
v 0.0054993 0.3204250 0.8496500
v 0.0031750 0.3204250 0.8519700
v 0.0000000 0.3204250 0.8528200
v -0.0031750 0.3204250 0.8519700
v -0.0054993 0.3204250 0.8496500
v -0.0063500 0.3204250 0.8464700
v -0.0063500 0.3204250 0.7852600
v -0.0054993 0.3204250 0.7820800
v -0.0031750 0.3204250 0.7797600
v 0.0000000 0.3204250 0.7789100
v 0.0031750 0.3204250 0.7797600
v 0.0063500 0.3310080 0.8002400
v 0.0054993 0.3310080 0.7970600
v 0.0063500 0.3310080 0.8342400
v 0.0054993 0.3310080 0.8374100
v 0.0031750 0.3310080 0.8397400
v 0.0000000 0.3310080 0.8405900
v -0.0031750 0.3310080 0.8397400
v -0.0054993 0.3310080 0.8374100
v -0.0063500 0.3310080 0.8342400
v -0.0063500 0.3310080 0.8002400
v -0.0054993 0.3310080 0.7970600
v -0.0031750 0.3310080 0.7947400
v 0.0000000 0.3310080 0.7938900
v 0.0031750 0.3310080 0.7947400
v 0.0063500 0.3320530 0.8134900
v 0.0063500 0.3320460 0.8193700
v 0.0000000 0.3363410 0.8230800
v -0.0031750 0.3357650 0.8225800
v -0.0054993 0.3341930 0.8212300
v -0.0063500 0.3320460 0.8193700
v -0.0063500 0.3320530 0.8134900
v -0.0054993 0.3341600 0.8115700
v -0.0031750 0.3357030 0.8101700
v 0.0000000 0.3362670 0.8096500
v -0.0063500 -0.0302984 0.8280400
v -0.0063500 -0.0112484 0.8280400
v -0.0063500 0.0078016 0.8280400
v -0.0063500 0.0332016 0.8280400
v -0.0063500 0.0676649 0.8280400
v -0.0063500 0.0996346 0.8280400
v -0.0063500 0.1422970 0.8280400
v -0.0063500 0.1849600 0.8280400
v -0.0063500 0.2276230 0.8280400
vt 0.8959140 0.4115050
vt 0.9005780 0.4114730
vt 0.9012300 0.4099630
vt 0.8952380 0.4100230
vt 0.8165750 0.7798080
vt 0.8181100 0.7798080
vt 0.8181100 0.7737100
vt 0.8165750 0.7737100
vt 0.8181100 0.7798080
vt 0.8978210 0.7707080
vt 0.9038660 0.7772880
vt 0.9038660 0.7737100
vt 0.8181100 0.7737100
vt 0.8978210 0.7707080
vt 0.8993520 0.7707080
vt 0.9038660 0.7779270
vt 0.9038660 0.7772880
vt 0.8993520 0.7707080
vt 0.9004770 0.7707080
vt 0.9038660 0.7783950
vt 0.9038660 0.7779270
vt 0.9004770 0.7707080
vt 0.9008870 0.7707080
vt 0.9038660 0.7785660
vt 0.9038660 0.7783950
vt 0.9008870 0.7707080
vt 0.9004770 0.7707080
vt 0.9038660 0.7783950
vt 0.9038660 0.7785660
vt 0.9004770 0.7707080
vt 0.8993520 0.7707080
vt 0.9038660 0.7779270
vt 0.9038660 0.7783950
vt 0.8993520 0.7707080
vt 0.8978210 0.7707080
vt 0.9038660 0.7772880
vt 0.9038660 0.7779270
vt 0.8978210 0.7707080
vt 0.8181100 0.7798080
vt 0.8181100 0.7737100
vt 0.9038660 0.7737100
vt 0.9038660 0.7772880
vt 0.8181100 0.7798080
vt 0.8165750 0.7798080
vt 0.8165750 0.7737100
vt 0.8181100 0.7737100
vt 0.8165750 0.7798080
vt 0.8154550 0.7798080
vt 0.8154550 0.7737100
vt 0.8165750 0.7737100
vt 0.8154550 0.7798080
vt 0.8150440 0.7798080
vt 0.8150440 0.7737100
vt 0.8154550 0.7737100
vt 0.8150440 0.7798080
vt 0.8154550 0.7798080
vt 0.8154550 0.7737100
vt 0.8150440 0.7737100
vt 0.8154550 0.7798080
vt 0.8165750 0.7798080
vt 0.8165750 0.7737100
vt 0.8154550 0.7737100
vt 0.8165750 0.7737100
vt 0.8181100 0.7737100
vt 0.8181100 0.7615130
vt 0.8165750 0.7615130
vt 0.8181100 0.7737100
vt 0.9038660 0.7737100
vt 0.9038660 0.7615130
vt 0.8181100 0.7615130
vt 0.8181100 0.7737100
vt 0.8165750 0.7737100
vt 0.8165750 0.7615130
vt 0.8181100 0.7615130
vt 0.8165750 0.7737100
vt 0.8154550 0.7737100
vt 0.8154550 0.7615130
vt 0.8165750 0.7615130
vt 0.8154550 0.7737100
vt 0.8150440 0.7737100
vt 0.8150440 0.7615130
vt 0.8154550 0.7615130
vt 0.8150440 0.7737100
vt 0.8154550 0.7737100
vt 0.8154550 0.7615130
vt 0.8150440 0.7615130
vt 0.8154550 0.7737100
vt 0.8165750 0.7737100
vt 0.8165750 0.7615130
vt 0.8154550 0.7615130
vt 0.8165750 0.7615130
vt 0.8181100 0.7615130
vt 0.8181100 0.7432190
vt 0.8165750 0.7432190
vt 0.8181100 0.7615130
vt 0.9038660 0.7615130
vt 0.9038660 0.7432190
vt 0.8181100 0.7432190
vt 0.8181100 0.7615130
vt 0.8165750 0.7615130
vt 0.8165750 0.7432190
vt 0.8181100 0.7432190
vt 0.8165750 0.7615130
vt 0.8154550 0.7615130
vt 0.8154550 0.7432190
vt 0.8165750 0.7432190
vt 0.8154550 0.7615130
vt 0.8150440 0.7615130
vt 0.8150440 0.7432190
vt 0.8154550 0.7432190
vt 0.8150440 0.7615130
vt 0.8154550 0.7615130
vt 0.8154550 0.7432190
vt 0.8150440 0.7432190
vt 0.8154550 0.7615130
vt 0.8165750 0.7615130
vt 0.8165750 0.7432190
vt 0.8154550 0.7432190
vt 0.8165750 0.7432190
vt 0.8181100 0.7432190
vt 0.8181100 0.7249240
vt 0.8165750 0.7249240
vt 0.8181100 0.7432190
vt 0.9038660 0.7432190
vt 0.9038660 0.7249240
vt 0.8181100 0.7249240
vt 0.8181100 0.7432190
vt 0.8165750 0.7432190
vt 0.8165750 0.7249240
vt 0.8181100 0.7249240
vt 0.8165750 0.7432190
vt 0.8154550 0.7432190
vt 0.8154550 0.7249240
vt 0.8165750 0.7249240
vt 0.8154550 0.7432190
vt 0.8150440 0.7432190
vt 0.8150440 0.7249240
vt 0.8154550 0.7249240
vt 0.8150440 0.7432190
vt 0.8154550 0.7432190
vt 0.8154550 0.7249240
vt 0.8150440 0.7249240
vt 0.8154550 0.7432190
vt 0.8165750 0.7432190
vt 0.8165750 0.7249240
vt 0.8154550 0.7249240
vt 0.8165750 0.7249240
vt 0.8181100 0.7249240
vt 0.8181100 0.7005310
vt 0.8165750 0.7005310
vt 0.8181100 0.7249240
vt 0.9038660 0.7249240
vt 0.9038660 0.7005310
vt 0.8181100 0.7005310
vt 0.8181100 0.7249240
vt 0.8165750 0.7249240
vt 0.8165750 0.7005310
vt 0.8181100 0.7005310
vt 0.8165750 0.7249240
vt 0.8154550 0.7249240
vt 0.8154550 0.7005310
vt 0.8165750 0.7005310
vt 0.8154550 0.7249240
vt 0.8150440 0.7249240
vt 0.8150440 0.7005310
vt 0.8154550 0.7005310
vt 0.8150440 0.7249240
vt 0.8154550 0.7249240
vt 0.8154550 0.7005310
vt 0.8150440 0.7005310
vt 0.8154550 0.7249240
vt 0.8165750 0.7249240
vt 0.8165750 0.7005310
vt 0.8154550 0.7005310
vt 0.8165750 0.7005310
vt 0.8181100 0.7005310
vt 0.7723180 0.6716220
vt 0.7707830 0.6716220
vt 0.8181100 0.7005310
vt 0.9038660 0.7005310
vt 0.9038660 0.6674340
vt 0.7723180 0.6716220
vt 0.8181100 0.7005310
vt 0.8165750 0.7005310
vt 0.7707830 0.6716220
vt 0.7723180 0.6716220
vt 0.8165750 0.7005310
vt 0.8154550 0.7005310
vt 0.7696630 0.6716220
vt 0.7707830 0.6716220
vt 0.8154550 0.7005310
vt 0.8150440 0.7005310
vt 0.7692520 0.6716220
vt 0.7696630 0.6716220
vt 0.8150440 0.7005310
vt 0.8154550 0.7005310
vt 0.7696630 0.6716220
vt 0.7692520 0.6716220
vt 0.8154550 0.7005310
vt 0.8165750 0.7005310
vt 0.7707830 0.6716220
vt 0.7696630 0.6716220
vt 0.7707830 0.6716220
vt 0.7723180 0.6716220
vt 0.8121840 0.6535610
vt 0.8114620 0.6535610
vt 0.7723180 0.6716220
vt 0.9038660 0.6674340
vt 0.9038660 0.6367320
vt 0.8232280 0.6367320
vt 0.8121840 0.6535610
vt 0.7723180 0.6716220
vt 0.7707830 0.6716220
vt 0.8114620 0.6535610
vt 0.8121840 0.6535610
vt 0.7707830 0.6716220
vt 0.7696630 0.6716220
vt 0.8109310 0.6535610
vt 0.8114620 0.6535610
vt 0.7696630 0.6716220
vt 0.7692520 0.6716220
vt 0.8107370 0.6535610
vt 0.8109310 0.6535610
vt 0.7692520 0.6716220
vt 0.7696630 0.6716220
vt 0.8109310 0.6535610
vt 0.8107370 0.6535610
vt 0.7696630 0.6716220
vt 0.7707830 0.6716220
vt 0.8114620 0.6535610
vt 0.8109310 0.6535610
vt 0.8227870 0.6367320
vt 0.8232280 0.6367320
vt 0.8332940 0.5957610
vt 0.8317570 0.5957610
vt 0.8232280 0.6367320
vt 0.9038660 0.6367320
vt 0.9038660 0.5957610
vt 0.8332940 0.5957610
vt 0.8232280 0.6367320
vt 0.8227870 0.6367320
vt 0.8317570 0.5957610
vt 0.8332940 0.5957610
vt 0.8227870 0.6367320
vt 0.8224620 0.6367320
vt 0.8317160 0.5957610
vt 0.8317570 0.5957610
vt 0.8224620 0.6367320
vt 0.8223440 0.6367320
vt 0.8317000 0.5957610
vt 0.8317160 0.5957610
vt 0.8223440 0.6367320
vt 0.8224620 0.6367320
vt 0.8317160 0.5957610
vt 0.8317000 0.5957610
vt 0.8224620 0.6367320
vt 0.8227870 0.6367320
vt 0.8317570 0.5957610
vt 0.8317160 0.5957610
vt 0.8317570 0.5957610
vt 0.8332940 0.5957610
vt 0.8434770 0.5547900
vt 0.8420130 0.5547900
vt 0.8332940 0.5957610
vt 0.9038660 0.5957610
vt 0.9038660 0.5547900
vt 0.8434770 0.5547900
vt 0.8332940 0.5957610
vt 0.8317570 0.5957610
vt 0.8420130 0.5547900
vt 0.8434770 0.5547900
vt 0.8317570 0.5957610
vt 0.8317160 0.5957610
vt 0.8420130 0.5547900
vt 0.8420130 0.5547900
vt 0.8317160 0.5957610
vt 0.8317000 0.5957610
vt 0.8420130 0.5547900
vt 0.8420130 0.5547900
vt 0.8317000 0.5957610
vt 0.8317160 0.5957610
vt 0.8420130 0.5547900
vt 0.8420130 0.5547900
vt 0.8317160 0.5957610
vt 0.8317570 0.5957610
vt 0.8420130 0.5547900
vt 0.8420130 0.5547900
vt 0.8420130 0.5547900
vt 0.8434770 0.5547900
vt 0.8528580 0.5138180
vt 0.8513210 0.5138180
vt 0.8434770 0.5547900
vt 0.9038660 0.5547900
vt 0.9038660 0.5138180
vt 0.8528580 0.5138180
vt 0.8434770 0.5547900
vt 0.8420130 0.5547900
vt 0.8513210 0.5138180
vt 0.8528580 0.5138180
vt 0.8420130 0.5547900
vt 0.8420130 0.5547900
vt 0.8511290 0.5138180
vt 0.8513210 0.5138180
vt 0.8420130 0.5547900
vt 0.8420130 0.5547900
vt 0.8510580 0.5138180
vt 0.8511290 0.5138180
vt 0.8420130 0.5547900
vt 0.8420130 0.5547900
vt 0.8511290 0.5138180
vt 0.8510580 0.5138180
vt 0.8420130 0.5547900
vt 0.8420130 0.5547900
vt 0.8513210 0.5138180
vt 0.8511290 0.5138180
vt 0.8513210 0.5138180
vt 0.8528580 0.5138180
vt 0.8638030 0.4731630
vt 0.8630870 0.4755560
vt 0.8528580 0.5138180
vt 0.9038660 0.5138180
vt 0.9038660 0.4731630
vt 0.8638030 0.4731630
vt 0.8528580 0.5138180
vt 0.8513210 0.5138180
vt 0.8630870 0.4755560
vt 0.8638030 0.4731630
vt 0.8513210 0.5138180
vt 0.8511290 0.5138180
vt 0.8627910 0.4755560
vt 0.8630870 0.4755560
vt 0.8511290 0.5138180
vt 0.8510580 0.5138180
vt 0.8626820 0.4755560
vt 0.8627910 0.4755560
vt 0.8510580 0.5138180
vt 0.8511290 0.5138180
vt 0.8627910 0.4755560
vt 0.8626820 0.4755560
vt 0.8511290 0.5138180
vt 0.8513210 0.5138180
vt 0.8630870 0.4755560
vt 0.8627910 0.4755560
vt 0.8630870 0.4755560
vt 0.8638030 0.4731630
vt 0.8708470 0.4522100
vt 0.8693170 0.4522100
vt 0.8638030 0.4731630
vt 0.9038660 0.4731630
vt 0.8708470 0.4522100
vt 0.9268040 0.4731630
vt 0.9283350 0.4731630
vt 0.9238980 0.4522100
vt 0.9223670 0.4522100
vt 0.9283350 0.4731630
vt 0.9294550 0.4731630
vt 0.9250230 0.4522100
vt 0.9238980 0.4522100
vt 0.9294550 0.4731630
vt 0.9298700 0.4731630
vt 0.9254330 0.4522100
vt 0.9250230 0.4522100
vt 0.9298700 0.4731630
vt 0.9294550 0.4731630
vt 0.9250230 0.4522100
vt 0.9254330 0.4522100
vt 0.9294550 0.4731630
vt 0.9283350 0.4731630
vt 0.9238980 0.4522100
vt 0.9250230 0.4522100
vt 0.9283350 0.4731630
vt 0.9268040 0.4731630
vt 0.9223670 0.4522100
vt 0.9238980 0.4522100
vt 0.9268040 0.4731630
vt 0.9038660 0.4731630
vt 0.9223670 0.4522100
vt 0.8638030 0.4731630
vt 0.8630870 0.4755560
vt 0.8693170 0.4522100
vt 0.8708470 0.4522100
vt 0.8630870 0.4755560
vt 0.8627910 0.4755560
vt 0.8685480 0.4564330
vt 0.8693170 0.4522100
vt 0.8627910 0.4755560
vt 0.8626820 0.4755560
vt 0.8681330 0.4564330
vt 0.8685480 0.4564330
vt 0.8626820 0.4755560
vt 0.8627910 0.4755560
vt 0.8685480 0.4564330
vt 0.8681330 0.4564330
vt 0.8627910 0.4755560
vt 0.8630870 0.4755560
vt 0.8693170 0.4522100
vt 0.8685480 0.4564330
vt 0.8693170 0.4522100
vt 0.8708470 0.4522100
vt 0.8787170 0.4318830
vt 0.8791990 0.4344170
vt 0.8708470 0.4522100
vt 0.9223670 0.4522100
vt 0.9160520 0.4318830
vt 0.8787170 0.4318830
vt 0.9223670 0.4522100
vt 0.9238980 0.4522100
vt 0.9175880 0.4318830
vt 0.9160520 0.4318830
vt 0.9238980 0.4522100
vt 0.9250230 0.4522100
vt 0.9187080 0.4318830
vt 0.9175880 0.4318830
vt 0.9250230 0.4522100
vt 0.9254330 0.4522100
vt 0.9191180 0.4318830
vt 0.9187080 0.4318830
vt 0.9254330 0.4522100
vt 0.9250230 0.4522100
vt 0.9187080 0.4318830
vt 0.9191180 0.4318830
vt 0.9250230 0.4522100
vt 0.9238980 0.4522100
vt 0.9175880 0.4318830
vt 0.9187080 0.4318830
vt 0.9238980 0.4522100
vt 0.9223670 0.4522100
vt 0.9160520 0.4318830
vt 0.9175880 0.4318830
vt 0.9223670 0.4522100
vt 0.8708470 0.4522100
vt 0.8787170 0.4318830
vt 0.9160520 0.4318830
vt 0.8708470 0.4522100
vt 0.8693170 0.4522100
vt 0.8791990 0.4344170
vt 0.8787170 0.4318830
vt 0.8693170 0.4522100
vt 0.8685480 0.4564330
vt 0.8789290 0.4344170
vt 0.8791990 0.4344170
vt 0.8685480 0.4564330
vt 0.8681330 0.4564330
vt 0.8788300 0.4344170
vt 0.8789290 0.4344170
vt 0.8681330 0.4564330
vt 0.8685480 0.4564330
vt 0.8789290 0.4344170
vt 0.8788300 0.4344170
vt 0.8685480 0.4564330
vt 0.8693170 0.4522100
vt 0.8791990 0.4344170
vt 0.8789290 0.4344170
vt 0.8791990 0.4344170
vt 0.8787170 0.4318830
vt 0.8832120 0.4246950
vt 0.8840560 0.4251170
vt 0.8787170 0.4318830
vt 0.9160520 0.4318830
vt 0.9127640 0.4246950
vt 0.8832120 0.4246950
vt 0.9160520 0.4318830
vt 0.9175880 0.4318830
vt 0.9143000 0.4246950
vt 0.9127640 0.4246950
vt 0.9175880 0.4318830
vt 0.9187080 0.4318830
vt 0.9154200 0.4246950
vt 0.9143000 0.4246950
vt 0.9187080 0.4318830
vt 0.9191180 0.4318830
vt 0.9158300 0.4246950
vt 0.9154200 0.4246950
vt 0.9191180 0.4318830
vt 0.9187080 0.4318830
vt 0.9154200 0.4246950
vt 0.9158300 0.4246950
vt 0.9187080 0.4318830
vt 0.9175880 0.4318830
vt 0.9143000 0.4246950
vt 0.9154200 0.4246950
vt 0.9175880 0.4318830
vt 0.9160520 0.4318830
vt 0.9127640 0.4246950
vt 0.9143000 0.4246950
vt 0.9160520 0.4318830
vt 0.8787170 0.4318830
vt 0.8832120 0.4246950
vt 0.9127640 0.4246950
vt 0.8787170 0.4318830
vt 0.8791990 0.4344170
vt 0.8840560 0.4251170
vt 0.8832120 0.4246950
vt 0.8791990 0.4344170
vt 0.8789290 0.4344170
vt 0.8828580 0.4251170
vt 0.8840560 0.4251170
vt 0.8789290 0.4344170
vt 0.8788300 0.4344170
vt 0.8824200 0.4251170
vt 0.8828580 0.4251170
vt 0.8788300 0.4344170
vt 0.8789290 0.4344170
vt 0.8828580 0.4251170
vt 0.8824200 0.4251170
vt 0.8789290 0.4344170
vt 0.8791990 0.4344170
vt 0.8840560 0.4251170
vt 0.8828580 0.4251170
vt 0.8840560 0.4251170
vt 0.8832120 0.4246950
vt 0.8904440 0.4145320
vt 0.8889090 0.4145320
vt 0.8832120 0.4246950
vt 0.9127640 0.4246950
vt 0.9068600 0.4145320
vt 0.8904440 0.4145320
vt 0.9127640 0.4246950
vt 0.9143000 0.4246950
vt 0.9083900 0.4145320
vt 0.9068600 0.4145320
vt 0.9143000 0.4246950
vt 0.9154200 0.4246950
vt 0.9095150 0.4145320
vt 0.9083900 0.4145320
vt 0.9154200 0.4246950
vt 0.9158300 0.4246950
vt 0.9099250 0.4145320
vt 0.9095150 0.4145320
vt 0.9158300 0.4246950
vt 0.9154200 0.4246950
vt 0.9095150 0.4145320
vt 0.9099250 0.4145320
vt 0.9154200 0.4246950
vt 0.9143000 0.4246950
vt 0.9083900 0.4145320
vt 0.9095150 0.4145320
vt 0.9143000 0.4246950
vt 0.9127640 0.4246950
vt 0.9068600 0.4145320
vt 0.9083900 0.4145320
vt 0.9127640 0.4246950
vt 0.8832120 0.4246950
vt 0.8904440 0.4145320
vt 0.9068600 0.4145320
vt 0.8832120 0.4246950
vt 0.8840560 0.4251170
vt 0.8889090 0.4145320
vt 0.8904440 0.4145320
vt 0.8840560 0.4251170
vt 0.8828580 0.4251170
vt 0.8877890 0.4145320
vt 0.8889090 0.4145320
vt 0.8828580 0.4251170
vt 0.8824200 0.4251170
vt 0.8873780 0.4145320
vt 0.8877890 0.4145320
vt 0.8824200 0.4251170
vt 0.8828580 0.4251170
vt 0.8877890 0.4145320
vt 0.8873780 0.4145320
vt 0.8828580 0.4251170
vt 0.8840560 0.4251170
vt 0.8889090 0.4145320
vt 0.8877890 0.4145320
vt 0.8889090 0.4145320
vt 0.8904440 0.4145320
vt 0.8968410 0.4135280
vt 0.8959140 0.4115050
vt 0.8904440 0.4145320
vt 0.9068600 0.4145320
vt 0.8996800 0.4135350
vt 0.8968410 0.4135280
vt 0.9068600 0.4145320
vt 0.9083900 0.4145320
vt 0.9005780 0.4114730
vt 0.8996800 0.4135350
vt 0.9083900 0.4145320
vt 0.9095150 0.4145320
vt 0.9012300 0.4099630
vt 0.9005780 0.4114730
vt 0.9095150 0.4145320
vt 0.9099250 0.4145320
vt 0.9014710 0.4094100
vt 0.9012300 0.4099630
vt 0.9099250 0.4145320
vt 0.9095150 0.4145320
vt 0.9012300 0.4099630
vt 0.9014710 0.4094100
vt 0.9095150 0.4145320
vt 0.9083900 0.4145320
vt 0.9005780 0.4114730
vt 0.9012300 0.4099630
vt 0.9083900 0.4145320
vt 0.9068600 0.4145320
vt 0.8996800 0.4135350
vt 0.9005780 0.4114730
vt 0.9068600 0.4145320
vt 0.8904440 0.4145320
vt 0.8968410 0.4135280
vt 0.8996800 0.4135350
vt 0.8904440 0.4145320
vt 0.8889090 0.4145320
vt 0.8959140 0.4115050
vt 0.8968410 0.4135280
vt 0.8889090 0.4145320
vt 0.8877890 0.4145320
vt 0.8952380 0.4100230
vt 0.8959140 0.4115050
vt 0.8877890 0.4145320
vt 0.8873780 0.4145320
vt 0.8949870 0.4094810
vt 0.8952380 0.4100230
vt 0.8873780 0.4145320
vt 0.8877890 0.4145320
vt 0.8952380 0.4100230
vt 0.8949870 0.4094810
vt 0.8877890 0.4145320
vt 0.8889090 0.4145320
vt 0.8959140 0.4115050
vt 0.8952380 0.4100230
vt 0.8959140 0.4115050
vt 0.8968410 0.4135280
vt 0.8996800 0.4135350
vt 0.9005780 0.4114730
vt 0.9012300 0.4099630
vt 0.9014710 0.4094100
vt 0.8949870 0.4094810
vt 0.8952380 0.4100230
vt 0.9014710 0.4094100
vt 0.9012300 0.4099630
vt 0.8952380 0.4100230
vt 0.8949870 0.4094810
vt 0.9012300 0.4099630
vt 0.9005780 0.4114730
vt 0.8959140 0.4115050
vt 0.8952380 0.4100230
vt 0.9005780 0.4114730
vt 0.8996800 0.4135350
vt 0.8968410 0.4135280
vt 0.8959140 0.4115050
vt 0.8181100 0.7798080
vt 0.8165750 0.7798080
vt 0.8154550 0.7798080
vt 0.8150440 0.7798080
vt 0.8154550 0.7798080
vt 0.8165750 0.7798080
vt 0.8181100 0.7798080
vt 0.8978210 0.7707080
vt 0.8993520 0.7707080
vt 0.9004770 0.7707080
vt 0.9008870 0.7707080
vt 0.9004770 0.7707080
vt 0.8993520 0.7707080
vt 0.8978210 0.7707080
vt 0.8121840 0.6535610
vt 0.8232280 0.6367320
vt 0.8227870 0.6367320
vt 0.8114620 0.6535610
vt 0.8114620 0.6535610
vt 0.8227870 0.6367320
vt 0.8232280 0.6367320
vt 0.8121840 0.6535610
vt 0.8109310 0.6535610
vt 0.8224620 0.6367320
vt 0.8227870 0.6367320
vt 0.8114620 0.6535610
vt 0.8107370 0.6535610
vt 0.8223440 0.6367320
vt 0.8224620 0.6367320
vt 0.8109310 0.6535610
vt 0.8109310 0.6535610
vt 0.8224620 0.6367320
vt 0.8223440 0.6367320
vt 0.8107370 0.6535610
vt 0.8114620 0.6535610
vt 0.8227870 0.6367320
vt 0.8224620 0.6367320
vt 0.8109310 0.6535610
vt 0.9038660 0.7737100
vt 0.8181100 0.7737100
vt 0.8181100 0.7615130
vt 0.9038660 0.7615130
vt 0.9038660 0.7615130
vt 0.8181100 0.7615130
vt 0.8181100 0.7432190
vt 0.9038660 0.7432190
vt 0.9038660 0.7432190
vt 0.8181100 0.7432190
vt 0.8181100 0.7249240
vt 0.9038660 0.7249240
vt 0.9038660 0.7249240
vt 0.8181100 0.7249240
vt 0.8181100 0.7005310
vt 0.9038660 0.7005310
vt 0.9038660 0.7005310
vt 0.8181100 0.7005310
vt 0.7723180 0.6716220
vt 0.9038660 0.6674340
vt 0.9038660 0.6674340
vt 0.7723180 0.6716220
vt 0.8121840 0.6535610
vt 0.8232280 0.6367320
vt 0.9038660 0.6367320
vt 0.9038660 0.6367320
vt 0.8232280 0.6367320
vt 0.8332940 0.5957610
vt 0.9038660 0.5957610
vt 0.9038660 0.5957610
vt 0.8332940 0.5957610
vt 0.8434770 0.5547900
vt 0.9038660 0.5547900
vt 0.9038660 0.5547900
vt 0.8434770 0.5547900
vt 0.8528580 0.5138180
vt 0.9038660 0.5138180
vt 0.9038660 0.5138180
vt 0.8528580 0.5138180
vt 0.8638030 0.4731630
vt 0.9038660 0.4731630
vt 0.9038660 0.4731630
vt 0.9268040 0.4731630
vt 0.9223670 0.4522100
vt 0.9038660 0.4731630
vt 0.9223670 0.4522100
vt 0.8708470 0.4522100
vt 0.9038660 0.4731630
vt 0.8638030 0.4731630
vt 0.8708470 0.4522100
vt 0.9038660 0.4731630
vt 0.8708470 0.4522100
vt 0.9223670 0.4522100
vt 0.9038660 0.7737100
vt 0.9038660 0.7737100
vt 0.9038660 0.7615130
vt 0.9038660 0.7615130
vt 0.9038660 0.7737100
vt 0.9038660 0.7785660
vt 0.9038660 0.7737100
vt 0.9038660 0.7737100
vt 0.9038660 0.7772880
vt 0.9038660 0.7779270
vt 0.9038660 0.7779270
vt 0.9038660 0.7772880
vt 0.9038660 0.7737100
vt 0.9038660 0.7783950
vt 0.9038660 0.7779270
vt 0.9038660 0.7737100
vt 0.9038660 0.7737100
vt 0.9038660 0.7779270
vt 0.9038660 0.7783950
vt 0.9038660 0.7785660
vt 0.9038660 0.7783950
vt 0.9038660 0.7737100
vt 0.9038660 0.7737100
vt 0.9038660 0.7783950
vt 0.9038660 0.7785660
vt 0.9038660 0.7615130
vt 0.9038660 0.7432190
vt 0.9038660 0.7432190
vt 0.9038660 0.7615130
vt 0.9038660 0.7432190
vt 0.9038660 0.7249240
vt 0.9038660 0.7249240
vt 0.9038660 0.7432190
vt 0.9038660 0.7249240
vt 0.9038660 0.7005310
vt 0.9038660 0.7005310
vt 0.9038660 0.7249240
vt 0.9038660 0.7005310
vt 0.9038660 0.6674340
vt 0.9038660 0.6674340
vt 0.9038660 0.7005310
vt 0.9038660 0.6674340
vt 0.9038660 0.6367320
vt 0.9038660 0.6367320
vt 0.9038660 0.6674340
vt 0.9038660 0.6367320
vt 0.9038660 0.5957610
vt 0.9038660 0.5957610
vt 0.9038660 0.6367320
vt 0.9038660 0.5957610
vt 0.9038660 0.5547900
vt 0.9038660 0.5547900
vt 0.9038660 0.5957610
vt 0.9038660 0.5547900
vt 0.9038660 0.5138180
vt 0.9038660 0.5138180
vt 0.9038660 0.5547900
vt 0.9038660 0.5138180
vt 0.9038660 0.4731630
vt 0.9038660 0.4731630
vt 0.9038660 0.5138180
vt 0.9038660 0.4731630
vt 0.9268040 0.4731630
vt 0.9268040 0.4731630
vt 0.9038660 0.4731630
vt 0.9268040 0.4731630
vt 0.9283350 0.4731630
vt 0.9283350 0.4731630
vt 0.9268040 0.4731630
vt 0.9283350 0.4731630
vt 0.9294550 0.4731630
vt 0.9294550 0.4731630
vt 0.9283350 0.4731630
vt 0.9294550 0.4731630
vt 0.9298700 0.4731630
vt 0.9294550 0.4731630
usemtl tex_mat1
f 2091/8505 2092/8506 2093/8507 2094/8508
f 2095/8509 2096/8510 2097/8511 2098/8512
f 2096/8513 2099/8514 2100/8515 2101/8516 2097/8517
f 2099/8518 2102/8519 2103/8520 2100/8521
f 2102/8522 2104/8523 2105/8524 2103/8525
f 2104/8526 2106/8527 2107/8528 2105/8529
f 2106/8530 2108/8531 2109/8532 2107/8533
f 2108/8534 2110/8535 2111/8536 2109/8537
f 2110/8538 2112/8539 2113/8540 2111/8541
f 2112/8542 2114/8543 2115/8544 2116/8545 2113/8546
f 2114/8547 2117/8548 2118/8549 2115/8550
f 2117/8551 2119/8552 2120/8553 2118/8554
f 2119/8555 2121/8556 2122/8557 2120/8558
f 2121/8559 2123/8560 2124/8561 2122/8562
f 2123/8563 2095/8564 2098/8565 2124/8566
f 2098/8567 2097/8568 2125/8569 2126/8570
f 2097/8571 2101/8572 2127/8573 2125/8574
f 2115/8575 2118/8576 2128/8577 2129/8578
f 2118/8579 2120/8580 2130/8581 2128/8582
f 2120/8583 2122/8584 2131/8585 2130/8586
f 2122/8587 2124/8588 2132/8589 2131/8590
f 2124/8591 2098/8592 2126/8593 2132/8594
f 2126/8595 2125/8596 2133/8597 2134/8598
f 2125/8599 2127/8600 2135/8601 2133/8602
f 2129/8603 2128/8604 2136/8605 2137/8606
f 2128/8607 2130/8608 2138/8609 2136/8610
f 2130/8611 2131/8612 2139/8613 2138/8614
f 2131/8615 2132/8616 2140/8617 2139/8618
f 2132/8619 2126/8620 2134/8621 2140/8622
f 2134/8623 2133/8624 2141/8625 2142/8626
f 2133/8627 2135/8628 2143/8629 2141/8630
f 2137/8631 2136/8632 2144/8633 2145/8634
f 2136/8635 2138/8636 2146/8637 2144/8638
f 2138/8639 2139/8640 2147/8641 2146/8642
f 2139/8643 2140/8644 2148/8645 2147/8646
f 2140/8647 2134/8648 2142/8649 2148/8650
f 2142/8651 2141/8652 2149/8653 2150/8654
f 2141/8655 2143/8656 2151/8657 2149/8658
f 2145/8659 2144/8660 2152/8661 2153/8662
f 2144/8663 2146/8664 2154/8665 2152/8666
f 2146/8667 2147/8668 2155/8669 2154/8670
f 2147/8671 2148/8672 2156/8673 2155/8674
f 2148/8675 2142/8676 2150/8677 2156/8678
f 2150/8679 2149/8680 2157/8681 2158/8682
f 2149/8683 2151/8684 2159/8685 2157/8686
f 2153/8687 2152/8688 2160/8689 2161/8690
f 2152/8691 2154/8692 2162/8693 2160/8694
f 2154/8695 2155/8696 2163/8697 2162/8698
f 2155/8699 2156/8700 2164/8701 2163/8702
f 2156/8703 2150/8704 2158/8705 2164/8706
f 2158/8707 2157/8708 2165/8709 2166/8710
f 2157/8711 2159/8712 2167/8713 2168/8714 2165/8715
f 2161/8716 2160/8717 2169/8718 2170/8719
f 2160/8720 2162/8721 2171/8722 2169/8723
f 2162/8724 2163/8725 2172/8726 2171/8727
f 2163/8728 2164/8729 2173/8730 2172/8731
f 2164/8732 2158/8733 2166/8734 2173/8735
f 2174/8736 2168/8737 2175/8738 2176/8739
f 2168/8740 2167/8741 2177/8742 2175/8743
f 2178/8744 2179/8745 2180/8746 2181/8747
f 2179/8748 2182/8749 2183/8750 2180/8751
f 2182/8752 2184/8753 2185/8754 2183/8755
f 2184/8756 2186/8757 2187/8758 2185/8759
f 2186/8760 2174/8761 2176/8762 2187/8763
f 2176/8764 2175/8765 2188/8766 2189/8767
f 2175/8768 2177/8769 2190/8770 2188/8771
f 2181/8772 2180/8773 2191/8774 2192/8775
f 2180/8776 2183/8777 2193/8778 2191/8779
f 2183/8780 2185/8781 2194/8782 2193/8783
f 2185/8784 2187/8785 2195/8786 2194/8787
f 2187/8788 2176/8789 2189/8790 2195/8791
f 2189/8792 2188/8793 2196/8794 2197/8795
f 2188/8796 2190/8797 2198/8798 2196/8799
f 2192/8800 2191/8801 2199/8802 2200/8803
f 2191/8804 2193/8805 2201/8806 2199/8807
f 2193/8808 2194/8809 2202/8810 2201/8811
f 2194/8812 2195/8813 2203/8814 2202/8815
f 2195/8816 2189/8817 2197/8818 2203/8819
f 2197/8820 2196/8821 2204/8822 2205/8823
f 2196/8824 2198/8825 2206/8826 2204/8827
f 2200/8828 2199/8829 2207/8830 2208/8831
f 2199/8832 2201/8833 2209/8834 2207/8835
f 2201/8836 2202/8837 2210/8838 2209/8839
f 2202/8840 2203/8841 2211/8842 2210/8843
f 2203/8844 2197/8845 2205/8846 2211/8847
f 2205/8848 2204/8849 2212/8850 2213/8851
f 2204/8852 2206/8853 2212/8854
f 2214/8855 2215/8856 2216/8857 2217/8858
f 2215/8859 2218/8860 2219/8861 2216/8862
f 2218/8863 2220/8864 2221/8865 2219/8866
f 2220/8867 2222/8868 2223/8869 2221/8870
f 2222/8871 2224/8872 2225/8873 2223/8874
f 2224/8875 2226/8876 2227/8877 2225/8878
f 2226/8879 2228/8880 2227/8881
f 2208/8882 2207/8883 2229/8884 2230/8885
f 2207/8886 2209/8887 2231/8888 2229/8889
f 2209/8890 2210/8891 2232/8892 2231/8893
f 2210/8894 2211/8895 2233/8896 2232/8897
f 2211/8898 2205/8899 2213/8900 2233/8901
f 2213/8902 2212/8903 2234/8904 2235/8905
f 2212/8906 2217/8907 2236/8908 2234/8909
f 2217/8910 2216/8911 2237/8912 2236/8913
f 2216/8914 2219/8915 2238/8916 2237/8917
f 2219/8918 2221/8919 2239/8920 2238/8921
f 2221/8922 2223/8923 2240/8924 2239/8925
f 2223/8926 2225/8927 2241/8928 2240/8929
f 2225/8930 2227/8931 2242/8932 2241/8933
f 2227/8934 2230/8935 2243/8936 2242/8937
f 2230/8938 2229/8939 2244/8940 2243/8941
f 2229/8942 2231/8943 2245/8944 2244/8945
f 2231/8946 2232/8947 2246/8948 2245/8949
f 2232/8950 2233/8951 2247/8952 2246/8953
f 2233/8954 2213/8955 2235/8956 2247/8957
f 2235/8958 2234/8959 2248/8960 2249/8961
f 2234/8962 2236/8963 2250/8964 2248/8965
f 2236/8966 2237/8967 2251/8968 2250/8969
f 2237/8970 2238/8971 2252/8972 2251/8973
f 2238/8974 2239/8975 2253/8976 2252/8977
f 2239/8978 2240/8979 2254/8980 2253/8981
f 2240/8982 2241/8983 2255/8984 2254/8985
f 2241/8986 2242/8987 2256/8988 2255/8989
f 2242/8990 2243/8991 2257/8992 2256/8993
f 2243/8994 2244/8995 2258/8996 2257/8997
f 2244/8998 2245/8999 2259/9000 2258/9001
f 2245/9002 2246/9003 2260/9004 2259/9005
f 2246/9006 2247/9007 2261/9008 2260/9009
f 2247/9010 2235/9011 2249/9012 2261/9013
f 2249/9014 2248/9015 2262/9016 2263/9017
f 2248/9018 2250/9019 2264/9020 2262/9021
f 2250/9022 2251/9023 2265/9024 2264/9025
f 2251/9026 2252/9027 2266/9028 2265/9029
f 2252/9030 2253/9031 2267/9032 2266/9033
f 2253/9034 2254/9035 2268/9036 2267/9037
f 2254/9038 2255/9039 2269/9040 2268/9041
f 2255/9042 2256/9043 2270/9044 2269/9045
f 2256/9046 2257/9047 2271/9048 2270/9049
f 2257/9050 2258/9051 2272/9052 2271/9053
f 2258/9054 2259/9055 2273/9056 2272/9057
f 2259/9058 2260/9059 2274/9060 2273/9061
f 2260/9062 2261/9063 2275/9064 2274/9065
f 2261/9066 2249/9067 2263/9068 2275/9069
f 2263/9070 2262/9071 2276/9072 2091/9073
f 2262/9074 2264/9075 2277/9076 2276/9077
f 2264/9078 2265/9079 2092/9080 2277/9081
f 2265/9082 2266/9083 2093/9084 2092/9085
f 2266/9086 2267/9087 2278/9088 2093/9089
f 2267/9090 2268/9091 2279/9092 2278/9093
f 2268/9094 2269/9095 2280/9096 2279/9097
f 2269/9098 2270/9099 2281/9100 2280/9101
f 2270/9102 2271/9103 2282/9104 2281/9105
f 2271/9106 2272/9107 2283/9108 2282/9109
f 2272/9110 2273/9111 2284/9112 2283/9113
f 2273/9114 2274/9115 2285/9116 2284/9117
f 2274/9118 2275/9119 2094/9120 2285/9121
f 2275/9122 2263/9123 2091/9124 2094/9125
f 2091/9126 2276/9127 2277/9128 2092/9129
f 2093/9130 2278/9131 2285/9132 2094/9133
f 2278/9134 2279/9135 2284/9136 2285/9137
f 2279/9138 2280/9139 2283/9140 2284/9141
f 2280/9142 2281/9143 2282/9144 2283/9145
f 2096/9146 2095/9147 2123/9148 2121/9149 2119/9150 2117/9151 2114/9152 2112/9153 2110/9154 2108/9155 2106/9156 2104/9157 2102/9158 2099/9159
f 2165/9160 2168/9161 2174/9162 2166/9163
f 2169/9164 2179/9165 2178/9166 2170/9167
f 2171/9168 2182/9169 2179/9170 2169/9171
f 2172/9172 2184/9173 2182/9174 2171/9175
f 2173/9176 2186/9177 2184/9178 2172/9179
f 2166/9180 2174/9181 2186/9182 2173/9183
f 2116/9184 2115/9185 2129/9186 2286/9187
f 2286/9188 2129/9189 2137/9190 2287/9191
f 2287/9192 2137/9193 2145/9194 2288/9195
f 2288/9196 2145/9197 2153/9198 2289/9199
f 2289/9200 2153/9201 2161/9202 2290/9203
f 2290/9204 2161/9205 2170/9206 2178/9207 2291/9208
f 2291/9209 2178/9210 2181/9211 2292/9212
f 2292/9213 2181/9214 2192/9215 2293/9216
f 2293/9217 2192/9218 2200/9219 2294/9220
f 2294/9221 2200/9222 2208/9223 2228/9224
f 2206/9225 2214/9226 2217/9227
f 2206/9228 2217/9229 2212/9230
f 2228/9231 2208/9232 2230/9233
f 2228/9234 2230/9235 2227/9236
f 2101/9237 2116/9238 2286/9239 2127/9240
f 2101/9241 2107/9242 2116/9243
f 2101/9244 2100/9245 2103/9246
f 2111/9247 2113/9248 2116/9249
f 2109/9250 2111/9251 2116/9252
f 2101/9253 2103/9254 2105/9255
f 2107/9256 2109/9257 2116/9258
f 2101/9259 2105/9260 2107/9261
f 2286/9262 2287/9263 2135/9264 2127/9265
f 2287/9266 2288/9267 2143/9268 2135/9269
f 2288/9270 2289/9271 2151/9272 2143/9273
f 2289/9274 2290/9275 2159/9276 2151/9277
f 2290/9278 2291/9279 2167/9280 2159/9281
f 2291/9282 2292/9283 2177/9284 2167/9285
f 2292/9286 2293/9287 2190/9288 2177/9289
f 2293/9290 2294/9291 2198/9292 2190/9293
f 2294/9294 2228/9295 2206/9296 2198/9297
f 2228/9298 2226/9299 2214/9300 2206/9301
f 2226/9302 2224/9303 2215/9304 2214/9305
f 2224/9306 2222/9307 2218/9308 2215/9309
f 2222/9310 2220/9311 2218/9312
